timestamp,Clear Invoice,Create Purchase Order Item,Record Goods Receipt,Record Invoice Receipt,Vendor creates invoice,total_events
2018-01-02 03:00:00+00:00,0,4,0,0,0,4
2018-01-02 03:30:00+00:00,0,0,0,0,0,0
2018-01-02 04:00:00+00:00,0,0,0,0,0,0
2018-01-02 04:30:00+00:00,0,0,0,0,0,0
2018-01-02 05:00:00+00:00,0,0,0,0,0,0
2018-01-02 05:30:00+00:00,0,0,0,0,0,0
2018-01-02 06:00:00+00:00,0,4,0,0,0,4
2018-01-02 06:30:00+00:00,0,16,0,0,0,16
2018-01-02 07:00:00+00:00,0,14,0,0,0,14
2018-01-02 07:30:00+00:00,0,5,0,0,0,5
2018-01-02 08:00:00+00:00,0,5,0,0,0,5
2018-01-02 08:30:00+00:00,0,35,0,0,0,35
2018-01-02 09:00:00+00:00,0,15,0,0,0,15
2018-01-02 09:30:00+00:00,0,7,0,0,0,7
2018-01-02 10:00:00+00:00,0,18,0,0,0,18
2018-01-02 10:30:00+00:00,0,16,0,0,0,16
2018-01-02 11:00:00+00:00,0,19,0,0,0,19
2018-01-02 11:30:00+00:00,0,9,0,0,0,9
2018-01-02 12:00:00+00:00,0,22,0,0,0,22
2018-01-02 12:30:00+00:00,0,1,0,0,0,1
2018-01-02 13:00:00+00:00,0,8,0,0,0,8
2018-01-02 13:30:00+00:00,0,22,0,0,0,22
2018-01-02 14:00:00+00:00,0,5,0,0,0,5
2018-01-02 14:30:00+00:00,0,10,0,0,0,10
2018-01-02 15:00:00+00:00,0,1,0,0,0,1
2018-01-02 15:30:00+00:00,0,6,0,0,0,6
2018-01-02 16:00:00+00:00,0,10,0,0,0,10
2018-01-02 16:30:00+00:00,0,0,0,0,0,0
2018-01-02 17:00:00+00:00,0,0,0,0,0,0
2018-01-02 17:30:00+00:00,0,0,0,0,0,0
2018-01-02 18:00:00+00:00,0,0,0,0,0,0
2018-01-02 18:30:00+00:00,0,0,0,0,0,0
2018-01-02 19:00:00+00:00,0,0,0,0,0,0
2018-01-02 19:30:00+00:00,0,0,0,0,0,0
2018-01-02 20:00:00+00:00,0,0,0,0,0,0
2018-01-02 20:30:00+00:00,0,0,0,0,0,0
2018-01-02 21:00:00+00:00,0,0,0,0,0,0
2018-01-02 21:30:00+00:00,0,0,0,0,0,0
2018-01-02 22:00:00+00:00,0,0,0,0,0,0
2018-01-02 22:30:00+00:00,0,0,0,0,5,5
2018-01-02 23:00:00+00:00,0,0,0,0,0,0
2018-01-02 23:30:00+00:00,0,0,0,0,0,0
2018-01-03 00:00:00+00:00,0,0,0,0,0,0
2018-01-03 00:30:00+00:00,0,0,0,0,0,0
2018-01-03 01:00:00+00:00,0,0,0,0,0,0
2018-01-03 01:30:00+00:00,0,0,0,0,0,0
2018-01-03 02:00:00+00:00,0,0,0,0,0,0
2018-01-03 02:30:00+00:00,0,0,0,0,0,0
2018-01-03 03:00:00+00:00,0,8,0,0,0,8
2018-01-03 03:30:00+00:00,0,0,0,0,0,0
2018-01-03 04:00:00+00:00,0,0,0,0,0,0
2018-01-03 04:30:00+00:00,0,0,0,0,0,0
2018-01-03 05:00:00+00:00,0,0,0,0,0,0
2018-01-03 05:30:00+00:00,0,0,0,0,0,0
2018-01-03 06:00:00+00:00,0,0,0,0,0,0
2018-01-03 06:30:00+00:00,0,3,1,0,0,4
2018-01-03 07:00:00+00:00,0,48,1,0,0,49
2018-01-03 07:30:00+00:00,0,16,0,0,0,16
2018-01-03 08:00:00+00:00,0,6,0,0,0,6
2018-01-03 08:30:00+00:00,0,13,0,0,0,13
2018-01-03 09:00:00+00:00,0,16,0,0,0,16
2018-01-03 09:30:00+00:00,0,33,0,0,0,33
2018-01-03 10:00:00+00:00,0,27,0,0,0,27
2018-01-03 10:30:00+00:00,0,32,0,0,0,32
2018-01-03 11:00:00+00:00,0,12,0,0,0,12
2018-01-03 11:30:00+00:00,0,0,0,0,0,0
2018-01-03 12:00:00+00:00,0,0,0,0,0,0
2018-01-03 12:30:00+00:00,0,20,0,0,0,20
2018-01-03 13:00:00+00:00,0,11,0,0,0,11
2018-01-03 13:30:00+00:00,0,3,0,0,0,3
2018-01-03 14:00:00+00:00,0,16,0,0,0,16
2018-01-03 14:30:00+00:00,0,1,0,0,0,1
2018-01-03 15:00:00+00:00,0,7,0,0,0,7
2018-01-03 15:30:00+00:00,0,5,0,0,0,5
2018-01-03 16:00:00+00:00,0,10,0,0,0,10
2018-01-03 16:30:00+00:00,0,20,6,0,0,26
2018-01-03 17:00:00+00:00,0,0,0,0,0,0
2018-01-03 17:30:00+00:00,0,0,0,0,0,0
2018-01-03 18:00:00+00:00,0,0,0,0,0,0
2018-01-03 18:30:00+00:00,0,0,0,0,0,0
2018-01-03 19:00:00+00:00,0,2,0,0,0,2
2018-01-03 19:30:00+00:00,0,0,0,0,0,0
2018-01-03 20:00:00+00:00,0,0,0,0,0,0
2018-01-03 20:30:00+00:00,0,0,0,0,0,0
2018-01-03 21:00:00+00:00,0,0,0,0,0,0
2018-01-03 21:30:00+00:00,0,0,0,0,0,0
2018-01-03 22:00:00+00:00,0,0,0,0,0,0
2018-01-03 22:30:00+00:00,0,0,0,0,31,31
2018-01-03 23:00:00+00:00,0,0,0,0,0,0
2018-01-03 23:30:00+00:00,0,0,0,0,0,0
2018-01-04 00:00:00+00:00,0,0,0,0,0,0
2018-01-04 00:30:00+00:00,0,0,0,0,0,0
2018-01-04 01:00:00+00:00,0,0,0,0,0,0
2018-01-04 01:30:00+00:00,0,0,0,0,0,0
2018-01-04 02:00:00+00:00,0,0,0,0,0,0
2018-01-04 02:30:00+00:00,0,0,0,0,0,0
2018-01-04 03:00:00+00:00,0,0,0,0,0,0
2018-01-04 03:30:00+00:00,0,11,0,0,0,11
2018-01-04 04:00:00+00:00,0,0,0,0,0,0
2018-01-04 04:30:00+00:00,0,0,0,0,0,0
2018-01-04 05:00:00+00:00,0,0,0,0,0,0
2018-01-04 05:30:00+00:00,0,7,1,0,0,8
2018-01-04 06:00:00+00:00,0,0,0,0,0,0
2018-01-04 06:30:00+00:00,0,2,0,0,0,2
2018-01-04 07:00:00+00:00,0,27,0,0,0,27
2018-01-04 07:30:00+00:00,0,85,0,0,0,85
2018-01-04 08:00:00+00:00,0,15,0,0,0,15
2018-01-04 08:30:00+00:00,0,11,0,0,0,11
2018-01-04 09:00:00+00:00,0,10,0,0,0,10
2018-01-04 09:30:00+00:00,0,21,0,0,0,21
2018-01-04 10:00:00+00:00,0,2,0,3,0,5
2018-01-04 10:30:00+00:00,0,34,0,0,0,34
2018-01-04 11:00:00+00:00,0,6,1,0,0,7
2018-01-04 11:30:00+00:00,0,14,0,0,0,14
2018-01-04 12:00:00+00:00,0,16,0,0,0,16
2018-01-04 12:30:00+00:00,0,21,0,3,0,24
2018-01-04 13:00:00+00:00,0,12,0,0,0,12
2018-01-04 13:30:00+00:00,0,62,0,0,0,62
2018-01-04 14:00:00+00:00,0,9,7,0,0,16
2018-01-04 14:30:00+00:00,0,29,0,0,0,29
2018-01-04 15:00:00+00:00,0,27,0,0,0,27
2018-01-04 15:30:00+00:00,0,6,13,0,0,19
2018-01-04 16:00:00+00:00,0,10,0,0,0,10
2018-01-04 16:30:00+00:00,0,12,12,0,0,24
2018-01-04 17:00:00+00:00,0,0,0,0,0,0
2018-01-04 17:30:00+00:00,0,6,0,0,0,6
2018-01-04 18:00:00+00:00,0,0,0,0,0,0
2018-01-04 18:30:00+00:00,0,0,0,0,0,0
2018-01-04 19:00:00+00:00,0,0,0,0,0,0
2018-01-04 19:30:00+00:00,0,0,0,0,0,0
2018-01-04 20:00:00+00:00,0,0,0,0,0,0
2018-01-04 20:30:00+00:00,0,0,0,0,0,0
2018-01-04 21:00:00+00:00,0,0,0,0,0,0
2018-01-04 21:30:00+00:00,0,0,0,0,0,0
2018-01-04 22:00:00+00:00,0,0,0,0,0,0
2018-01-04 22:30:00+00:00,0,0,0,0,86,86
2018-01-04 23:00:00+00:00,0,0,0,0,0,0
2018-01-04 23:30:00+00:00,0,0,0,0,0,0
2018-01-05 00:00:00+00:00,0,0,0,0,0,0
2018-01-05 00:30:00+00:00,0,0,0,0,0,0
2018-01-05 01:00:00+00:00,0,0,0,0,0,0
2018-01-05 01:30:00+00:00,0,0,0,0,0,0
2018-01-05 02:00:00+00:00,0,0,0,0,0,0
2018-01-05 02:30:00+00:00,0,0,0,0,0,0
2018-01-05 03:00:00+00:00,0,6,0,0,0,6
2018-01-05 03:30:00+00:00,0,0,0,0,0,0
2018-01-05 04:00:00+00:00,0,0,0,0,0,0
2018-01-05 04:30:00+00:00,0,0,0,0,0,0
2018-01-05 05:00:00+00:00,0,0,0,0,0,0
2018-01-05 05:30:00+00:00,0,0,0,0,0,0
2018-01-05 06:00:00+00:00,0,27,0,0,0,27
2018-01-05 06:30:00+00:00,0,11,0,0,0,11
2018-01-05 07:00:00+00:00,0,0,0,0,0,0
2018-01-05 07:30:00+00:00,0,30,0,0,0,30
2018-01-05 08:00:00+00:00,0,11,2,0,0,13
2018-01-05 08:30:00+00:00,0,33,0,0,0,33
2018-01-05 09:00:00+00:00,0,21,0,0,0,21
2018-01-05 09:30:00+00:00,0,11,1,0,0,12
2018-01-05 10:00:00+00:00,0,19,13,0,0,32
2018-01-05 10:30:00+00:00,0,2,0,1,0,3
2018-01-05 11:00:00+00:00,0,4,2,0,0,6
2018-01-05 11:30:00+00:00,0,14,1,0,0,15
2018-01-05 12:00:00+00:00,0,32,3,0,0,35
2018-01-05 12:30:00+00:00,0,12,0,0,0,12
2018-01-05 13:00:00+00:00,0,0,1,3,0,4
2018-01-05 13:30:00+00:00,0,10,0,0,0,10
2018-01-05 14:00:00+00:00,0,26,0,0,0,26
2018-01-05 14:30:00+00:00,0,4,0,0,0,4
2018-01-05 15:00:00+00:00,0,48,0,0,0,48
2018-01-05 15:30:00+00:00,0,35,0,11,0,46
2018-01-05 16:00:00+00:00,0,0,0,0,0,0
2018-01-05 16:30:00+00:00,0,2,0,0,0,2
2018-01-05 17:00:00+00:00,0,0,0,0,0,0
2018-01-05 17:30:00+00:00,0,0,0,0,0,0
2018-01-05 18:00:00+00:00,0,0,0,0,0,0
2018-01-05 18:30:00+00:00,0,0,0,0,0,0
2018-01-05 19:00:00+00:00,0,0,1,0,0,1
2018-01-05 19:30:00+00:00,0,0,0,0,0,0
2018-01-05 20:00:00+00:00,0,0,0,0,0,0
2018-01-05 20:30:00+00:00,0,0,0,0,0,0
2018-01-05 21:00:00+00:00,0,0,0,0,0,0
2018-01-05 21:30:00+00:00,0,0,0,0,0,0
2018-01-05 22:00:00+00:00,0,0,0,0,0,0
2018-01-05 22:30:00+00:00,0,0,0,0,51,51
2018-01-05 23:00:00+00:00,0,0,0,0,0,0
2018-01-05 23:30:00+00:00,0,0,0,0,0,0
2018-01-06 00:00:00+00:00,0,0,0,0,0,0
2018-01-06 00:30:00+00:00,0,0,0,0,0,0
2018-01-06 01:00:00+00:00,0,0,0,0,0,0
2018-01-06 01:30:00+00:00,0,0,0,0,0,0
2018-01-06 02:00:00+00:00,0,0,0,0,0,0
2018-01-06 02:30:00+00:00,0,0,0,0,0,0
2018-01-06 03:00:00+00:00,0,0,0,0,0,0
2018-01-06 03:30:00+00:00,0,0,0,0,0,0
2018-01-06 04:00:00+00:00,0,0,0,0,0,0
2018-01-06 04:30:00+00:00,0,0,0,0,0,0
2018-01-06 05:00:00+00:00,0,0,0,0,0,0
2018-01-06 05:30:00+00:00,0,0,0,0,0,0
2018-01-06 06:00:00+00:00,0,0,0,0,0,0
2018-01-06 06:30:00+00:00,0,0,0,0,0,0
2018-01-06 07:00:00+00:00,0,0,0,0,0,0
2018-01-06 07:30:00+00:00,0,0,0,0,0,0
2018-01-06 08:00:00+00:00,0,0,0,0,0,0
2018-01-06 08:30:00+00:00,0,0,0,0,0,0
2018-01-06 09:00:00+00:00,0,0,0,0,0,0
2018-01-06 09:30:00+00:00,0,0,0,0,0,0
2018-01-06 10:00:00+00:00,0,0,0,0,0,0
2018-01-06 10:30:00+00:00,0,0,0,0,0,0
2018-01-06 11:00:00+00:00,0,0,0,0,0,0
2018-01-06 11:30:00+00:00,0,0,0,0,0,0
2018-01-06 12:00:00+00:00,0,0,0,0,0,0
2018-01-06 12:30:00+00:00,0,0,0,0,0,0
2018-01-06 13:00:00+00:00,0,0,0,0,0,0
2018-01-06 13:30:00+00:00,0,0,0,0,0,0
2018-01-06 14:00:00+00:00,0,0,0,0,0,0
2018-01-06 14:30:00+00:00,0,0,0,0,0,0
2018-01-06 15:00:00+00:00,0,0,0,0,0,0
2018-01-06 15:30:00+00:00,0,0,0,0,0,0
2018-01-06 16:00:00+00:00,0,0,0,0,0,0
2018-01-06 16:30:00+00:00,0,0,0,0,0,0
2018-01-06 17:00:00+00:00,0,0,0,0,0,0
2018-01-06 17:30:00+00:00,0,0,0,0,0,0
2018-01-06 18:00:00+00:00,0,0,0,0,0,0
2018-01-06 18:30:00+00:00,0,0,0,0,0,0
2018-01-06 19:00:00+00:00,0,0,0,0,0,0
2018-01-06 19:30:00+00:00,0,0,0,0,0,0
2018-01-06 20:00:00+00:00,0,0,0,0,0,0
2018-01-06 20:30:00+00:00,0,0,0,0,0,0
2018-01-06 21:00:00+00:00,0,0,0,0,0,0
2018-01-06 21:30:00+00:00,0,0,0,0,0,0
2018-01-06 22:00:00+00:00,0,0,0,0,0,0
2018-01-06 22:30:00+00:00,0,0,0,0,0,0
2018-01-06 23:00:00+00:00,0,0,0,0,0,0
2018-01-06 23:30:00+00:00,0,0,0,0,0,0
2018-01-07 00:00:00+00:00,0,0,0,0,0,0
2018-01-07 00:30:00+00:00,0,0,0,0,0,0
2018-01-07 01:00:00+00:00,0,0,0,0,0,0
2018-01-07 01:30:00+00:00,0,0,0,0,0,0
2018-01-07 02:00:00+00:00,0,0,0,0,0,0
2018-01-07 02:30:00+00:00,0,0,0,0,0,0
2018-01-07 03:00:00+00:00,0,0,0,0,0,0
2018-01-07 03:30:00+00:00,0,0,0,0,0,0
2018-01-07 04:00:00+00:00,0,0,0,0,0,0
2018-01-07 04:30:00+00:00,0,0,0,0,0,0
2018-01-07 05:00:00+00:00,0,0,0,0,0,0
2018-01-07 05:30:00+00:00,0,0,0,0,0,0
2018-01-07 06:00:00+00:00,0,0,0,0,0,0
2018-01-07 06:30:00+00:00,0,0,0,0,0,0
2018-01-07 07:00:00+00:00,0,0,0,0,0,0
2018-01-07 07:30:00+00:00,0,0,0,0,0,0
2018-01-07 08:00:00+00:00,0,0,0,0,0,0
2018-01-07 08:30:00+00:00,0,0,0,0,0,0
2018-01-07 09:00:00+00:00,0,0,0,0,0,0
2018-01-07 09:30:00+00:00,0,0,0,0,0,0
2018-01-07 10:00:00+00:00,0,0,0,0,0,0
2018-01-07 10:30:00+00:00,0,0,0,0,0,0
2018-01-07 11:00:00+00:00,0,0,0,0,0,0
2018-01-07 11:30:00+00:00,0,0,0,0,0,0
2018-01-07 12:00:00+00:00,0,0,0,0,0,0
2018-01-07 12:30:00+00:00,0,0,0,0,0,0
2018-01-07 13:00:00+00:00,0,0,0,0,0,0
2018-01-07 13:30:00+00:00,0,0,0,0,0,0
2018-01-07 14:00:00+00:00,0,0,0,0,0,0
2018-01-07 14:30:00+00:00,0,0,0,0,0,0
2018-01-07 15:00:00+00:00,0,0,0,0,0,0
2018-01-07 15:30:00+00:00,0,0,0,0,0,0
2018-01-07 16:00:00+00:00,0,0,0,0,0,0
2018-01-07 16:30:00+00:00,0,0,0,0,0,0
2018-01-07 17:00:00+00:00,0,0,0,0,0,0
2018-01-07 17:30:00+00:00,0,0,0,0,0,0
2018-01-07 18:00:00+00:00,0,0,0,0,0,0
2018-01-07 18:30:00+00:00,0,0,0,0,0,0
2018-01-07 19:00:00+00:00,0,0,0,0,0,0
2018-01-07 19:30:00+00:00,0,0,0,0,0,0
2018-01-07 20:00:00+00:00,0,0,0,0,0,0
2018-01-07 20:30:00+00:00,0,0,0,0,0,0
2018-01-07 21:00:00+00:00,0,0,0,0,0,0
2018-01-07 21:30:00+00:00,0,0,0,0,0,0
2018-01-07 22:00:00+00:00,0,0,0,0,0,0
2018-01-07 22:30:00+00:00,0,0,0,0,0,0
2018-01-07 23:00:00+00:00,0,0,0,0,0,0
2018-01-07 23:30:00+00:00,0,0,0,0,0,0
2018-01-08 00:00:00+00:00,0,0,0,0,0,0
2018-01-08 00:30:00+00:00,0,0,0,0,0,0
2018-01-08 01:00:00+00:00,0,0,0,0,0,0
2018-01-08 01:30:00+00:00,0,0,0,0,0,0
2018-01-08 02:00:00+00:00,0,0,0,0,0,0
2018-01-08 02:30:00+00:00,0,0,0,0,0,0
2018-01-08 03:00:00+00:00,0,0,0,0,0,0
2018-01-08 03:30:00+00:00,0,1,0,0,0,1
2018-01-08 04:00:00+00:00,0,0,0,0,0,0
2018-01-08 04:30:00+00:00,0,0,0,0,0,0
2018-01-08 05:00:00+00:00,0,0,0,0,0,0
2018-01-08 05:30:00+00:00,0,0,0,0,0,0
2018-01-08 06:00:00+00:00,0,19,0,0,0,19
2018-01-08 06:30:00+00:00,0,3,0,0,0,3
2018-01-08 07:00:00+00:00,0,45,21,0,0,66
2018-01-08 07:30:00+00:00,0,3,0,0,0,3
2018-01-08 08:00:00+00:00,0,19,5,0,0,24
2018-01-08 08:30:00+00:00,0,28,6,0,0,34
2018-01-08 09:00:00+00:00,0,1,3,0,0,4
2018-01-08 09:30:00+00:00,0,43,9,0,0,52
2018-01-08 10:00:00+00:00,0,4,30,12,0,46
2018-01-08 10:30:00+00:00,0,7,0,0,0,7
2018-01-08 11:00:00+00:00,0,8,4,6,0,18
2018-01-08 11:30:00+00:00,0,25,3,0,0,28
2018-01-08 12:00:00+00:00,0,21,1,0,0,22
2018-01-08 12:30:00+00:00,0,81,5,1,0,87
2018-01-08 13:00:00+00:00,0,6,1,0,0,7
2018-01-08 13:30:00+00:00,0,5,0,4,0,9
2018-01-08 14:00:00+00:00,0,4,0,6,0,10
2018-01-08 14:30:00+00:00,0,5,0,0,0,5
2018-01-08 15:00:00+00:00,0,0,0,31,0,31
2018-01-08 15:30:00+00:00,0,4,0,0,0,4
2018-01-08 16:00:00+00:00,0,7,0,0,0,7
2018-01-08 16:30:00+00:00,0,2,51,8,0,61
2018-01-08 17:00:00+00:00,0,23,0,0,0,23
2018-01-08 17:30:00+00:00,0,0,0,0,0,0
2018-01-08 18:00:00+00:00,0,0,0,0,0,0
2018-01-08 18:30:00+00:00,0,0,0,0,0,0
2018-01-08 19:00:00+00:00,0,0,0,0,0,0
2018-01-08 19:30:00+00:00,0,0,1,0,0,1
2018-01-08 20:00:00+00:00,0,0,0,0,0,0
2018-01-08 20:30:00+00:00,0,0,0,0,0,0
2018-01-08 21:00:00+00:00,0,0,0,0,0,0
2018-01-08 21:30:00+00:00,0,0,0,0,0,0
2018-01-08 22:00:00+00:00,0,0,0,0,0,0
2018-01-08 22:30:00+00:00,0,0,0,0,147,147
2018-01-08 23:00:00+00:00,0,0,0,0,0,0
2018-01-08 23:30:00+00:00,0,0,0,0,0,0
2018-01-09 00:00:00+00:00,0,0,0,0,0,0
2018-01-09 00:30:00+00:00,0,0,0,0,0,0
2018-01-09 01:00:00+00:00,0,0,0,0,0,0
2018-01-09 01:30:00+00:00,0,0,0,0,0,0
2018-01-09 02:00:00+00:00,0,0,0,0,0,0
2018-01-09 02:30:00+00:00,0,0,0,0,0,0
2018-01-09 03:00:00+00:00,0,0,0,0,0,0
2018-01-09 03:30:00+00:00,0,0,0,0,0,0
2018-01-09 04:00:00+00:00,0,0,0,0,0,0
2018-01-09 04:30:00+00:00,0,2,0,0,0,2
2018-01-09 05:00:00+00:00,0,0,0,0,0,0
2018-01-09 05:30:00+00:00,0,0,0,0,0,0
2018-01-09 06:00:00+00:00,0,11,25,0,0,36
2018-01-09 06:30:00+00:00,0,85,0,0,0,85
2018-01-09 07:00:00+00:00,0,13,0,0,0,13
2018-01-09 07:30:00+00:00,0,39,4,0,0,43
2018-01-09 08:00:00+00:00,0,4,0,0,0,4
2018-01-09 08:30:00+00:00,0,6,2,0,0,8
2018-01-09 09:00:00+00:00,0,29,1,0,0,30
2018-01-09 09:30:00+00:00,0,18,4,0,0,22
2018-01-09 10:00:00+00:00,0,23,1,0,0,24
2018-01-09 10:30:00+00:00,0,0,2,3,0,5
2018-01-09 11:00:00+00:00,0,6,0,0,0,6
2018-01-09 11:30:00+00:00,0,25,0,0,0,25
2018-01-09 12:00:00+00:00,0,32,0,1,0,33
2018-01-09 12:30:00+00:00,0,52,0,2,0,54
2018-01-09 13:00:00+00:00,0,83,2,2,0,87
2018-01-09 13:30:00+00:00,0,16,1,1,0,18
2018-01-09 14:00:00+00:00,0,12,0,0,0,12
2018-01-09 14:30:00+00:00,0,40,2,4,0,46
2018-01-09 15:00:00+00:00,0,5,0,11,0,16
2018-01-09 15:30:00+00:00,0,104,4,9,0,117
2018-01-09 16:00:00+00:00,0,5,0,0,0,5
2018-01-09 16:30:00+00:00,0,3,22,0,0,25
2018-01-09 17:00:00+00:00,0,0,0,0,0,0
2018-01-09 17:30:00+00:00,0,0,0,0,0,0
2018-01-09 18:00:00+00:00,0,1,0,0,0,1
2018-01-09 18:30:00+00:00,0,0,0,0,0,0
2018-01-09 19:00:00+00:00,0,0,3,0,0,3
2018-01-09 19:30:00+00:00,0,0,0,0,0,0
2018-01-09 20:00:00+00:00,0,0,0,0,0,0
2018-01-09 20:30:00+00:00,0,0,0,0,0,0
2018-01-09 21:00:00+00:00,0,0,0,0,0,0
2018-01-09 21:30:00+00:00,0,12,1,0,0,13
2018-01-09 22:00:00+00:00,0,0,0,0,0,0
2018-01-09 22:30:00+00:00,0,0,4,0,139,143
2018-01-09 23:00:00+00:00,0,0,0,0,0,0
2018-01-09 23:30:00+00:00,0,0,0,0,0,0
2018-01-10 00:00:00+00:00,0,0,0,0,0,0
2018-01-10 00:30:00+00:00,0,0,0,0,0,0
2018-01-10 01:00:00+00:00,0,0,0,0,0,0
2018-01-10 01:30:00+00:00,0,0,0,0,0,0
2018-01-10 02:00:00+00:00,0,0,0,0,0,0
2018-01-10 02:30:00+00:00,0,0,0,0,0,0
2018-01-10 03:00:00+00:00,0,0,0,0,0,0
2018-01-10 03:30:00+00:00,0,0,0,0,0,0
2018-01-10 04:00:00+00:00,0,5,0,0,0,5
2018-01-10 04:30:00+00:00,0,0,0,0,0,0
2018-01-10 05:00:00+00:00,0,8,0,0,0,8
2018-01-10 05:30:00+00:00,0,0,0,0,0,0
2018-01-10 06:00:00+00:00,0,2,3,0,0,5
2018-01-10 06:30:00+00:00,0,37,92,0,0,129
2018-01-10 07:00:00+00:00,0,41,18,0,0,59
2018-01-10 07:30:00+00:00,0,31,0,0,0,31
2018-01-10 08:00:00+00:00,0,18,5,0,0,23
2018-01-10 08:30:00+00:00,0,61,8,2,0,71
2018-01-10 09:00:00+00:00,0,63,14,9,0,86
2018-01-10 09:30:00+00:00,0,9,0,30,0,39
2018-01-10 10:00:00+00:00,0,15,1,5,0,21
2018-01-10 10:30:00+00:00,0,21,25,0,0,46
2018-01-10 11:00:00+00:00,0,15,5,0,0,20
2018-01-10 11:30:00+00:00,0,7,3,0,0,10
2018-01-10 12:00:00+00:00,0,4,1,0,0,5
2018-01-10 12:30:00+00:00,0,7,9,1,0,17
2018-01-10 13:00:00+00:00,0,21,1,3,0,25
2018-01-10 13:30:00+00:00,0,38,2,0,0,40
2018-01-10 14:00:00+00:00,0,91,5,46,0,142
2018-01-10 14:30:00+00:00,0,23,14,15,0,52
2018-01-10 15:00:00+00:00,0,13,5,5,0,23
2018-01-10 15:30:00+00:00,0,3,0,0,0,3
2018-01-10 16:00:00+00:00,0,8,1,1,0,10
2018-01-10 16:30:00+00:00,0,4,0,0,0,4
2018-01-10 17:00:00+00:00,0,2,0,0,0,2
2018-01-10 17:30:00+00:00,0,11,0,0,0,11
2018-01-10 18:00:00+00:00,0,0,0,0,0,0
2018-01-10 18:30:00+00:00,0,5,0,0,0,5
2018-01-10 19:00:00+00:00,0,0,0,0,0,0
2018-01-10 19:30:00+00:00,0,0,0,0,0,0
2018-01-10 20:00:00+00:00,0,0,0,0,0,0
2018-01-10 20:30:00+00:00,0,0,0,0,0,0
2018-01-10 21:00:00+00:00,0,0,0,0,0,0
2018-01-10 21:30:00+00:00,0,0,0,0,0,0
2018-01-10 22:00:00+00:00,0,0,0,0,0,0
2018-01-10 22:30:00+00:00,0,0,0,0,230,230
2018-01-10 23:00:00+00:00,0,0,0,0,0,0
2018-01-10 23:30:00+00:00,0,0,0,0,0,0
2018-01-11 00:00:00+00:00,0,0,0,0,0,0
2018-01-11 00:30:00+00:00,0,0,0,0,0,0
2018-01-11 01:00:00+00:00,0,0,0,0,0,0
2018-01-11 01:30:00+00:00,0,0,0,0,0,0
2018-01-11 02:00:00+00:00,0,0,0,0,0,0
2018-01-11 02:30:00+00:00,0,0,0,0,0,0
2018-01-11 03:00:00+00:00,0,0,0,0,0,0
2018-01-11 03:30:00+00:00,0,16,0,0,0,16
2018-01-11 04:00:00+00:00,0,0,0,0,0,0
2018-01-11 04:30:00+00:00,0,0,0,0,0,0
2018-01-11 05:00:00+00:00,0,0,0,0,0,0
2018-01-11 05:30:00+00:00,0,0,0,0,0,0
2018-01-11 06:00:00+00:00,0,0,51,0,0,51
2018-01-11 06:30:00+00:00,0,1,6,0,0,7
2018-01-11 07:00:00+00:00,0,32,7,0,0,39
2018-01-11 07:30:00+00:00,0,54,3,0,0,57
2018-01-11 08:00:00+00:00,0,8,15,0,0,23
2018-01-11 08:30:00+00:00,0,27,9,5,0,41
2018-01-11 09:00:00+00:00,0,9,2,46,0,57
2018-01-11 09:30:00+00:00,0,24,4,6,0,34
2018-01-11 10:00:00+00:00,0,2,15,4,0,21
2018-01-11 10:30:00+00:00,0,17,2,0,0,19
2018-01-11 11:00:00+00:00,0,5,0,0,0,5
2018-01-11 11:30:00+00:00,0,16,2,1,0,19
2018-01-11 12:00:00+00:00,0,55,6,4,0,65
2018-01-11 12:30:00+00:00,0,3,5,5,0,13
2018-01-11 13:00:00+00:00,0,70,0,1,0,71
2018-01-11 13:30:00+00:00,0,80,5,4,0,89
2018-01-11 14:00:00+00:00,0,16,1,24,0,41
2018-01-11 14:30:00+00:00,0,13,2,9,0,24
2018-01-11 15:00:00+00:00,0,2,16,16,0,34
2018-01-11 15:30:00+00:00,0,13,2,4,0,19
2018-01-11 16:00:00+00:00,0,1,6,4,0,11
2018-01-11 16:30:00+00:00,0,0,0,4,0,4
2018-01-11 17:00:00+00:00,0,0,11,0,0,11
2018-01-11 17:30:00+00:00,0,0,0,0,0,0
2018-01-11 18:00:00+00:00,0,0,0,0,0,0
2018-01-11 18:30:00+00:00,0,0,0,0,0,0
2018-01-11 19:00:00+00:00,0,0,0,0,0,0
2018-01-11 19:30:00+00:00,0,0,0,0,0,0
2018-01-11 20:00:00+00:00,0,0,0,0,0,0
2018-01-11 20:30:00+00:00,0,0,0,0,0,0
2018-01-11 21:00:00+00:00,0,0,0,0,0,0
2018-01-11 21:30:00+00:00,0,0,13,0,0,13
2018-01-11 22:00:00+00:00,0,0,0,0,0,0
2018-01-11 22:30:00+00:00,0,0,0,0,169,169
2018-01-11 23:00:00+00:00,0,0,0,0,0,0
2018-01-11 23:30:00+00:00,0,0,0,0,0,0
2018-01-12 00:00:00+00:00,0,0,0,0,0,0
2018-01-12 00:30:00+00:00,0,0,0,0,0,0
2018-01-12 01:00:00+00:00,0,0,0,0,0,0
2018-01-12 01:30:00+00:00,0,0,0,0,0,0
2018-01-12 02:00:00+00:00,0,0,0,0,0,0
2018-01-12 02:30:00+00:00,0,0,0,0,0,0
2018-01-12 03:00:00+00:00,0,0,0,0,0,0
2018-01-12 03:30:00+00:00,0,0,0,0,0,0
2018-01-12 04:00:00+00:00,0,0,0,0,0,0
2018-01-12 04:30:00+00:00,0,0,0,0,0,0
2018-01-12 05:00:00+00:00,0,0,0,0,0,0
2018-01-12 05:30:00+00:00,0,0,0,1,0,1
2018-01-12 06:00:00+00:00,0,16,5,2,0,23
2018-01-12 06:30:00+00:00,0,25,7,0,0,32
2018-01-12 07:00:00+00:00,0,55,0,0,0,55
2018-01-12 07:30:00+00:00,0,58,0,1,0,59
2018-01-12 08:00:00+00:00,0,6,5,1,0,12
2018-01-12 08:30:00+00:00,0,20,5,0,0,25
2018-01-12 09:00:00+00:00,0,9,2,10,0,21
2018-01-12 09:30:00+00:00,0,17,60,26,0,103
2018-01-12 10:00:00+00:00,0,35,44,23,0,102
2018-01-12 10:30:00+00:00,0,35,4,10,0,49
2018-01-12 11:00:00+00:00,0,6,2,0,0,8
2018-01-12 11:30:00+00:00,0,9,1,5,0,15
2018-01-12 12:00:00+00:00,0,34,13,2,0,49
2018-01-12 12:30:00+00:00,0,52,0,56,0,108
2018-01-12 13:00:00+00:00,0,27,2,2,0,31
2018-01-12 13:30:00+00:00,0,27,6,3,0,36
2018-01-12 14:00:00+00:00,0,19,5,2,0,26
2018-01-12 14:30:00+00:00,0,3,2,6,0,11
2018-01-12 15:00:00+00:00,0,5,0,0,0,5
2018-01-12 15:30:00+00:00,0,1,0,0,0,1
2018-01-12 16:00:00+00:00,0,4,0,0,0,4
2018-01-12 16:30:00+00:00,0,0,63,0,0,63
2018-01-12 17:00:00+00:00,0,0,0,0,0,0
2018-01-12 17:30:00+00:00,0,0,0,0,0,0
2018-01-12 18:00:00+00:00,0,0,0,0,0,0
2018-01-12 18:30:00+00:00,0,0,0,0,0,0
2018-01-12 19:00:00+00:00,0,0,0,0,0,0
2018-01-12 19:30:00+00:00,0,0,0,0,0,0
2018-01-12 20:00:00+00:00,0,0,0,0,0,0
2018-01-12 20:30:00+00:00,0,0,0,0,0,0
2018-01-12 21:00:00+00:00,0,0,0,0,0,0
2018-01-12 21:30:00+00:00,0,0,0,0,0,0
2018-01-12 22:00:00+00:00,0,0,0,0,0,0
2018-01-12 22:30:00+00:00,0,0,0,0,152,152
2018-01-12 23:00:00+00:00,0,0,0,0,0,0
2018-01-12 23:30:00+00:00,0,0,0,0,0,0
2018-01-13 00:00:00+00:00,0,0,0,0,0,0
2018-01-13 00:30:00+00:00,0,0,0,0,0,0
2018-01-13 01:00:00+00:00,0,0,0,0,0,0
2018-01-13 01:30:00+00:00,0,0,0,0,0,0
2018-01-13 02:00:00+00:00,0,0,0,0,0,0
2018-01-13 02:30:00+00:00,0,0,0,0,0,0
2018-01-13 03:00:00+00:00,0,0,0,0,0,0
2018-01-13 03:30:00+00:00,0,0,0,0,0,0
2018-01-13 04:00:00+00:00,0,0,0,0,0,0
2018-01-13 04:30:00+00:00,0,0,0,0,0,0
2018-01-13 05:00:00+00:00,0,0,0,0,0,0
2018-01-13 05:30:00+00:00,0,0,0,0,0,0
2018-01-13 06:00:00+00:00,0,0,0,0,0,0
2018-01-13 06:30:00+00:00,0,0,0,0,0,0
2018-01-13 07:00:00+00:00,0,0,0,0,0,0
2018-01-13 07:30:00+00:00,0,0,0,0,0,0
2018-01-13 08:00:00+00:00,0,0,0,0,0,0
2018-01-13 08:30:00+00:00,0,0,0,0,0,0
2018-01-13 09:00:00+00:00,0,0,0,0,0,0
2018-01-13 09:30:00+00:00,0,0,0,0,0,0
2018-01-13 10:00:00+00:00,0,0,0,0,0,0
2018-01-13 10:30:00+00:00,0,0,0,0,0,0
2018-01-13 11:00:00+00:00,0,0,0,0,0,0
2018-01-13 11:30:00+00:00,0,0,0,0,0,0
2018-01-13 12:00:00+00:00,0,0,0,0,0,0
2018-01-13 12:30:00+00:00,0,0,0,0,0,0
2018-01-13 13:00:00+00:00,0,0,0,0,0,0
2018-01-13 13:30:00+00:00,0,5,0,0,0,5
2018-01-13 14:00:00+00:00,0,0,0,0,0,0
2018-01-13 14:30:00+00:00,0,0,0,0,0,0
2018-01-13 15:00:00+00:00,0,0,0,0,0,0
2018-01-13 15:30:00+00:00,0,0,0,0,0,0
2018-01-13 16:00:00+00:00,0,0,0,0,0,0
2018-01-13 16:30:00+00:00,0,0,0,0,0,0
2018-01-13 17:00:00+00:00,0,0,0,0,0,0
2018-01-13 17:30:00+00:00,0,0,0,0,0,0
2018-01-13 18:00:00+00:00,0,0,0,0,0,0
2018-01-13 18:30:00+00:00,0,0,0,0,0,0
2018-01-13 19:00:00+00:00,0,0,0,0,0,0
2018-01-13 19:30:00+00:00,0,0,0,0,0,0
2018-01-13 20:00:00+00:00,0,0,0,0,0,0
2018-01-13 20:30:00+00:00,0,0,0,0,0,0
2018-01-13 21:00:00+00:00,0,0,0,0,0,0
2018-01-13 21:30:00+00:00,0,0,0,0,0,0
2018-01-13 22:00:00+00:00,0,0,0,0,0,0
2018-01-13 22:30:00+00:00,0,0,0,0,0,0
2018-01-13 23:00:00+00:00,0,0,0,0,0,0
2018-01-13 23:30:00+00:00,0,0,0,0,0,0
2018-01-14 00:00:00+00:00,0,0,0,0,0,0
2018-01-14 00:30:00+00:00,0,0,0,0,0,0
2018-01-14 01:00:00+00:00,0,0,0,0,0,0
2018-01-14 01:30:00+00:00,0,0,0,0,0,0
2018-01-14 02:00:00+00:00,0,0,0,0,0,0
2018-01-14 02:30:00+00:00,0,0,0,0,0,0
2018-01-14 03:00:00+00:00,0,0,0,0,0,0
2018-01-14 03:30:00+00:00,0,0,0,0,0,0
2018-01-14 04:00:00+00:00,0,0,0,0,0,0
2018-01-14 04:30:00+00:00,0,0,0,0,0,0
2018-01-14 05:00:00+00:00,0,0,0,0,0,0
2018-01-14 05:30:00+00:00,0,0,0,0,0,0
2018-01-14 06:00:00+00:00,0,0,0,0,0,0
2018-01-14 06:30:00+00:00,0,0,0,0,0,0
2018-01-14 07:00:00+00:00,0,0,0,0,0,0
2018-01-14 07:30:00+00:00,0,0,0,0,0,0
2018-01-14 08:00:00+00:00,0,0,0,0,0,0
2018-01-14 08:30:00+00:00,0,0,0,0,0,0
2018-01-14 09:00:00+00:00,0,0,0,0,0,0
2018-01-14 09:30:00+00:00,0,0,0,0,0,0
2018-01-14 10:00:00+00:00,0,0,0,0,0,0
2018-01-14 10:30:00+00:00,0,0,0,0,0,0
2018-01-14 11:00:00+00:00,0,0,0,0,0,0
2018-01-14 11:30:00+00:00,0,0,0,0,0,0
2018-01-14 12:00:00+00:00,0,0,0,0,0,0
2018-01-14 12:30:00+00:00,0,0,0,0,0,0
2018-01-14 13:00:00+00:00,0,0,0,0,0,0
2018-01-14 13:30:00+00:00,0,0,0,0,0,0
2018-01-14 14:00:00+00:00,0,0,0,0,0,0
2018-01-14 14:30:00+00:00,0,0,0,0,0,0
2018-01-14 15:00:00+00:00,0,0,0,0,0,0
2018-01-14 15:30:00+00:00,0,0,0,0,0,0
2018-01-14 16:00:00+00:00,0,0,0,0,0,0
2018-01-14 16:30:00+00:00,0,0,0,0,0,0
2018-01-14 17:00:00+00:00,0,0,0,0,0,0
2018-01-14 17:30:00+00:00,0,0,0,0,0,0
2018-01-14 18:00:00+00:00,0,0,0,0,0,0
2018-01-14 18:30:00+00:00,0,0,0,0,0,0
2018-01-14 19:00:00+00:00,0,0,0,0,0,0
2018-01-14 19:30:00+00:00,0,0,0,0,0,0
2018-01-14 20:00:00+00:00,0,0,0,0,0,0
2018-01-14 20:30:00+00:00,0,0,0,0,0,0
2018-01-14 21:00:00+00:00,0,0,0,0,0,0
2018-01-14 21:30:00+00:00,0,0,0,0,0,0
2018-01-14 22:00:00+00:00,0,0,0,0,0,0
2018-01-14 22:30:00+00:00,0,0,0,0,0,0
2018-01-14 23:00:00+00:00,0,0,0,0,0,0
2018-01-14 23:30:00+00:00,0,0,0,0,0,0
2018-01-15 00:00:00+00:00,0,0,3,0,0,3
2018-01-15 00:30:00+00:00,0,0,0,0,0,0
2018-01-15 01:00:00+00:00,0,0,0,0,0,0
2018-01-15 01:30:00+00:00,0,0,0,0,0,0
2018-01-15 02:00:00+00:00,0,0,0,0,0,0
2018-01-15 02:30:00+00:00,0,0,0,0,0,0
2018-01-15 03:00:00+00:00,0,0,0,0,0,0
2018-01-15 03:30:00+00:00,0,1,0,0,0,1
2018-01-15 04:00:00+00:00,0,0,0,0,0,0
2018-01-15 04:30:00+00:00,0,0,0,0,0,0
2018-01-15 05:00:00+00:00,0,0,0,0,0,0
2018-01-15 05:30:00+00:00,0,0,2,0,0,2
2018-01-15 06:00:00+00:00,0,10,4,0,0,14
2018-01-15 06:30:00+00:00,0,50,6,0,0,56
2018-01-15 07:00:00+00:00,0,22,3,0,0,25
2018-01-15 07:30:00+00:00,0,23,4,0,0,27
2018-01-15 08:00:00+00:00,0,19,6,0,0,25
2018-01-15 08:30:00+00:00,0,3,28,0,0,31
2018-01-15 09:00:00+00:00,0,9,0,25,0,34
2018-01-15 09:30:00+00:00,0,21,12,2,0,35
2018-01-15 10:00:00+00:00,0,47,12,10,0,69
2018-01-15 10:30:00+00:00,0,32,5,7,0,44
2018-01-15 11:00:00+00:00,0,18,3,0,0,21
2018-01-15 11:30:00+00:00,0,4,11,0,0,15
2018-01-15 12:00:00+00:00,0,17,19,1,0,37
2018-01-15 12:30:00+00:00,0,24,9,5,0,38
2018-01-15 13:00:00+00:00,0,18,9,0,0,27
2018-01-15 13:30:00+00:00,0,3,1,20,0,24
2018-01-15 14:00:00+00:00,0,5,2,3,0,10
2018-01-15 14:30:00+00:00,0,4,8,9,0,21
2018-01-15 15:00:00+00:00,0,0,5,3,0,8
2018-01-15 15:30:00+00:00,0,0,6,14,0,20
2018-01-15 16:00:00+00:00,0,3,5,3,0,11
2018-01-15 16:30:00+00:00,0,5,55,0,0,60
2018-01-15 17:00:00+00:00,0,0,0,0,0,0
2018-01-15 17:30:00+00:00,0,0,0,0,0,0
2018-01-15 18:00:00+00:00,0,0,0,0,0,0
2018-01-15 18:30:00+00:00,0,0,0,0,0,0
2018-01-15 19:00:00+00:00,0,0,0,0,0,0
2018-01-15 19:30:00+00:00,0,0,0,0,0,0
2018-01-15 20:00:00+00:00,0,0,0,0,0,0
2018-01-15 20:30:00+00:00,0,0,1,0,0,1
2018-01-15 21:00:00+00:00,0,0,0,0,0,0
2018-01-15 21:30:00+00:00,0,0,1,0,0,1
2018-01-15 22:00:00+00:00,0,0,0,0,0,0
2018-01-15 22:30:00+00:00,0,0,0,0,240,240
2018-01-15 23:00:00+00:00,0,0,0,0,0,0
2018-01-15 23:30:00+00:00,0,0,0,0,0,0
2018-01-16 00:00:00+00:00,0,0,0,0,0,0
2018-01-16 00:30:00+00:00,0,0,0,0,0,0
2018-01-16 01:00:00+00:00,0,0,0,0,0,0
2018-01-16 01:30:00+00:00,0,0,0,0,0,0
2018-01-16 02:00:00+00:00,0,0,0,0,0,0
2018-01-16 02:30:00+00:00,0,0,0,0,0,0
2018-01-16 03:00:00+00:00,0,0,0,0,0,0
2018-01-16 03:30:00+00:00,0,0,0,0,0,0
2018-01-16 04:00:00+00:00,0,4,0,0,0,4
2018-01-16 04:30:00+00:00,0,0,0,0,0,0
2018-01-16 05:00:00+00:00,0,0,0,0,0,0
2018-01-16 05:30:00+00:00,0,0,0,0,0,0
2018-01-16 06:00:00+00:00,0,106,0,0,0,106
2018-01-16 06:30:00+00:00,0,15,5,0,0,20
2018-01-16 07:00:00+00:00,0,10,3,0,0,13
2018-01-16 07:30:00+00:00,0,15,62,0,0,77
2018-01-16 08:00:00+00:00,0,7,6,1,0,14
2018-01-16 08:30:00+00:00,0,16,9,8,0,33
2018-01-16 09:00:00+00:00,0,10,39,0,0,49
2018-01-16 09:30:00+00:00,0,19,20,18,0,57
2018-01-16 10:00:00+00:00,0,17,11,3,0,31
2018-01-16 10:30:00+00:00,0,14,1,0,0,15
2018-01-16 11:00:00+00:00,0,43,18,0,0,61
2018-01-16 11:30:00+00:00,0,41,11,8,0,60
2018-01-16 12:00:00+00:00,0,40,0,0,0,40
2018-01-16 12:30:00+00:00,0,34,3,31,0,68
2018-01-16 13:00:00+00:00,0,16,4,10,0,30
2018-01-16 13:30:00+00:00,0,10,1,3,0,14
2018-01-16 14:00:00+00:00,0,12,0,0,0,12
2018-01-16 14:30:00+00:00,0,20,0,1,0,21
2018-01-16 15:00:00+00:00,0,2,9,13,0,24
2018-01-16 15:30:00+00:00,0,1,1,0,0,2
2018-01-16 16:00:00+00:00,0,9,1,11,0,21
2018-01-16 16:30:00+00:00,0,2,39,11,0,52
2018-01-16 17:00:00+00:00,0,0,0,0,0,0
2018-01-16 17:30:00+00:00,0,0,0,0,0,0
2018-01-16 18:00:00+00:00,0,0,0,0,0,0
2018-01-16 18:30:00+00:00,0,0,0,0,0,0
2018-01-16 19:00:00+00:00,0,0,0,0,0,0
2018-01-16 19:30:00+00:00,0,0,0,0,0,0
2018-01-16 20:00:00+00:00,0,0,0,0,0,0
2018-01-16 20:30:00+00:00,0,0,0,0,0,0
2018-01-16 21:00:00+00:00,0,0,0,0,0,0
2018-01-16 21:30:00+00:00,0,0,2,0,0,2
2018-01-16 22:00:00+00:00,0,0,0,0,0,0
2018-01-16 22:30:00+00:00,0,0,0,0,256,256
2018-01-16 23:00:00+00:00,0,0,0,0,0,0
2018-01-16 23:30:00+00:00,0,0,0,0,0,0
2018-01-17 00:00:00+00:00,0,0,0,0,0,0
2018-01-17 00:30:00+00:00,0,0,0,0,0,0
2018-01-17 01:00:00+00:00,0,0,0,0,0,0
2018-01-17 01:30:00+00:00,0,0,0,0,0,0
2018-01-17 02:00:00+00:00,0,0,0,0,0,0
2018-01-17 02:30:00+00:00,0,0,0,0,0,0
2018-01-17 03:00:00+00:00,0,0,0,0,0,0
2018-01-17 03:30:00+00:00,0,6,0,0,0,6
2018-01-17 04:00:00+00:00,0,0,0,0,0,0
2018-01-17 04:30:00+00:00,0,0,0,0,0,0
2018-01-17 05:00:00+00:00,0,0,0,0,0,0
2018-01-17 05:30:00+00:00,0,28,2,0,0,30
2018-01-17 06:00:00+00:00,0,2,17,0,0,19
2018-01-17 06:30:00+00:00,0,0,5,0,0,5
2018-01-17 07:00:00+00:00,0,35,7,0,0,42
2018-01-17 07:30:00+00:00,0,1,0,0,0,1
2018-01-17 08:00:00+00:00,0,17,0,1,0,18
2018-01-17 08:30:00+00:00,0,37,4,17,0,58
2018-01-17 09:00:00+00:00,0,19,24,0,0,43
2018-01-17 09:30:00+00:00,0,15,4,1,0,20
2018-01-17 10:00:00+00:00,0,38,13,3,0,54
2018-01-17 10:30:00+00:00,0,18,34,12,0,64
2018-01-17 11:00:00+00:00,0,2,46,3,0,51
2018-01-17 11:30:00+00:00,0,6,7,2,0,15
2018-01-17 12:00:00+00:00,0,96,16,16,0,128
2018-01-17 12:30:00+00:00,0,7,16,6,0,29
2018-01-17 13:00:00+00:00,0,35,10,9,0,54
2018-01-17 13:30:00+00:00,0,15,67,8,0,90
2018-01-17 14:00:00+00:00,0,10,19,10,0,39
2018-01-17 14:30:00+00:00,0,15,46,16,0,77
2018-01-17 15:00:00+00:00,0,10,5,6,0,21
2018-01-17 15:30:00+00:00,0,14,5,8,0,27
2018-01-17 16:00:00+00:00,0,0,60,17,0,77
2018-01-17 16:30:00+00:00,0,0,1,12,0,13
2018-01-17 17:00:00+00:00,0,0,0,0,0,0
2018-01-17 17:30:00+00:00,0,0,21,0,0,21
2018-01-17 18:00:00+00:00,0,0,0,0,0,0
2018-01-17 18:30:00+00:00,0,0,0,0,0,0
2018-01-17 19:00:00+00:00,0,0,1,0,0,1
2018-01-17 19:30:00+00:00,0,0,1,0,0,1
2018-01-17 20:00:00+00:00,0,0,0,0,0,0
2018-01-17 20:30:00+00:00,0,0,0,0,0,0
2018-01-17 21:00:00+00:00,0,0,0,0,0,0
2018-01-17 21:30:00+00:00,0,1,0,0,0,1
2018-01-17 22:00:00+00:00,0,0,0,0,0,0
2018-01-17 22:30:00+00:00,0,0,0,0,315,315
2018-01-17 23:00:00+00:00,0,0,0,0,0,0
2018-01-17 23:30:00+00:00,0,0,0,0,0,0
2018-01-18 00:00:00+00:00,0,0,0,0,0,0
2018-01-18 00:30:00+00:00,0,0,0,0,0,0
2018-01-18 01:00:00+00:00,0,0,0,0,0,0
2018-01-18 01:30:00+00:00,0,0,0,0,0,0
2018-01-18 02:00:00+00:00,0,0,0,0,0,0
2018-01-18 02:30:00+00:00,0,0,0,0,0,0
2018-01-18 03:00:00+00:00,0,0,0,0,0,0
2018-01-18 03:30:00+00:00,0,2,0,0,0,2
2018-01-18 04:00:00+00:00,0,0,0,0,0,0
2018-01-18 04:30:00+00:00,0,0,0,0,0,0
2018-01-18 05:00:00+00:00,0,0,0,0,0,0
2018-01-18 05:30:00+00:00,0,0,1,0,0,1
2018-01-18 06:00:00+00:00,0,0,0,0,0,0
2018-01-18 06:30:00+00:00,0,14,4,0,0,18
2018-01-18 07:00:00+00:00,0,26,7,0,0,33
2018-01-18 07:30:00+00:00,0,45,5,0,0,50
2018-01-18 08:00:00+00:00,0,43,7,5,0,55
2018-01-18 08:30:00+00:00,0,8,27,0,0,35
2018-01-18 09:00:00+00:00,0,13,14,0,0,27
2018-01-18 09:30:00+00:00,0,19,35,1,0,55
2018-01-18 10:00:00+00:00,0,28,12,2,0,42
2018-01-18 10:30:00+00:00,0,27,4,2,0,33
2018-01-18 11:00:00+00:00,0,19,7,0,0,26
2018-01-18 11:30:00+00:00,0,9,7,12,0,28
2018-01-18 12:00:00+00:00,0,6,5,17,0,28
2018-01-18 12:30:00+00:00,0,19,2,24,0,45
2018-01-18 13:00:00+00:00,0,65,1,5,0,71
2018-01-18 13:30:00+00:00,0,25,3,0,0,28
2018-01-18 14:00:00+00:00,0,21,7,7,0,35
2018-01-18 14:30:00+00:00,0,9,1,15,0,25
2018-01-18 15:00:00+00:00,0,4,11,11,0,26
2018-01-18 15:30:00+00:00,0,1,4,17,0,22
2018-01-18 16:00:00+00:00,0,0,31,0,0,31
2018-01-18 16:30:00+00:00,0,0,53,5,0,58
2018-01-18 17:00:00+00:00,0,1,0,0,0,1
2018-01-18 17:30:00+00:00,0,0,0,0,0,0
2018-01-18 18:00:00+00:00,0,0,0,0,0,0
2018-01-18 18:30:00+00:00,0,0,0,0,0,0
2018-01-18 19:00:00+00:00,0,0,0,0,0,0
2018-01-18 19:30:00+00:00,0,0,0,0,0,0
2018-01-18 20:00:00+00:00,0,0,0,0,0,0
2018-01-18 20:30:00+00:00,0,1,0,0,0,1
2018-01-18 21:00:00+00:00,0,0,0,0,0,0
2018-01-18 21:30:00+00:00,0,0,0,0,0,0
2018-01-18 22:00:00+00:00,0,0,0,0,0,0
2018-01-18 22:30:00+00:00,0,0,0,0,303,303
2018-01-18 23:00:00+00:00,0,0,0,0,0,0
2018-01-18 23:30:00+00:00,0,0,0,0,0,0
2018-01-19 00:00:00+00:00,0,0,0,0,0,0
2018-01-19 00:30:00+00:00,0,0,0,0,0,0
2018-01-19 01:00:00+00:00,0,0,0,0,0,0
2018-01-19 01:30:00+00:00,0,0,8,0,0,8
2018-01-19 02:00:00+00:00,0,0,0,0,0,0
2018-01-19 02:30:00+00:00,0,0,0,0,0,0
2018-01-19 03:00:00+00:00,0,0,0,0,0,0
2018-01-19 03:30:00+00:00,0,3,0,0,0,3
2018-01-19 04:00:00+00:00,0,0,0,0,0,0
2018-01-19 04:30:00+00:00,0,0,0,0,0,0
2018-01-19 05:00:00+00:00,0,0,1,0,0,1
2018-01-19 05:30:00+00:00,0,0,6,0,0,6
2018-01-19 06:00:00+00:00,0,1,8,0,0,9
2018-01-19 06:30:00+00:00,0,19,54,0,0,73
2018-01-19 07:00:00+00:00,0,29,4,0,0,33
2018-01-19 07:30:00+00:00,0,20,22,0,0,42
2018-01-19 08:00:00+00:00,0,48,6,1,0,55
2018-01-19 08:30:00+00:00,0,38,9,2,0,49
2018-01-19 09:00:00+00:00,0,13,8,1,0,22
2018-01-19 09:30:00+00:00,0,7,8,6,0,21
2018-01-19 10:00:00+00:00,0,26,22,16,0,64
2018-01-19 10:30:00+00:00,0,20,3,4,0,27
2018-01-19 11:00:00+00:00,0,11,5,2,0,18
2018-01-19 11:30:00+00:00,0,21,9,13,0,43
2018-01-19 12:00:00+00:00,0,57,18,27,0,102
2018-01-19 12:30:00+00:00,0,4,10,0,0,14
2018-01-19 13:00:00+00:00,0,12,3,0,0,15
2018-01-19 13:30:00+00:00,0,23,21,0,0,44
2018-01-19 14:00:00+00:00,0,13,14,8,0,35
2018-01-19 14:30:00+00:00,0,28,3,2,0,33
2018-01-19 15:00:00+00:00,0,31,1,12,0,44
2018-01-19 15:30:00+00:00,0,2,0,16,0,18
2018-01-19 16:00:00+00:00,0,34,0,7,0,41
2018-01-19 16:30:00+00:00,0,5,90,0,0,95
2018-01-19 17:00:00+00:00,0,0,0,0,0,0
2018-01-19 17:30:00+00:00,0,0,1,0,0,1
2018-01-19 18:00:00+00:00,0,0,0,0,0,0
2018-01-19 18:30:00+00:00,0,0,0,0,0,0
2018-01-19 19:00:00+00:00,0,0,0,0,0,0
2018-01-19 19:30:00+00:00,0,0,0,0,0,0
2018-01-19 20:00:00+00:00,0,0,0,0,0,0
2018-01-19 20:30:00+00:00,0,0,0,0,0,0
2018-01-19 21:00:00+00:00,0,0,0,0,0,0
2018-01-19 21:30:00+00:00,0,0,4,0,0,4
2018-01-19 22:00:00+00:00,0,0,0,0,0,0
2018-01-19 22:30:00+00:00,0,0,0,0,367,367
2018-01-19 23:00:00+00:00,0,0,0,0,0,0
2018-01-19 23:30:00+00:00,0,0,0,0,0,0
2018-01-20 00:00:00+00:00,0,0,0,0,0,0
2018-01-20 00:30:00+00:00,0,0,0,0,0,0
2018-01-20 01:00:00+00:00,0,0,0,0,0,0
2018-01-20 01:30:00+00:00,0,0,0,0,0,0
2018-01-20 02:00:00+00:00,0,0,0,0,0,0
2018-01-20 02:30:00+00:00,0,0,0,0,0,0
2018-01-20 03:00:00+00:00,0,0,0,0,0,0
2018-01-20 03:30:00+00:00,0,0,0,0,0,0
2018-01-20 04:00:00+00:00,0,0,0,0,0,0
2018-01-20 04:30:00+00:00,0,0,0,0,0,0
2018-01-20 05:00:00+00:00,0,0,0,0,0,0
2018-01-20 05:30:00+00:00,0,0,0,0,0,0
2018-01-20 06:00:00+00:00,0,0,0,0,0,0
2018-01-20 06:30:00+00:00,0,0,0,0,0,0
2018-01-20 07:00:00+00:00,0,0,0,0,0,0
2018-01-20 07:30:00+00:00,0,0,0,0,0,0
2018-01-20 08:00:00+00:00,0,0,0,0,0,0
2018-01-20 08:30:00+00:00,0,0,0,0,0,0
2018-01-20 09:00:00+00:00,0,0,0,0,0,0
2018-01-20 09:30:00+00:00,0,0,0,0,0,0
2018-01-20 10:00:00+00:00,0,0,0,0,0,0
2018-01-20 10:30:00+00:00,0,0,0,0,0,0
2018-01-20 11:00:00+00:00,0,0,0,0,0,0
2018-01-20 11:30:00+00:00,0,0,0,0,0,0
2018-01-20 12:00:00+00:00,0,0,0,0,0,0
2018-01-20 12:30:00+00:00,0,0,0,0,0,0
2018-01-20 13:00:00+00:00,0,0,0,0,0,0
2018-01-20 13:30:00+00:00,0,0,0,0,0,0
2018-01-20 14:00:00+00:00,0,0,0,0,0,0
2018-01-20 14:30:00+00:00,0,0,0,0,0,0
2018-01-20 15:00:00+00:00,0,0,0,0,0,0
2018-01-20 15:30:00+00:00,0,0,0,0,0,0
2018-01-20 16:00:00+00:00,0,0,0,0,0,0
2018-01-20 16:30:00+00:00,0,0,0,0,0,0
2018-01-20 17:00:00+00:00,0,0,0,0,0,0
2018-01-20 17:30:00+00:00,0,0,0,0,0,0
2018-01-20 18:00:00+00:00,0,0,0,0,0,0
2018-01-20 18:30:00+00:00,0,0,0,0,0,0
2018-01-20 19:00:00+00:00,0,0,0,0,0,0
2018-01-20 19:30:00+00:00,0,0,0,0,0,0
2018-01-20 20:00:00+00:00,0,0,0,0,0,0
2018-01-20 20:30:00+00:00,0,0,0,0,0,0
2018-01-20 21:00:00+00:00,0,0,0,0,0,0
2018-01-20 21:30:00+00:00,0,0,0,0,0,0
2018-01-20 22:00:00+00:00,0,0,0,0,0,0
2018-01-20 22:30:00+00:00,0,0,0,0,13,13
2018-01-20 23:00:00+00:00,0,0,0,0,0,0
2018-01-20 23:30:00+00:00,0,0,0,0,0,0
2018-01-21 00:00:00+00:00,0,0,0,0,0,0
2018-01-21 00:30:00+00:00,0,0,0,0,0,0
2018-01-21 01:00:00+00:00,0,0,0,0,0,0
2018-01-21 01:30:00+00:00,0,0,0,0,0,0
2018-01-21 02:00:00+00:00,0,0,0,0,0,0
2018-01-21 02:30:00+00:00,0,0,0,0,0,0
2018-01-21 03:00:00+00:00,0,0,0,0,0,0
2018-01-21 03:30:00+00:00,0,0,0,0,0,0
2018-01-21 04:00:00+00:00,0,0,0,0,0,0
2018-01-21 04:30:00+00:00,0,0,0,0,0,0
2018-01-21 05:00:00+00:00,0,0,0,0,0,0
2018-01-21 05:30:00+00:00,0,0,0,0,0,0
2018-01-21 06:00:00+00:00,0,0,0,0,0,0
2018-01-21 06:30:00+00:00,0,0,0,0,0,0
2018-01-21 07:00:00+00:00,0,0,0,0,0,0
2018-01-21 07:30:00+00:00,0,0,0,0,0,0
2018-01-21 08:00:00+00:00,0,0,0,0,0,0
2018-01-21 08:30:00+00:00,0,0,0,0,0,0
2018-01-21 09:00:00+00:00,0,0,0,0,0,0
2018-01-21 09:30:00+00:00,0,0,0,0,0,0
2018-01-21 10:00:00+00:00,0,0,0,0,0,0
2018-01-21 10:30:00+00:00,0,0,0,0,0,0
2018-01-21 11:00:00+00:00,0,0,0,0,0,0
2018-01-21 11:30:00+00:00,0,0,0,0,0,0
2018-01-21 12:00:00+00:00,0,0,0,0,0,0
2018-01-21 12:30:00+00:00,0,0,0,0,0,0
2018-01-21 13:00:00+00:00,0,0,0,0,0,0
2018-01-21 13:30:00+00:00,0,0,0,0,0,0
2018-01-21 14:00:00+00:00,0,0,0,0,0,0
2018-01-21 14:30:00+00:00,0,0,0,0,0,0
2018-01-21 15:00:00+00:00,0,0,0,0,0,0
2018-01-21 15:30:00+00:00,0,0,0,0,0,0
2018-01-21 16:00:00+00:00,0,0,0,0,0,0
2018-01-21 16:30:00+00:00,0,0,0,0,0,0
2018-01-21 17:00:00+00:00,0,0,0,0,0,0
2018-01-21 17:30:00+00:00,0,0,0,0,0,0
2018-01-21 18:00:00+00:00,0,0,0,0,0,0
2018-01-21 18:30:00+00:00,0,0,0,0,0,0
2018-01-21 19:00:00+00:00,0,0,0,0,0,0
2018-01-21 19:30:00+00:00,0,0,0,0,0,0
2018-01-21 20:00:00+00:00,0,0,0,0,0,0
2018-01-21 20:30:00+00:00,0,0,0,0,0,0
2018-01-21 21:00:00+00:00,0,0,0,0,0,0
2018-01-21 21:30:00+00:00,0,0,0,0,0,0
2018-01-21 22:00:00+00:00,0,0,0,0,0,0
2018-01-21 22:30:00+00:00,0,0,0,0,1,1
2018-01-21 23:00:00+00:00,0,0,0,0,0,0
2018-01-21 23:30:00+00:00,0,0,0,0,0,0
2018-01-22 00:00:00+00:00,0,0,0,0,0,0
2018-01-22 00:30:00+00:00,0,0,0,0,0,0
2018-01-22 01:00:00+00:00,0,0,0,0,0,0
2018-01-22 01:30:00+00:00,0,0,0,0,0,0
2018-01-22 02:00:00+00:00,0,0,0,0,0,0
2018-01-22 02:30:00+00:00,0,0,0,0,0,0
2018-01-22 03:00:00+00:00,0,0,0,0,0,0
2018-01-22 03:30:00+00:00,0,0,0,0,0,0
2018-01-22 04:00:00+00:00,0,0,0,0,0,0
2018-01-22 04:30:00+00:00,0,0,0,0,0,0
2018-01-22 05:00:00+00:00,0,0,0,0,0,0
2018-01-22 05:30:00+00:00,0,0,0,0,0,0
2018-01-22 06:00:00+00:00,0,0,1,0,0,1
2018-01-22 06:30:00+00:00,0,5,27,0,0,32
2018-01-22 07:00:00+00:00,0,27,21,0,0,48
2018-01-22 07:30:00+00:00,0,53,10,0,0,63
2018-01-22 08:00:00+00:00,0,1,15,4,0,20
2018-01-22 08:30:00+00:00,0,53,7,21,0,81
2018-01-22 09:00:00+00:00,0,54,13,44,0,111
2018-01-22 09:30:00+00:00,0,66,20,27,0,113
2018-01-22 10:00:00+00:00,0,4,32,48,0,84
2018-01-22 10:30:00+00:00,0,8,38,0,0,46
2018-01-22 11:00:00+00:00,0,11,15,0,0,26
2018-01-22 11:30:00+00:00,0,17,9,0,0,26
2018-01-22 12:00:00+00:00,0,42,18,11,0,71
2018-01-22 12:30:00+00:00,0,4,16,24,0,44
2018-01-22 13:00:00+00:00,0,7,16,13,0,36
2018-01-22 13:30:00+00:00,0,16,15,6,0,37
2018-01-22 14:00:00+00:00,0,8,5,2,0,15
2018-01-22 14:30:00+00:00,0,32,2,7,0,41
2018-01-22 15:00:00+00:00,0,15,4,6,0,25
2018-01-22 15:30:00+00:00,0,10,10,8,0,28
2018-01-22 16:00:00+00:00,0,1,40,0,0,41
2018-01-22 16:30:00+00:00,0,4,10,0,0,14
2018-01-22 17:00:00+00:00,0,0,0,0,0,0
2018-01-22 17:30:00+00:00,0,0,0,0,0,0
2018-01-22 18:00:00+00:00,0,0,0,0,0,0
2018-01-22 18:30:00+00:00,0,0,0,0,0,0
2018-01-22 19:00:00+00:00,0,0,0,0,0,0
2018-01-22 19:30:00+00:00,0,0,3,0,0,3
2018-01-22 20:00:00+00:00,0,0,7,0,0,7
2018-01-22 20:30:00+00:00,0,0,0,0,0,0
2018-01-22 21:00:00+00:00,0,0,14,0,0,14
2018-01-22 21:30:00+00:00,0,0,4,0,0,4
2018-01-22 22:00:00+00:00,0,0,0,0,0,0
2018-01-22 22:30:00+00:00,0,0,0,0,283,283
2018-01-22 23:00:00+00:00,0,0,0,0,0,0
2018-01-22 23:30:00+00:00,0,0,0,0,0,0
2018-01-23 00:00:00+00:00,0,0,0,0,0,0
2018-01-23 00:30:00+00:00,0,0,0,0,0,0
2018-01-23 01:00:00+00:00,0,0,0,0,0,0
2018-01-23 01:30:00+00:00,0,0,0,0,0,0
2018-01-23 02:00:00+00:00,0,0,0,0,0,0
2018-01-23 02:30:00+00:00,0,0,0,0,0,0
2018-01-23 03:00:00+00:00,0,0,0,0,0,0
2018-01-23 03:30:00+00:00,0,0,0,0,0,0
2018-01-23 04:00:00+00:00,0,0,0,0,0,0
2018-01-23 04:30:00+00:00,0,0,0,0,0,0
2018-01-23 05:00:00+00:00,0,2,0,0,0,2
2018-01-23 05:30:00+00:00,0,0,0,0,0,0
2018-01-23 06:00:00+00:00,0,0,9,0,0,9
2018-01-23 06:30:00+00:00,0,92,1,0,0,93
2018-01-23 07:00:00+00:00,0,5,0,0,0,5
2018-01-23 07:30:00+00:00,0,77,12,47,0,136
2018-01-23 08:00:00+00:00,0,10,6,0,0,16
2018-01-23 08:30:00+00:00,0,8,47,25,0,80
2018-01-23 09:00:00+00:00,0,31,45,40,0,116
2018-01-23 09:30:00+00:00,0,16,12,2,0,30
2018-01-23 10:00:00+00:00,0,39,6,23,0,68
2018-01-23 10:30:00+00:00,0,92,13,1,0,106
2018-01-23 11:00:00+00:00,0,8,45,7,0,60
2018-01-23 11:30:00+00:00,0,0,12,10,0,22
2018-01-23 12:00:00+00:00,0,6,12,13,0,31
2018-01-23 12:30:00+00:00,0,3,16,5,0,24
2018-01-23 13:00:00+00:00,0,11,5,0,0,16
2018-01-23 13:30:00+00:00,0,25,7,4,0,36
2018-01-23 14:00:00+00:00,0,5,6,0,0,11
2018-01-23 14:30:00+00:00,0,16,2,0,0,18
2018-01-23 15:00:00+00:00,0,21,0,14,0,35
2018-01-23 15:30:00+00:00,0,15,37,13,0,65
2018-01-23 16:00:00+00:00,0,5,13,9,0,27
2018-01-23 16:30:00+00:00,0,0,76,10,0,86
2018-01-23 17:00:00+00:00,0,2,0,0,0,2
2018-01-23 17:30:00+00:00,0,9,0,0,0,9
2018-01-23 18:00:00+00:00,0,4,0,0,0,4
2018-01-23 18:30:00+00:00,0,0,0,0,0,0
2018-01-23 19:00:00+00:00,0,0,0,0,0,0
2018-01-23 19:30:00+00:00,0,0,0,0,0,0
2018-01-23 20:00:00+00:00,0,0,1,0,0,1
2018-01-23 20:30:00+00:00,0,0,0,0,0,0
2018-01-23 21:00:00+00:00,0,0,0,0,0,0
2018-01-23 21:30:00+00:00,0,0,0,0,0,0
2018-01-23 22:00:00+00:00,0,0,0,0,0,0
2018-01-23 22:30:00+00:00,0,0,0,0,286,286
2018-01-23 23:00:00+00:00,0,0,0,0,0,0
2018-01-23 23:30:00+00:00,0,0,0,0,0,0
2018-01-24 00:00:00+00:00,0,0,0,0,0,0
2018-01-24 00:30:00+00:00,0,0,0,0,0,0
2018-01-24 01:00:00+00:00,0,0,0,0,0,0
2018-01-24 01:30:00+00:00,0,0,0,0,0,0
2018-01-24 02:00:00+00:00,0,0,0,0,0,0
2018-01-24 02:30:00+00:00,0,0,0,0,0,0
2018-01-24 03:00:00+00:00,0,0,0,0,0,0
2018-01-24 03:30:00+00:00,0,0,0,0,0,0
2018-01-24 04:00:00+00:00,0,1,0,0,0,1
2018-01-24 04:30:00+00:00,0,0,0,0,0,0
2018-01-24 05:00:00+00:00,0,0,0,0,0,0
2018-01-24 05:30:00+00:00,0,0,0,0,0,0
2018-01-24 06:00:00+00:00,0,11,10,0,0,21
2018-01-24 06:30:00+00:00,0,78,8,0,0,86
2018-01-24 07:00:00+00:00,0,40,5,0,0,45
2018-01-24 07:30:00+00:00,0,85,40,3,0,128
2018-01-24 08:00:00+00:00,0,9,8,1,0,18
2018-01-24 08:30:00+00:00,0,23,27,8,0,58
2018-01-24 09:00:00+00:00,0,3,29,5,0,37
2018-01-24 09:30:00+00:00,0,25,3,7,0,35
2018-01-24 10:00:00+00:00,0,22,23,26,0,71
2018-01-24 10:30:00+00:00,0,8,2,5,0,15
2018-01-24 11:00:00+00:00,0,6,47,16,0,69
2018-01-24 11:30:00+00:00,0,1,17,15,0,33
2018-01-24 12:00:00+00:00,0,1,48,6,0,55
2018-01-24 12:30:00+00:00,0,10,87,21,0,118
2018-01-24 13:00:00+00:00,0,10,1,31,0,42
2018-01-24 13:30:00+00:00,0,11,13,15,0,39
2018-01-24 14:00:00+00:00,0,10,4,4,0,18
2018-01-24 14:30:00+00:00,0,8,4,9,0,21
2018-01-24 15:00:00+00:00,0,19,0,18,0,37
2018-01-24 15:30:00+00:00,0,12,3,6,0,21
2018-01-24 16:00:00+00:00,0,0,2,5,0,7
2018-01-24 16:30:00+00:00,0,8,20,21,0,49
2018-01-24 17:00:00+00:00,0,1,1,0,0,2
2018-01-24 17:30:00+00:00,0,0,1,0,0,1
2018-01-24 18:00:00+00:00,0,0,2,0,0,2
2018-01-24 18:30:00+00:00,0,0,0,0,0,0
2018-01-24 19:00:00+00:00,0,1,1,0,0,2
2018-01-24 19:30:00+00:00,0,0,0,0,0,0
2018-01-24 20:00:00+00:00,0,0,0,0,0,0
2018-01-24 20:30:00+00:00,0,0,0,0,0,0
2018-01-24 21:00:00+00:00,0,0,0,0,0,0
2018-01-24 21:30:00+00:00,0,0,1,0,0,1
2018-01-24 22:00:00+00:00,0,0,0,0,0,0
2018-01-24 22:30:00+00:00,0,0,0,0,301,301
2018-01-24 23:00:00+00:00,0,0,0,0,0,0
2018-01-24 23:30:00+00:00,0,0,0,0,0,0
2018-01-25 00:00:00+00:00,0,0,0,0,0,0
2018-01-25 00:30:00+00:00,0,0,0,0,0,0
2018-01-25 01:00:00+00:00,0,0,0,0,0,0
2018-01-25 01:30:00+00:00,0,0,0,0,0,0
2018-01-25 02:00:00+00:00,0,0,0,0,0,0
2018-01-25 02:30:00+00:00,0,0,0,0,0,0
2018-01-25 03:00:00+00:00,0,0,0,0,0,0
2018-01-25 03:30:00+00:00,0,0,0,0,0,0
2018-01-25 04:00:00+00:00,0,0,0,0,0,0
2018-01-25 04:30:00+00:00,0,4,0,0,0,4
2018-01-25 05:00:00+00:00,0,0,0,0,0,0
2018-01-25 05:30:00+00:00,0,0,0,0,0,0
2018-01-25 06:00:00+00:00,0,3,5,0,0,8
2018-01-25 06:30:00+00:00,0,31,3,0,0,34
2018-01-25 07:00:00+00:00,0,49,10,0,0,59
2018-01-25 07:30:00+00:00,0,44,13,0,0,57
2018-01-25 08:00:00+00:00,0,36,4,7,0,47
2018-01-25 08:30:00+00:00,0,35,10,0,0,45
2018-01-25 09:00:00+00:00,0,13,32,1,0,46
2018-01-25 09:30:00+00:00,0,7,15,1,0,23
2018-01-25 10:00:00+00:00,0,9,8,46,0,63
2018-01-25 10:30:00+00:00,0,5,1,2,0,8
2018-01-25 11:00:00+00:00,0,2,45,3,0,50
2018-01-25 11:30:00+00:00,0,4,16,0,0,20
2018-01-25 12:00:00+00:00,0,21,15,3,0,39
2018-01-25 12:30:00+00:00,0,42,9,27,0,78
2018-01-25 13:00:00+00:00,0,5,7,28,0,40
2018-01-25 13:30:00+00:00,0,15,9,8,0,32
2018-01-25 14:00:00+00:00,0,75,9,4,0,88
2018-01-25 14:30:00+00:00,0,31,4,0,0,35
2018-01-25 15:00:00+00:00,0,60,3,10,0,73
2018-01-25 15:30:00+00:00,56,26,10,16,0,108
2018-01-25 16:00:00+00:00,0,5,11,14,0,30
2018-01-25 16:30:00+00:00,0,18,72,17,0,107
2018-01-25 17:00:00+00:00,0,0,1,0,0,1
2018-01-25 17:30:00+00:00,0,2,0,0,0,2
2018-01-25 18:00:00+00:00,0,0,0,0,0,0
2018-01-25 18:30:00+00:00,0,0,15,0,0,15
2018-01-25 19:00:00+00:00,0,0,15,0,0,15
2018-01-25 19:30:00+00:00,0,0,43,0,0,43
2018-01-25 20:00:00+00:00,0,0,22,0,0,22
2018-01-25 20:30:00+00:00,0,0,0,0,0,0
2018-01-25 21:00:00+00:00,0,0,0,0,0,0
2018-01-25 21:30:00+00:00,0,0,1,0,0,1
2018-01-25 22:00:00+00:00,0,0,0,0,0,0
2018-01-25 22:30:00+00:00,0,0,0,0,308,308
2018-01-25 23:00:00+00:00,0,0,0,0,0,0
2018-01-25 23:30:00+00:00,0,0,0,0,0,0
2018-01-26 00:00:00+00:00,0,0,0,0,0,0
2018-01-26 00:30:00+00:00,0,0,0,0,0,0
2018-01-26 01:00:00+00:00,0,0,0,0,0,0
2018-01-26 01:30:00+00:00,0,0,0,0,0,0
2018-01-26 02:00:00+00:00,0,0,0,0,0,0
2018-01-26 02:30:00+00:00,0,0,0,0,0,0
2018-01-26 03:00:00+00:00,0,0,0,0,0,0
2018-01-26 03:30:00+00:00,0,1,0,1,0,2
2018-01-26 04:00:00+00:00,0,0,0,1,0,1
2018-01-26 04:30:00+00:00,0,0,0,0,0,0
2018-01-26 05:00:00+00:00,0,0,0,0,0,0
2018-01-26 05:30:00+00:00,0,0,0,0,0,0
2018-01-26 06:00:00+00:00,0,0,45,0,0,45
2018-01-26 06:30:00+00:00,0,9,23,3,0,35
2018-01-26 07:00:00+00:00,0,53,6,0,0,59
2018-01-26 07:30:00+00:00,0,51,19,0,0,70
2018-01-26 08:00:00+00:00,0,85,3,0,0,88
2018-01-26 08:30:00+00:00,0,19,26,0,0,45
2018-01-26 09:00:00+00:00,0,17,20,0,0,37
2018-01-26 09:30:00+00:00,0,31,20,0,0,51
2018-01-26 10:00:00+00:00,0,17,43,0,0,60
2018-01-26 10:30:00+00:00,0,24,45,0,0,69
2018-01-26 11:00:00+00:00,0,9,3,13,0,25
2018-01-26 11:30:00+00:00,0,3,15,8,0,26
2018-01-26 12:00:00+00:00,0,12,23,0,0,35
2018-01-26 12:30:00+00:00,0,1,4,0,0,5
2018-01-26 13:00:00+00:00,0,34,1,59,0,94
2018-01-26 13:30:00+00:00,0,60,12,35,0,107
2018-01-26 14:00:00+00:00,0,14,0,8,0,22
2018-01-26 14:30:00+00:00,0,25,7,2,0,34
2018-01-26 15:00:00+00:00,0,23,19,6,0,48
2018-01-26 15:30:00+00:00,0,33,33,0,0,66
2018-01-26 16:00:00+00:00,0,7,1,28,0,36
2018-01-26 16:30:00+00:00,0,0,24,9,0,33
2018-01-26 17:00:00+00:00,0,0,0,0,0,0
2018-01-26 17:30:00+00:00,0,0,0,0,0,0
2018-01-26 18:00:00+00:00,0,0,0,0,0,0
2018-01-26 18:30:00+00:00,0,0,0,0,0,0
2018-01-26 19:00:00+00:00,0,0,0,0,0,0
2018-01-26 19:30:00+00:00,0,0,0,0,0,0
2018-01-26 20:00:00+00:00,0,0,9,0,0,9
2018-01-26 20:30:00+00:00,0,0,1,0,0,1
2018-01-26 21:00:00+00:00,0,0,0,0,0,0
2018-01-26 21:30:00+00:00,0,0,0,0,0,0
2018-01-26 22:00:00+00:00,0,0,6,0,0,6
2018-01-26 22:30:00+00:00,0,0,0,0,338,338
2018-01-26 23:00:00+00:00,0,0,0,0,0,0
2018-01-26 23:30:00+00:00,0,0,0,0,0,0
2018-01-27 00:00:00+00:00,0,0,0,0,0,0
2018-01-27 00:30:00+00:00,0,0,0,0,0,0
2018-01-27 01:00:00+00:00,0,0,0,0,0,0
2018-01-27 01:30:00+00:00,0,0,0,0,0,0
2018-01-27 02:00:00+00:00,0,0,0,0,0,0
2018-01-27 02:30:00+00:00,0,0,0,0,0,0
2018-01-27 03:00:00+00:00,0,0,0,0,0,0
2018-01-27 03:30:00+00:00,0,0,0,0,0,0
2018-01-27 04:00:00+00:00,0,0,0,0,0,0
2018-01-27 04:30:00+00:00,0,0,0,0,0,0
2018-01-27 05:00:00+00:00,0,0,0,0,0,0
2018-01-27 05:30:00+00:00,0,0,0,0,0,0
2018-01-27 06:00:00+00:00,0,0,0,0,0,0
2018-01-27 06:30:00+00:00,0,0,0,0,0,0
2018-01-27 07:00:00+00:00,0,0,0,0,0,0
2018-01-27 07:30:00+00:00,0,0,0,0,0,0
2018-01-27 08:00:00+00:00,0,0,0,0,0,0
2018-01-27 08:30:00+00:00,0,0,0,0,0,0
2018-01-27 09:00:00+00:00,0,0,1,0,0,1
2018-01-27 09:30:00+00:00,0,0,0,0,0,0
2018-01-27 10:00:00+00:00,0,0,0,0,0,0
2018-01-27 10:30:00+00:00,0,0,0,0,0,0
2018-01-27 11:00:00+00:00,0,0,0,0,0,0
2018-01-27 11:30:00+00:00,0,0,0,0,0,0
2018-01-27 12:00:00+00:00,0,0,0,0,0,0
2018-01-27 12:30:00+00:00,0,0,0,0,0,0
2018-01-27 13:00:00+00:00,0,0,0,0,0,0
2018-01-27 13:30:00+00:00,0,0,0,0,0,0
2018-01-27 14:00:00+00:00,0,0,0,0,0,0
2018-01-27 14:30:00+00:00,0,0,0,0,0,0
2018-01-27 15:00:00+00:00,0,0,0,0,0,0
2018-01-27 15:30:00+00:00,0,0,0,0,0,0
2018-01-27 16:00:00+00:00,0,0,0,0,0,0
2018-01-27 16:30:00+00:00,0,0,0,0,0,0
2018-01-27 17:00:00+00:00,0,0,0,0,0,0
2018-01-27 17:30:00+00:00,0,0,0,0,0,0
2018-01-27 18:00:00+00:00,0,0,0,0,0,0
2018-01-27 18:30:00+00:00,0,0,0,0,0,0
2018-01-27 19:00:00+00:00,0,0,0,0,0,0
2018-01-27 19:30:00+00:00,0,0,0,0,0,0
2018-01-27 20:00:00+00:00,0,0,0,0,0,0
2018-01-27 20:30:00+00:00,0,0,0,0,0,0
2018-01-27 21:00:00+00:00,0,0,0,0,0,0
2018-01-27 21:30:00+00:00,0,0,0,0,0,0
2018-01-27 22:00:00+00:00,0,0,0,0,0,0
2018-01-27 22:30:00+00:00,0,0,0,0,29,29
2018-01-27 23:00:00+00:00,0,0,0,0,0,0
2018-01-27 23:30:00+00:00,0,0,0,0,0,0
2018-01-28 00:00:00+00:00,0,0,0,0,0,0
2018-01-28 00:30:00+00:00,0,0,0,0,0,0
2018-01-28 01:00:00+00:00,0,0,0,0,0,0
2018-01-28 01:30:00+00:00,0,0,0,0,0,0
2018-01-28 02:00:00+00:00,0,0,0,0,0,0
2018-01-28 02:30:00+00:00,0,0,0,0,0,0
2018-01-28 03:00:00+00:00,0,0,0,0,0,0
2018-01-28 03:30:00+00:00,0,0,0,0,0,0
2018-01-28 04:00:00+00:00,0,0,0,0,0,0
2018-01-28 04:30:00+00:00,0,0,0,0,0,0
2018-01-28 05:00:00+00:00,0,0,0,0,0,0
2018-01-28 05:30:00+00:00,0,0,0,0,0,0
2018-01-28 06:00:00+00:00,0,0,0,0,0,0
2018-01-28 06:30:00+00:00,0,0,0,0,0,0
2018-01-28 07:00:00+00:00,0,0,0,0,0,0
2018-01-28 07:30:00+00:00,0,0,0,0,0,0
2018-01-28 08:00:00+00:00,0,0,0,0,0,0
2018-01-28 08:30:00+00:00,0,0,0,0,0,0
2018-01-28 09:00:00+00:00,0,0,0,0,0,0
2018-01-28 09:30:00+00:00,0,0,0,0,0,0
2018-01-28 10:00:00+00:00,0,0,0,0,0,0
2018-01-28 10:30:00+00:00,0,0,0,0,0,0
2018-01-28 11:00:00+00:00,0,0,0,0,0,0
2018-01-28 11:30:00+00:00,0,0,0,0,0,0
2018-01-28 12:00:00+00:00,0,0,0,0,0,0
2018-01-28 12:30:00+00:00,0,0,0,0,0,0
2018-01-28 13:00:00+00:00,0,0,0,0,0,0
2018-01-28 13:30:00+00:00,0,0,0,0,0,0
2018-01-28 14:00:00+00:00,0,0,0,0,0,0
2018-01-28 14:30:00+00:00,0,0,0,0,0,0
2018-01-28 15:00:00+00:00,0,0,0,0,0,0
2018-01-28 15:30:00+00:00,0,0,0,0,0,0
2018-01-28 16:00:00+00:00,0,0,0,0,0,0
2018-01-28 16:30:00+00:00,0,0,0,0,0,0
2018-01-28 17:00:00+00:00,0,0,0,0,0,0
2018-01-28 17:30:00+00:00,0,0,0,0,0,0
2018-01-28 18:00:00+00:00,0,0,0,0,0,0
2018-01-28 18:30:00+00:00,0,0,0,0,0,0
2018-01-28 19:00:00+00:00,0,0,0,0,0,0
2018-01-28 19:30:00+00:00,0,0,0,0,0,0
2018-01-28 20:00:00+00:00,0,0,0,0,0,0
2018-01-28 20:30:00+00:00,0,0,0,0,0,0
2018-01-28 21:00:00+00:00,0,0,0,0,0,0
2018-01-28 21:30:00+00:00,0,0,0,0,0,0
2018-01-28 22:00:00+00:00,0,0,0,0,0,0
2018-01-28 22:30:00+00:00,0,0,1,0,2,3
2018-01-28 23:00:00+00:00,0,0,0,0,0,0
2018-01-28 23:30:00+00:00,0,0,0,0,0,0
2018-01-29 00:00:00+00:00,0,0,0,0,0,0
2018-01-29 00:30:00+00:00,0,0,0,0,0,0
2018-01-29 01:00:00+00:00,0,0,0,0,0,0
2018-01-29 01:30:00+00:00,0,0,0,0,0,0
2018-01-29 02:00:00+00:00,0,0,0,0,0,0
2018-01-29 02:30:00+00:00,0,0,0,0,0,0
2018-01-29 03:00:00+00:00,0,0,0,0,0,0
2018-01-29 03:30:00+00:00,0,0,0,0,0,0
2018-01-29 04:00:00+00:00,0,2,0,0,0,2
2018-01-29 04:30:00+00:00,0,0,0,0,0,0
2018-01-29 05:00:00+00:00,0,0,0,0,0,0
2018-01-29 05:30:00+00:00,0,0,0,0,0,0
2018-01-29 06:00:00+00:00,0,1,75,0,0,76
2018-01-29 06:30:00+00:00,0,43,30,0,0,73
2018-01-29 07:00:00+00:00,0,0,2,0,0,2
2018-01-29 07:30:00+00:00,0,55,20,2,0,77
2018-01-29 08:00:00+00:00,0,20,9,1,0,30
2018-01-29 08:30:00+00:00,0,26,15,26,0,67
2018-01-29 09:00:00+00:00,0,57,5,11,0,73
2018-01-29 09:30:00+00:00,0,46,24,1,0,71
2018-01-29 10:00:00+00:00,0,18,35,3,0,56
2018-01-29 10:30:00+00:00,0,36,8,11,0,55
2018-01-29 11:00:00+00:00,0,8,7,0,0,15
2018-01-29 11:30:00+00:00,0,5,13,0,0,18
2018-01-29 12:00:00+00:00,0,17,28,9,0,54
2018-01-29 12:30:00+00:00,0,16,49,4,0,69
2018-01-29 13:00:00+00:00,0,11,22,17,0,50
2018-01-29 13:30:00+00:00,0,13,14,0,0,27
2018-01-29 14:00:00+00:00,0,2,10,0,0,12
2018-01-29 14:30:00+00:00,0,3,11,0,0,14
2018-01-29 15:00:00+00:00,29,49,11,3,0,92
2018-01-29 15:30:00+00:00,0,3,0,2,0,5
2018-01-29 16:00:00+00:00,0,5,0,4,0,9
2018-01-29 16:30:00+00:00,0,1,110,3,0,114
2018-01-29 17:00:00+00:00,0,0,25,0,0,25
2018-01-29 17:30:00+00:00,0,0,0,0,0,0
2018-01-29 18:00:00+00:00,0,0,0,0,0,0
2018-01-29 18:30:00+00:00,0,0,0,0,0,0
2018-01-29 19:00:00+00:00,0,0,0,0,0,0
2018-01-29 19:30:00+00:00,0,0,0,0,0,0
2018-01-29 20:00:00+00:00,0,0,0,0,0,0
2018-01-29 20:30:00+00:00,0,0,11,0,0,11
2018-01-29 21:00:00+00:00,0,0,0,0,0,0
2018-01-29 21:30:00+00:00,0,0,1,0,0,1
2018-01-29 22:00:00+00:00,0,0,0,0,0,0
2018-01-29 22:30:00+00:00,0,0,0,0,396,396
2018-01-29 23:00:00+00:00,0,0,0,0,0,0
2018-01-29 23:30:00+00:00,0,0,0,0,0,0
2018-01-30 00:00:00+00:00,0,0,0,0,0,0
2018-01-30 00:30:00+00:00,0,0,0,0,0,0
2018-01-30 01:00:00+00:00,0,0,0,0,0,0
2018-01-30 01:30:00+00:00,0,0,0,0,0,0
2018-01-30 02:00:00+00:00,0,0,0,0,0,0
2018-01-30 02:30:00+00:00,0,0,0,0,0,0
2018-01-30 03:00:00+00:00,0,0,0,0,0,0
2018-01-30 03:30:00+00:00,0,0,0,0,0,0
2018-01-30 04:00:00+00:00,0,0,0,0,0,0
2018-01-30 04:30:00+00:00,0,0,0,0,0,0
2018-01-30 05:00:00+00:00,0,0,0,0,0,0
2018-01-30 05:30:00+00:00,0,46,1,0,0,47
2018-01-30 06:00:00+00:00,0,0,34,0,0,34
2018-01-30 06:30:00+00:00,0,5,3,0,0,8
2018-01-30 07:00:00+00:00,0,10,11,0,0,21
2018-01-30 07:30:00+00:00,0,80,16,0,0,96
2018-01-30 08:00:00+00:00,0,114,41,1,0,156
2018-01-30 08:30:00+00:00,0,25,34,0,0,59
2018-01-30 09:00:00+00:00,0,62,6,14,0,82
2018-01-30 09:30:00+00:00,0,9,17,13,0,39
2018-01-30 10:00:00+00:00,0,29,27,0,0,56
2018-01-30 10:30:00+00:00,0,87,17,0,0,104
2018-01-30 11:00:00+00:00,0,6,18,3,0,27
2018-01-30 11:30:00+00:00,0,14,2,7,0,23
2018-01-30 12:00:00+00:00,0,20,11,2,0,33
2018-01-30 12:30:00+00:00,0,28,20,3,0,51
2018-01-30 13:00:00+00:00,0,81,22,1,0,104
2018-01-30 13:30:00+00:00,0,16,5,17,0,38
2018-01-30 14:00:00+00:00,0,10,3,1,0,14
2018-01-30 14:30:00+00:00,0,2,0,57,0,59
2018-01-30 15:00:00+00:00,0,62,1,34,0,97
2018-01-30 15:30:00+00:00,0,9,3,5,0,17
2018-01-30 16:00:00+00:00,0,6,6,4,0,16
2018-01-30 16:30:00+00:00,0,0,83,16,0,99
2018-01-30 17:00:00+00:00,0,0,4,0,0,4
2018-01-30 17:30:00+00:00,0,0,0,0,0,0
2018-01-30 18:00:00+00:00,0,0,0,0,0,0
2018-01-30 18:30:00+00:00,0,0,0,0,0,0
2018-01-30 19:00:00+00:00,0,0,1,0,0,1
2018-01-30 19:30:00+00:00,0,0,1,0,0,1
2018-01-30 20:00:00+00:00,0,0,0,0,0,0
2018-01-30 20:30:00+00:00,0,0,0,0,0,0
2018-01-30 21:00:00+00:00,0,0,0,0,0,0
2018-01-30 21:30:00+00:00,0,0,0,0,0,0
2018-01-30 22:00:00+00:00,0,0,0,0,0,0
2018-01-30 22:30:00+00:00,0,0,0,0,224,224
2018-01-30 23:00:00+00:00,0,0,0,0,0,0
2018-01-30 23:30:00+00:00,0,0,0,0,0,0
2018-01-31 00:00:00+00:00,0,0,0,0,0,0
2018-01-31 00:30:00+00:00,0,0,0,0,0,0
2018-01-31 01:00:00+00:00,0,0,0,0,0,0
2018-01-31 01:30:00+00:00,0,0,0,0,0,0
2018-01-31 02:00:00+00:00,0,0,0,0,0,0
2018-01-31 02:30:00+00:00,0,0,0,0,0,0
2018-01-31 03:00:00+00:00,0,0,0,0,0,0
2018-01-31 03:30:00+00:00,0,0,0,0,0,0
2018-01-31 04:00:00+00:00,0,0,0,0,0,0
2018-01-31 04:30:00+00:00,0,1,0,0,0,1
2018-01-31 05:00:00+00:00,0,0,0,0,0,0
2018-01-31 05:30:00+00:00,0,0,0,0,0,0
2018-01-31 06:00:00+00:00,0,1,0,0,0,1
2018-01-31 06:30:00+00:00,0,49,14,0,0,63
2018-01-31 07:00:00+00:00,0,11,21,0,0,32
2018-01-31 07:30:00+00:00,0,25,8,0,0,33
2018-01-31 08:00:00+00:00,0,11,9,21,0,41
2018-01-31 08:30:00+00:00,0,34,44,0,0,78
2018-01-31 09:00:00+00:00,0,5,11,0,0,16
2018-01-31 09:30:00+00:00,0,66,5,69,0,140
2018-01-31 10:00:00+00:00,0,27,13,5,0,45
2018-01-31 10:30:00+00:00,0,35,48,2,0,85
2018-01-31 11:00:00+00:00,0,5,10,3,0,18
2018-01-31 11:30:00+00:00,0,11,9,44,0,64
2018-01-31 12:00:00+00:00,0,34,8,7,0,49
2018-01-31 12:30:00+00:00,0,14,8,1,0,23
2018-01-31 13:00:00+00:00,0,16,33,1,0,50
2018-01-31 13:30:00+00:00,0,38,11,4,0,53
2018-01-31 14:00:00+00:00,0,1,5,35,0,41
2018-01-31 14:30:00+00:00,0,16,2,20,0,38
2018-01-31 15:00:00+00:00,0,20,23,37,0,80
2018-01-31 15:30:00+00:00,0,10,39,5,0,54
2018-01-31 16:00:00+00:00,0,10,16,3,0,29
2018-01-31 16:30:00+00:00,0,0,49,9,0,58
2018-01-31 17:00:00+00:00,0,6,4,6,0,16
2018-01-31 17:30:00+00:00,0,0,0,0,0,0
2018-01-31 18:00:00+00:00,0,0,0,0,0,0
2018-01-31 18:30:00+00:00,0,0,0,0,0,0
2018-01-31 19:00:00+00:00,0,0,0,0,0,0
2018-01-31 19:30:00+00:00,0,6,1,0,0,7
2018-01-31 20:00:00+00:00,0,2,0,0,0,2
2018-01-31 20:30:00+00:00,0,4,0,0,0,4
2018-01-31 21:00:00+00:00,0,0,0,0,0,0
2018-01-31 21:30:00+00:00,0,0,5,0,0,5
2018-01-31 22:00:00+00:00,0,0,0,0,0,0
2018-01-31 22:30:00+00:00,0,0,0,0,973,973
2018-01-31 23:00:00+00:00,0,0,0,0,0,0
2018-01-31 23:30:00+00:00,0,0,0,0,0,0
2018-02-01 00:00:00+00:00,0,0,0,0,0,0
2018-02-01 00:30:00+00:00,0,0,0,0,0,0
2018-02-01 01:00:00+00:00,0,0,0,0,0,0
2018-02-01 01:30:00+00:00,0,0,3,0,0,3
2018-02-01 02:00:00+00:00,0,0,0,0,0,0
2018-02-01 02:30:00+00:00,0,0,0,0,0,0
2018-02-01 03:00:00+00:00,0,0,0,0,0,0
2018-02-01 03:30:00+00:00,0,0,0,0,0,0
2018-02-01 04:00:00+00:00,0,1,0,0,0,1
2018-02-01 04:30:00+00:00,0,0,0,0,0,0
2018-02-01 05:00:00+00:00,0,0,0,0,0,0
2018-02-01 05:30:00+00:00,0,0,12,0,0,12
2018-02-01 06:00:00+00:00,0,41,0,0,0,41
2018-02-01 06:30:00+00:00,0,2,38,0,0,40
2018-02-01 07:00:00+00:00,0,28,7,0,0,35
2018-02-01 07:30:00+00:00,0,86,3,0,0,89
2018-02-01 08:00:00+00:00,0,10,14,4,0,28
2018-02-01 08:30:00+00:00,0,38,30,6,0,74
2018-02-01 09:00:00+00:00,0,51,24,6,0,81
2018-02-01 09:30:00+00:00,0,43,1,26,0,70
2018-02-01 10:00:00+00:00,0,33,23,44,0,100
2018-02-01 10:30:00+00:00,0,28,19,4,0,51
2018-02-01 11:00:00+00:00,206,5,6,11,0,228
2018-02-01 11:30:00+00:00,0,25,14,30,0,69
2018-02-01 12:00:00+00:00,0,5,16,10,0,31
2018-02-01 12:30:00+00:00,0,27,7,9,0,43
2018-02-01 13:00:00+00:00,0,5,4,34,0,43
2018-02-01 13:30:00+00:00,0,10,23,52,0,85
2018-02-01 14:00:00+00:00,0,15,14,1,0,30
2018-02-01 14:30:00+00:00,0,29,13,22,0,64
2018-02-01 15:00:00+00:00,0,27,3,49,0,79
2018-02-01 15:30:00+00:00,0,11,1,14,0,26
2018-02-01 16:00:00+00:00,0,53,56,9,0,118
2018-02-01 16:30:00+00:00,0,5,48,13,0,66
2018-02-01 17:00:00+00:00,0,0,0,1,0,1
2018-02-01 17:30:00+00:00,0,0,1,0,0,1
2018-02-01 18:00:00+00:00,0,0,1,0,0,1
2018-02-01 18:30:00+00:00,0,1,0,0,0,1
2018-02-01 19:00:00+00:00,0,1,1,0,0,2
2018-02-01 19:30:00+00:00,0,0,1,0,0,1
2018-02-01 20:00:00+00:00,0,0,0,0,0,0
2018-02-01 20:30:00+00:00,0,0,1,0,0,1
2018-02-01 21:00:00+00:00,0,0,0,0,0,0
2018-02-01 21:30:00+00:00,0,0,1,0,0,1
2018-02-01 22:00:00+00:00,0,0,1,0,0,1
2018-02-01 22:30:00+00:00,0,0,0,0,207,207
2018-02-01 23:00:00+00:00,0,0,0,0,0,0
2018-02-01 23:30:00+00:00,0,0,0,0,0,0
2018-02-02 00:00:00+00:00,0,0,0,0,0,0
2018-02-02 00:30:00+00:00,0,0,0,0,0,0
2018-02-02 01:00:00+00:00,0,0,0,0,0,0
2018-02-02 01:30:00+00:00,0,0,0,0,0,0
2018-02-02 02:00:00+00:00,0,0,0,0,0,0
2018-02-02 02:30:00+00:00,0,0,0,0,0,0
2018-02-02 03:00:00+00:00,0,0,0,1,0,1
2018-02-02 03:30:00+00:00,0,0,0,7,0,7
2018-02-02 04:00:00+00:00,0,0,0,0,0,0
2018-02-02 04:30:00+00:00,0,0,0,0,0,0
2018-02-02 05:00:00+00:00,0,0,0,2,0,2
2018-02-02 05:30:00+00:00,0,0,0,7,0,7
2018-02-02 06:00:00+00:00,0,0,1,4,0,5
2018-02-02 06:30:00+00:00,0,1,61,0,0,62
2018-02-02 07:00:00+00:00,0,135,11,1,0,147
2018-02-02 07:30:00+00:00,0,23,9,0,0,32
2018-02-02 08:00:00+00:00,0,5,7,2,0,14
2018-02-02 08:30:00+00:00,0,29,8,4,0,41
2018-02-02 09:00:00+00:00,0,9,19,2,0,30
2018-02-02 09:30:00+00:00,0,10,23,10,0,43
2018-02-02 10:00:00+00:00,0,8,17,10,0,35
2018-02-02 10:30:00+00:00,0,7,11,6,0,24
2018-02-02 11:00:00+00:00,0,9,18,11,0,38
2018-02-02 11:30:00+00:00,0,5,34,3,0,42
2018-02-02 12:00:00+00:00,0,32,9,42,0,83
2018-02-02 12:30:00+00:00,0,4,6,6,0,16
2018-02-02 13:00:00+00:00,0,29,1,4,0,34
2018-02-02 13:30:00+00:00,0,29,8,4,0,41
2018-02-02 14:00:00+00:00,0,13,19,10,0,42
2018-02-02 14:30:00+00:00,0,1,5,19,0,25
2018-02-02 15:00:00+00:00,0,1,0,10,0,11
2018-02-02 15:30:00+00:00,0,0,0,3,0,3
2018-02-02 16:00:00+00:00,0,17,138,4,0,159
2018-02-02 16:30:00+00:00,0,12,19,7,0,38
2018-02-02 17:00:00+00:00,0,0,1,1,0,2
2018-02-02 17:30:00+00:00,0,0,0,0,0,0
2018-02-02 18:00:00+00:00,0,0,0,0,0,0
2018-02-02 18:30:00+00:00,0,0,0,0,0,0
2018-02-02 19:00:00+00:00,0,0,0,0,0,0
2018-02-02 19:30:00+00:00,0,0,0,0,0,0
2018-02-02 20:00:00+00:00,0,0,0,0,0,0
2018-02-02 20:30:00+00:00,0,0,0,0,0,0
2018-02-02 21:00:00+00:00,0,0,0,0,0,0
2018-02-02 21:30:00+00:00,0,0,2,0,0,2
2018-02-02 22:00:00+00:00,0,0,0,0,0,0
2018-02-02 22:30:00+00:00,0,0,0,0,354,354
2018-02-02 23:00:00+00:00,0,0,0,0,0,0
2018-02-02 23:30:00+00:00,0,0,0,0,0,0
2018-02-03 00:00:00+00:00,0,0,0,0,0,0
2018-02-03 00:30:00+00:00,0,0,0,0,0,0
2018-02-03 01:00:00+00:00,0,0,0,0,0,0
2018-02-03 01:30:00+00:00,0,0,0,0,0,0
2018-02-03 02:00:00+00:00,0,0,0,0,0,0
2018-02-03 02:30:00+00:00,0,0,0,0,0,0
2018-02-03 03:00:00+00:00,0,0,0,0,0,0
2018-02-03 03:30:00+00:00,0,0,0,0,0,0
2018-02-03 04:00:00+00:00,0,0,0,0,0,0
2018-02-03 04:30:00+00:00,0,0,0,0,0,0
2018-02-03 05:00:00+00:00,0,0,0,0,0,0
2018-02-03 05:30:00+00:00,0,0,0,0,0,0
2018-02-03 06:00:00+00:00,0,0,0,0,0,0
2018-02-03 06:30:00+00:00,0,0,0,0,0,0
2018-02-03 07:00:00+00:00,0,0,0,0,0,0
2018-02-03 07:30:00+00:00,0,0,0,0,0,0
2018-02-03 08:00:00+00:00,0,0,0,0,0,0
2018-02-03 08:30:00+00:00,0,0,0,0,0,0
2018-02-03 09:00:00+00:00,0,0,0,0,0,0
2018-02-03 09:30:00+00:00,0,0,0,0,0,0
2018-02-03 10:00:00+00:00,0,0,0,0,0,0
2018-02-03 10:30:00+00:00,0,0,0,0,0,0
2018-02-03 11:00:00+00:00,0,0,0,0,0,0
2018-02-03 11:30:00+00:00,0,0,0,0,0,0
2018-02-03 12:00:00+00:00,0,0,0,0,0,0
2018-02-03 12:30:00+00:00,0,0,0,0,0,0
2018-02-03 13:00:00+00:00,0,0,0,0,0,0
2018-02-03 13:30:00+00:00,0,0,0,0,0,0
2018-02-03 14:00:00+00:00,0,0,0,0,0,0
2018-02-03 14:30:00+00:00,0,0,0,0,0,0
2018-02-03 15:00:00+00:00,0,0,0,0,0,0
2018-02-03 15:30:00+00:00,0,0,0,0,0,0
2018-02-03 16:00:00+00:00,0,0,0,0,0,0
2018-02-03 16:30:00+00:00,0,0,0,0,0,0
2018-02-03 17:00:00+00:00,0,0,0,0,0,0
2018-02-03 17:30:00+00:00,0,0,0,0,0,0
2018-02-03 18:00:00+00:00,0,0,0,0,0,0
2018-02-03 18:30:00+00:00,0,0,0,0,0,0
2018-02-03 19:00:00+00:00,0,0,0,0,0,0
2018-02-03 19:30:00+00:00,0,0,0,0,0,0
2018-02-03 20:00:00+00:00,0,0,0,0,0,0
2018-02-03 20:30:00+00:00,0,0,0,0,0,0
2018-02-03 21:00:00+00:00,0,0,0,0,0,0
2018-02-03 21:30:00+00:00,0,0,0,0,0,0
2018-02-03 22:00:00+00:00,0,0,0,0,0,0
2018-02-03 22:30:00+00:00,0,0,0,0,5,5
2018-02-03 23:00:00+00:00,0,0,0,0,0,0
2018-02-03 23:30:00+00:00,0,0,0,0,0,0
2018-02-04 00:00:00+00:00,0,0,0,0,0,0
2018-02-04 00:30:00+00:00,0,0,0,0,0,0
2018-02-04 01:00:00+00:00,0,0,0,0,0,0
2018-02-04 01:30:00+00:00,0,0,0,0,0,0
2018-02-04 02:00:00+00:00,0,0,0,0,0,0
2018-02-04 02:30:00+00:00,0,0,0,0,0,0
2018-02-04 03:00:00+00:00,0,0,0,0,0,0
2018-02-04 03:30:00+00:00,0,0,0,0,0,0
2018-02-04 04:00:00+00:00,0,0,0,0,0,0
2018-02-04 04:30:00+00:00,0,0,0,0,0,0
2018-02-04 05:00:00+00:00,0,0,0,0,0,0
2018-02-04 05:30:00+00:00,0,0,0,0,0,0
2018-02-04 06:00:00+00:00,0,0,0,0,0,0
2018-02-04 06:30:00+00:00,0,0,0,0,0,0
2018-02-04 07:00:00+00:00,0,0,0,0,0,0
2018-02-04 07:30:00+00:00,0,0,0,0,0,0
2018-02-04 08:00:00+00:00,0,0,0,0,0,0
2018-02-04 08:30:00+00:00,0,0,0,0,0,0
2018-02-04 09:00:00+00:00,0,0,0,0,0,0
2018-02-04 09:30:00+00:00,0,0,0,0,0,0
2018-02-04 10:00:00+00:00,0,0,0,0,0,0
2018-02-04 10:30:00+00:00,0,0,0,0,0,0
2018-02-04 11:00:00+00:00,0,0,0,0,0,0
2018-02-04 11:30:00+00:00,0,0,0,0,0,0
2018-02-04 12:00:00+00:00,0,0,0,0,0,0
2018-02-04 12:30:00+00:00,0,0,0,0,0,0
2018-02-04 13:00:00+00:00,0,0,0,0,0,0
2018-02-04 13:30:00+00:00,0,0,0,0,0,0
2018-02-04 14:00:00+00:00,0,0,0,0,0,0
2018-02-04 14:30:00+00:00,0,0,0,0,0,0
2018-02-04 15:00:00+00:00,0,0,0,0,0,0
2018-02-04 15:30:00+00:00,0,0,0,0,0,0
2018-02-04 16:00:00+00:00,0,0,0,0,0,0
2018-02-04 16:30:00+00:00,0,0,0,0,0,0
2018-02-04 17:00:00+00:00,0,0,0,0,0,0
2018-02-04 17:30:00+00:00,0,0,0,0,0,0
2018-02-04 18:00:00+00:00,0,0,0,0,0,0
2018-02-04 18:30:00+00:00,0,0,0,0,0,0
2018-02-04 19:00:00+00:00,0,0,0,0,0,0
2018-02-04 19:30:00+00:00,0,16,0,0,0,16
2018-02-04 20:00:00+00:00,0,1,0,0,0,1
2018-02-04 20:30:00+00:00,0,8,0,0,0,8
2018-02-04 21:00:00+00:00,0,0,0,0,0,0
2018-02-04 21:30:00+00:00,0,19,0,0,0,19
2018-02-04 22:00:00+00:00,0,0,0,0,0,0
2018-02-04 22:30:00+00:00,0,0,0,0,0,0
2018-02-04 23:00:00+00:00,0,0,0,0,0,0
2018-02-04 23:30:00+00:00,0,0,0,0,0,0
2018-02-05 00:00:00+00:00,0,0,0,0,0,0
2018-02-05 00:30:00+00:00,0,0,0,0,0,0
2018-02-05 01:00:00+00:00,0,0,0,0,0,0
2018-02-05 01:30:00+00:00,0,0,0,0,0,0
2018-02-05 02:00:00+00:00,0,0,0,0,0,0
2018-02-05 02:30:00+00:00,0,0,0,0,0,0
2018-02-05 03:00:00+00:00,0,0,0,0,0,0
2018-02-05 03:30:00+00:00,0,0,0,0,0,0
2018-02-05 04:00:00+00:00,0,0,0,0,0,0
2018-02-05 04:30:00+00:00,0,1,0,0,0,1
2018-02-05 05:00:00+00:00,0,0,0,0,0,0
2018-02-05 05:30:00+00:00,0,0,0,0,0,0
2018-02-05 06:00:00+00:00,0,7,12,0,0,19
2018-02-05 06:30:00+00:00,0,10,23,0,0,33
2018-02-05 07:00:00+00:00,0,34,10,0,0,44
2018-02-05 07:30:00+00:00,0,52,22,0,0,74
2018-02-05 08:00:00+00:00,0,29,9,2,0,40
2018-02-05 08:30:00+00:00,0,24,19,4,0,47
2018-02-05 09:00:00+00:00,0,23,9,35,0,67
2018-02-05 09:30:00+00:00,0,46,8,19,0,73
2018-02-05 10:00:00+00:00,0,19,36,18,0,73
2018-02-05 10:30:00+00:00,0,32,4,3,0,39
2018-02-05 11:00:00+00:00,0,13,4,1,0,18
2018-02-05 11:30:00+00:00,0,3,16,7,0,26
2018-02-05 12:00:00+00:00,0,45,20,4,0,69
2018-02-05 12:30:00+00:00,0,7,45,1,0,53
2018-02-05 13:00:00+00:00,0,6,22,0,0,28
2018-02-05 13:30:00+00:00,0,6,12,17,0,35
2018-02-05 14:00:00+00:00,0,6,22,20,0,48
2018-02-05 14:30:00+00:00,0,3,16,6,0,25
2018-02-05 15:00:00+00:00,0,6,4,5,0,15
2018-02-05 15:30:00+00:00,0,6,8,0,0,14
2018-02-05 16:00:00+00:00,0,14,6,17,0,37
2018-02-05 16:30:00+00:00,0,2,35,43,0,80
2018-02-05 17:00:00+00:00,0,8,0,0,0,8
2018-02-05 17:30:00+00:00,0,0,1,0,0,1
2018-02-05 18:00:00+00:00,0,0,2,0,0,2
2018-02-05 18:30:00+00:00,0,0,1,0,0,1
2018-02-05 19:00:00+00:00,0,0,0,0,0,0
2018-02-05 19:30:00+00:00,0,0,3,0,0,3
2018-02-05 20:00:00+00:00,0,0,3,0,0,3
2018-02-05 20:30:00+00:00,0,9,0,0,0,9
2018-02-05 21:00:00+00:00,0,0,0,0,0,0
2018-02-05 21:30:00+00:00,0,0,2,0,0,2
2018-02-05 22:00:00+00:00,0,0,0,0,0,0
2018-02-05 22:30:00+00:00,0,0,0,0,331,331
2018-02-05 23:00:00+00:00,0,0,0,0,0,0
2018-02-05 23:30:00+00:00,0,0,0,0,0,0
2018-02-06 00:00:00+00:00,0,0,0,0,0,0
2018-02-06 00:30:00+00:00,0,0,0,0,0,0
2018-02-06 01:00:00+00:00,0,0,0,0,0,0
2018-02-06 01:30:00+00:00,0,0,0,0,0,0
2018-02-06 02:00:00+00:00,0,0,0,0,0,0
2018-02-06 02:30:00+00:00,0,0,0,0,0,0
2018-02-06 03:00:00+00:00,0,0,0,0,0,0
2018-02-06 03:30:00+00:00,0,0,0,0,0,0
2018-02-06 04:00:00+00:00,0,0,0,0,0,0
2018-02-06 04:30:00+00:00,0,0,0,0,0,0
2018-02-06 05:00:00+00:00,0,0,0,0,0,0
2018-02-06 05:30:00+00:00,0,0,3,0,0,3
2018-02-06 06:00:00+00:00,0,0,1,0,0,1
2018-02-06 06:30:00+00:00,0,1,7,0,0,8
2018-02-06 07:00:00+00:00,0,77,12,0,0,89
2018-02-06 07:30:00+00:00,0,76,73,0,0,149
2018-02-06 08:00:00+00:00,0,2,45,0,0,47
2018-02-06 08:30:00+00:00,0,27,11,10,0,48
2018-02-06 09:00:00+00:00,0,23,22,10,0,55
2018-02-06 09:30:00+00:00,0,30,44,12,0,86
2018-02-06 10:00:00+00:00,0,5,32,24,0,61
2018-02-06 10:30:00+00:00,0,94,16,12,0,122
2018-02-06 11:00:00+00:00,0,13,5,11,0,29
2018-02-06 11:30:00+00:00,0,3,19,0,0,22
2018-02-06 12:00:00+00:00,0,7,10,0,0,17
2018-02-06 12:30:00+00:00,0,14,13,4,0,31
2018-02-06 13:00:00+00:00,0,13,15,34,0,62
2018-02-06 13:30:00+00:00,0,25,8,11,0,44
2018-02-06 14:00:00+00:00,0,9,21,20,0,50
2018-02-06 14:30:00+00:00,0,4,5,0,0,9
2018-02-06 15:00:00+00:00,0,5,14,2,0,21
2018-02-06 15:30:00+00:00,0,8,26,21,0,55
2018-02-06 16:00:00+00:00,0,5,0,6,0,11
2018-02-06 16:30:00+00:00,0,39,44,10,0,93
2018-02-06 17:00:00+00:00,0,0,2,0,0,2
2018-02-06 17:30:00+00:00,0,5,1,0,0,6
2018-02-06 18:00:00+00:00,0,0,1,0,0,1
2018-02-06 18:30:00+00:00,0,1,0,0,0,1
2018-02-06 19:00:00+00:00,0,0,0,0,0,0
2018-02-06 19:30:00+00:00,0,0,0,0,0,0
2018-02-06 20:00:00+00:00,0,0,0,0,0,0
2018-02-06 20:30:00+00:00,0,0,0,0,0,0
2018-02-06 21:00:00+00:00,0,0,0,0,0,0
2018-02-06 21:30:00+00:00,0,0,0,0,0,0
2018-02-06 22:00:00+00:00,0,0,0,0,0,0
2018-02-06 22:30:00+00:00,0,0,0,0,280,280
2018-02-06 23:00:00+00:00,0,0,0,0,0,0
2018-02-06 23:30:00+00:00,0,0,0,0,0,0
2018-02-07 00:00:00+00:00,0,0,0,0,0,0
2018-02-07 00:30:00+00:00,0,0,0,0,0,0
2018-02-07 01:00:00+00:00,0,0,0,0,0,0
2018-02-07 01:30:00+00:00,0,0,0,0,0,0
2018-02-07 02:00:00+00:00,0,0,0,0,0,0
2018-02-07 02:30:00+00:00,0,0,0,0,0,0
2018-02-07 03:00:00+00:00,0,0,0,0,0,0
2018-02-07 03:30:00+00:00,0,0,0,0,0,0
2018-02-07 04:00:00+00:00,0,0,0,0,0,0
2018-02-07 04:30:00+00:00,0,0,0,0,0,0
2018-02-07 05:00:00+00:00,0,0,0,0,0,0
2018-02-07 05:30:00+00:00,0,0,0,0,0,0
2018-02-07 06:00:00+00:00,0,48,48,0,0,96
2018-02-07 06:30:00+00:00,0,7,6,0,0,13
2018-02-07 07:00:00+00:00,0,44,7,0,0,51
2018-02-07 07:30:00+00:00,0,47,1,0,0,48
2018-02-07 08:00:00+00:00,0,4,15,0,0,19
2018-02-07 08:30:00+00:00,0,9,23,10,0,42
2018-02-07 09:00:00+00:00,0,24,1,19,0,44
2018-02-07 09:30:00+00:00,0,9,12,7,0,28
2018-02-07 10:00:00+00:00,0,11,2,13,0,26
2018-02-07 10:30:00+00:00,0,7,59,4,0,70
2018-02-07 11:00:00+00:00,0,9,10,0,0,19
2018-02-07 11:30:00+00:00,0,17,24,32,0,73
2018-02-07 12:00:00+00:00,0,8,95,13,0,116
2018-02-07 12:30:00+00:00,0,1,12,1,0,14
2018-02-07 13:00:00+00:00,0,18,48,54,0,120
2018-02-07 13:30:00+00:00,0,3,19,28,0,50
2018-02-07 14:00:00+00:00,0,22,2,8,0,32
2018-02-07 14:30:00+00:00,0,34,0,25,0,59
2018-02-07 15:00:00+00:00,0,36,25,5,0,66
2018-02-07 15:30:00+00:00,0,27,9,4,0,40
2018-02-07 16:00:00+00:00,0,12,8,14,0,34
2018-02-07 16:30:00+00:00,0,2,75,11,0,88
2018-02-07 17:00:00+00:00,0,2,0,0,0,2
2018-02-07 17:30:00+00:00,0,0,22,0,0,22
2018-02-07 18:00:00+00:00,0,0,6,0,0,6
2018-02-07 18:30:00+00:00,0,0,21,0,0,21
2018-02-07 19:00:00+00:00,0,0,5,0,0,5
2018-02-07 19:30:00+00:00,0,0,1,0,0,1
2018-02-07 20:00:00+00:00,0,0,1,0,0,1
2018-02-07 20:30:00+00:00,0,0,0,0,0,0
2018-02-07 21:00:00+00:00,0,0,0,0,0,0
2018-02-07 21:30:00+00:00,0,0,0,0,0,0
2018-02-07 22:00:00+00:00,0,0,0,0,0,0
2018-02-07 22:30:00+00:00,0,0,0,0,370,370
2018-02-07 23:00:00+00:00,0,0,0,0,0,0
2018-02-07 23:30:00+00:00,0,0,0,0,0,0
2018-02-08 00:00:00+00:00,0,0,0,0,0,0
2018-02-08 00:30:00+00:00,0,0,0,0,0,0
2018-02-08 01:00:00+00:00,0,0,0,0,0,0
2018-02-08 01:30:00+00:00,0,0,0,0,0,0
2018-02-08 02:00:00+00:00,0,0,0,0,0,0
2018-02-08 02:30:00+00:00,0,0,0,0,0,0
2018-02-08 03:00:00+00:00,0,0,0,0,0,0
2018-02-08 03:30:00+00:00,0,0,0,0,0,0
2018-02-08 04:00:00+00:00,0,0,0,0,0,0
2018-02-08 04:30:00+00:00,0,0,0,0,0,0
2018-02-08 05:00:00+00:00,0,0,0,0,0,0
2018-02-08 05:30:00+00:00,0,39,0,0,0,39
2018-02-08 06:00:00+00:00,0,3,1,0,0,4
2018-02-08 06:30:00+00:00,0,24,11,0,0,35
2018-02-08 07:00:00+00:00,0,8,14,0,0,22
2018-02-08 07:30:00+00:00,0,1,9,0,0,10
2018-02-08 08:00:00+00:00,0,33,10,4,0,47
2018-02-08 08:30:00+00:00,0,23,21,16,0,60
2018-02-08 09:00:00+00:00,0,20,3,5,0,28
2018-02-08 09:30:00+00:00,0,5,9,2,0,16
2018-02-08 10:00:00+00:00,0,2,7,3,0,12
2018-02-08 10:30:00+00:00,0,23,6,3,0,32
2018-02-08 11:00:00+00:00,0,3,4,40,0,47
2018-02-08 11:30:00+00:00,0,15,23,4,0,42
2018-02-08 12:00:00+00:00,0,8,20,8,0,36
2018-02-08 12:30:00+00:00,0,9,17,3,0,29
2018-02-08 13:00:00+00:00,0,6,34,15,0,55
2018-02-08 13:30:00+00:00,186,4,9,14,0,213
2018-02-08 14:00:00+00:00,0,16,6,20,0,42
2018-02-08 14:30:00+00:00,0,13,24,11,0,48
2018-02-08 15:00:00+00:00,0,17,11,7,0,35
2018-02-08 15:30:00+00:00,0,2,0,0,0,2
2018-02-08 16:00:00+00:00,0,4,2,1,0,7
2018-02-08 16:30:00+00:00,0,7,33,10,0,50
2018-02-08 17:00:00+00:00,0,0,0,0,0,0
2018-02-08 17:30:00+00:00,0,0,2,0,0,2
2018-02-08 18:00:00+00:00,0,0,0,0,0,0
2018-02-08 18:30:00+00:00,0,9,0,0,0,9
2018-02-08 19:00:00+00:00,0,0,1,0,0,1
2018-02-08 19:30:00+00:00,0,0,1,0,0,1
2018-02-08 20:00:00+00:00,0,0,1,0,0,1
2018-02-08 20:30:00+00:00,0,0,2,0,0,2
2018-02-08 21:00:00+00:00,0,0,0,0,0,0
2018-02-08 21:30:00+00:00,0,0,0,0,0,0
2018-02-08 22:00:00+00:00,0,0,0,0,0,0
2018-02-08 22:30:00+00:00,0,0,0,0,352,352
2018-02-08 23:00:00+00:00,0,0,0,0,0,0
2018-02-08 23:30:00+00:00,0,0,0,0,0,0
2018-02-09 00:00:00+00:00,0,0,0,0,0,0
2018-02-09 00:30:00+00:00,0,0,0,0,0,0
2018-02-09 01:00:00+00:00,0,0,0,0,0,0
2018-02-09 01:30:00+00:00,0,0,0,0,0,0
2018-02-09 02:00:00+00:00,0,0,0,0,0,0
2018-02-09 02:30:00+00:00,0,0,0,0,0,0
2018-02-09 03:00:00+00:00,0,0,0,0,0,0
2018-02-09 03:30:00+00:00,0,0,0,0,0,0
2018-02-09 04:00:00+00:00,0,0,0,0,0,0
2018-02-09 04:30:00+00:00,0,0,0,0,0,0
2018-02-09 05:00:00+00:00,0,0,0,0,0,0
2018-02-09 05:30:00+00:00,0,0,0,0,0,0
2018-02-09 06:00:00+00:00,0,67,70,0,0,137
2018-02-09 06:30:00+00:00,0,2,57,0,0,59
2018-02-09 07:00:00+00:00,0,32,7,0,0,39
2018-02-09 07:30:00+00:00,0,32,4,0,0,36
2018-02-09 08:00:00+00:00,0,16,21,2,0,39
2018-02-09 08:30:00+00:00,0,16,30,2,0,48
2018-02-09 09:00:00+00:00,0,10,6,57,0,73
2018-02-09 09:30:00+00:00,0,67,11,41,0,119
2018-02-09 10:00:00+00:00,0,131,12,19,0,162
2018-02-09 10:30:00+00:00,0,5,11,31,0,47
2018-02-09 11:00:00+00:00,0,14,39,38,0,91
2018-02-09 11:30:00+00:00,0,8,5,28,0,41
2018-02-09 12:00:00+00:00,0,45,20,9,0,74
2018-02-09 12:30:00+00:00,0,23,21,12,0,56
2018-02-09 13:00:00+00:00,0,51,48,11,0,110
2018-02-09 13:30:00+00:00,0,33,11,6,0,50
2018-02-09 14:00:00+00:00,0,17,14,9,0,40
2018-02-09 14:30:00+00:00,0,37,4,11,0,52
2018-02-09 15:00:00+00:00,0,8,4,4,0,16
2018-02-09 15:30:00+00:00,0,18,8,6,0,32
2018-02-09 16:00:00+00:00,0,29,5,7,0,41
2018-02-09 16:30:00+00:00,0,15,81,4,0,100
2018-02-09 17:00:00+00:00,0,7,0,1,0,8
2018-02-09 17:30:00+00:00,0,0,0,0,0,0
2018-02-09 18:00:00+00:00,0,1,0,0,0,1
2018-02-09 18:30:00+00:00,0,6,0,0,0,6
2018-02-09 19:00:00+00:00,0,1,0,0,0,1
2018-02-09 19:30:00+00:00,0,0,0,0,0,0
2018-02-09 20:00:00+00:00,0,0,0,0,0,0
2018-02-09 20:30:00+00:00,0,0,0,0,0,0
2018-02-09 21:00:00+00:00,0,0,0,0,0,0
2018-02-09 21:30:00+00:00,0,0,0,0,0,0
2018-02-09 22:00:00+00:00,0,0,0,0,0,0
2018-02-09 22:30:00+00:00,0,0,0,0,589,589
2018-02-09 23:00:00+00:00,0,0,0,0,0,0
2018-02-09 23:30:00+00:00,0,0,0,0,0,0
2018-02-10 00:00:00+00:00,0,0,0,0,0,0
2018-02-10 00:30:00+00:00,0,0,0,0,0,0
2018-02-10 01:00:00+00:00,0,0,0,0,0,0
2018-02-10 01:30:00+00:00,0,0,0,0,0,0
2018-02-10 02:00:00+00:00,0,0,1,0,0,1
2018-02-10 02:30:00+00:00,0,0,0,0,0,0
2018-02-10 03:00:00+00:00,0,0,0,0,0,0
2018-02-10 03:30:00+00:00,0,0,0,19,0,19
2018-02-10 04:00:00+00:00,0,0,0,22,0,22
2018-02-10 04:30:00+00:00,0,0,0,2,0,2
2018-02-10 05:00:00+00:00,0,0,0,32,0,32
2018-02-10 05:30:00+00:00,0,0,0,58,0,58
2018-02-10 06:00:00+00:00,0,0,0,197,0,197
2018-02-10 06:30:00+00:00,0,0,0,100,0,100
2018-02-10 07:00:00+00:00,0,0,0,115,0,115
2018-02-10 07:30:00+00:00,0,0,0,77,0,77
2018-02-10 08:00:00+00:00,0,0,1,22,0,23
2018-02-10 08:30:00+00:00,0,0,0,37,0,37
2018-02-10 09:00:00+00:00,0,0,0,22,0,22
2018-02-10 09:30:00+00:00,0,0,0,11,0,11
2018-02-10 10:00:00+00:00,0,0,0,3,0,3
2018-02-10 10:30:00+00:00,0,0,0,15,0,15
2018-02-10 11:00:00+00:00,0,0,0,54,0,54
2018-02-10 11:30:00+00:00,0,0,0,8,0,8
2018-02-10 12:00:00+00:00,0,0,0,0,0,0
2018-02-10 12:30:00+00:00,0,0,0,0,0,0
2018-02-10 13:00:00+00:00,0,3,0,0,0,3
2018-02-10 13:30:00+00:00,0,4,0,0,0,4
2018-02-10 14:00:00+00:00,0,9,0,0,0,9
2018-02-10 14:30:00+00:00,0,5,0,0,0,5
2018-02-10 15:00:00+00:00,0,0,0,0,0,0
2018-02-10 15:30:00+00:00,0,0,0,0,0,0
2018-02-10 16:00:00+00:00,0,0,0,0,0,0
2018-02-10 16:30:00+00:00,0,0,0,0,0,0
2018-02-10 17:00:00+00:00,0,0,0,0,0,0
2018-02-10 17:30:00+00:00,0,0,0,0,0,0
2018-02-10 18:00:00+00:00,0,0,0,0,0,0
2018-02-10 18:30:00+00:00,0,0,0,0,0,0
2018-02-10 19:00:00+00:00,0,0,0,0,0,0
2018-02-10 19:30:00+00:00,0,0,0,0,0,0
2018-02-10 20:00:00+00:00,0,0,0,0,0,0
2018-02-10 20:30:00+00:00,0,0,0,0,0,0
2018-02-10 21:00:00+00:00,0,0,0,0,0,0
2018-02-10 21:30:00+00:00,0,0,0,0,0,0
2018-02-10 22:00:00+00:00,0,0,0,0,0,0
2018-02-10 22:30:00+00:00,0,0,0,0,8,8
2018-02-10 23:00:00+00:00,0,0,0,0,0,0
2018-02-10 23:30:00+00:00,0,0,0,0,0,0
2018-02-11 00:00:00+00:00,0,0,0,0,0,0
2018-02-11 00:30:00+00:00,0,0,0,0,0,0
2018-02-11 01:00:00+00:00,0,0,0,0,0,0
2018-02-11 01:30:00+00:00,0,0,0,0,0,0
2018-02-11 02:00:00+00:00,0,0,0,0,0,0
2018-02-11 02:30:00+00:00,0,0,0,0,0,0
2018-02-11 03:00:00+00:00,0,0,0,0,0,0
2018-02-11 03:30:00+00:00,0,0,0,0,0,0
2018-02-11 04:00:00+00:00,0,0,0,0,0,0
2018-02-11 04:30:00+00:00,0,0,0,0,0,0
2018-02-11 05:00:00+00:00,0,0,0,0,0,0
2018-02-11 05:30:00+00:00,0,0,0,0,0,0
2018-02-11 06:00:00+00:00,0,0,0,0,0,0
2018-02-11 06:30:00+00:00,0,0,0,0,0,0
2018-02-11 07:00:00+00:00,0,0,0,0,0,0
2018-02-11 07:30:00+00:00,0,0,0,0,0,0
2018-02-11 08:00:00+00:00,0,0,0,0,0,0
2018-02-11 08:30:00+00:00,0,0,0,0,0,0
2018-02-11 09:00:00+00:00,0,0,0,0,0,0
2018-02-11 09:30:00+00:00,0,0,0,0,0,0
2018-02-11 10:00:00+00:00,0,0,0,0,0,0
2018-02-11 10:30:00+00:00,0,0,0,0,0,0
2018-02-11 11:00:00+00:00,0,0,0,0,0,0
2018-02-11 11:30:00+00:00,0,0,0,0,0,0
2018-02-11 12:00:00+00:00,0,0,0,0,0,0
2018-02-11 12:30:00+00:00,0,0,0,0,0,0
2018-02-11 13:00:00+00:00,0,0,0,0,0,0
2018-02-11 13:30:00+00:00,0,0,0,0,0,0
2018-02-11 14:00:00+00:00,0,0,0,0,0,0
2018-02-11 14:30:00+00:00,0,0,0,0,0,0
2018-02-11 15:00:00+00:00,0,0,0,0,0,0
2018-02-11 15:30:00+00:00,0,0,0,0,0,0
2018-02-11 16:00:00+00:00,0,0,0,0,0,0
2018-02-11 16:30:00+00:00,0,0,0,0,0,0
2018-02-11 17:00:00+00:00,0,0,0,0,0,0
2018-02-11 17:30:00+00:00,0,0,0,0,0,0
2018-02-11 18:00:00+00:00,0,0,0,0,0,0
2018-02-11 18:30:00+00:00,0,0,0,0,0,0
2018-02-11 19:00:00+00:00,0,0,0,0,0,0
2018-02-11 19:30:00+00:00,0,0,0,0,0,0
2018-02-11 20:00:00+00:00,0,0,0,0,0,0
2018-02-11 20:30:00+00:00,0,0,0,0,0,0
2018-02-11 21:00:00+00:00,0,0,0,0,0,0
2018-02-11 21:30:00+00:00,0,0,0,0,0,0
2018-02-11 22:00:00+00:00,0,0,0,0,0,0
2018-02-11 22:30:00+00:00,0,0,0,0,2,2
2018-02-11 23:00:00+00:00,0,0,0,0,0,0
2018-02-11 23:30:00+00:00,0,0,0,0,0,0
2018-02-12 00:00:00+00:00,0,0,5,0,0,5
2018-02-12 00:30:00+00:00,0,0,0,0,0,0
2018-02-12 01:00:00+00:00,0,0,0,0,0,0
2018-02-12 01:30:00+00:00,0,0,0,0,0,0
2018-02-12 02:00:00+00:00,0,0,0,0,0,0
2018-02-12 02:30:00+00:00,0,0,0,0,0,0
2018-02-12 03:00:00+00:00,0,0,0,0,0,0
2018-02-12 03:30:00+00:00,0,0,0,0,0,0
2018-02-12 04:00:00+00:00,0,0,0,0,0,0
2018-02-12 04:30:00+00:00,0,0,0,0,0,0
2018-02-12 05:00:00+00:00,0,1,0,0,0,1
2018-02-12 05:30:00+00:00,0,0,0,0,0,0
2018-02-12 06:00:00+00:00,0,0,43,0,0,43
2018-02-12 06:30:00+00:00,0,26,21,0,0,47
2018-02-12 07:00:00+00:00,0,51,7,0,0,58
2018-02-12 07:30:00+00:00,0,12,15,0,0,27
2018-02-12 08:00:00+00:00,0,18,5,0,0,23
2018-02-12 08:30:00+00:00,0,28,17,3,0,48
2018-02-12 09:00:00+00:00,0,75,20,7,0,102
2018-02-12 09:30:00+00:00,0,45,10,0,0,55
2018-02-12 10:00:00+00:00,0,50,12,8,0,70
2018-02-12 10:30:00+00:00,0,98,16,7,0,121
2018-02-12 11:00:00+00:00,0,16,40,6,0,62
2018-02-12 11:30:00+00:00,0,3,7,13,0,23
2018-02-12 12:00:00+00:00,0,27,10,8,0,45
2018-02-12 12:30:00+00:00,0,21,38,8,0,67
2018-02-12 13:00:00+00:00,0,28,25,42,0,95
2018-02-12 13:30:00+00:00,0,31,47,0,0,78
2018-02-12 14:00:00+00:00,0,10,18,10,0,38
2018-02-12 14:30:00+00:00,0,68,15,10,0,93
2018-02-12 15:00:00+00:00,0,38,2,13,0,53
2018-02-12 15:30:00+00:00,0,8,0,5,0,13
2018-02-12 16:00:00+00:00,0,11,23,4,0,38
2018-02-12 16:30:00+00:00,0,0,8,4,0,12
2018-02-12 17:00:00+00:00,0,0,30,1,0,31
2018-02-12 17:30:00+00:00,0,0,6,0,0,6
2018-02-12 18:00:00+00:00,0,0,1,0,0,1
2018-02-12 18:30:00+00:00,0,0,1,0,0,1
2018-02-12 19:00:00+00:00,0,0,0,0,0,0
2018-02-12 19:30:00+00:00,0,0,1,0,0,1
2018-02-12 20:00:00+00:00,0,0,1,0,0,1
2018-02-12 20:30:00+00:00,0,0,0,0,0,0
2018-02-12 21:00:00+00:00,0,0,1,0,0,1
2018-02-12 21:30:00+00:00,0,0,3,0,0,3
2018-02-12 22:00:00+00:00,0,0,0,0,0,0
2018-02-12 22:30:00+00:00,0,0,0,0,376,376
2018-02-12 23:00:00+00:00,0,0,0,0,0,0
2018-02-12 23:30:00+00:00,0,0,0,0,0,0
2018-02-13 00:00:00+00:00,0,0,0,0,0,0
2018-02-13 00:30:00+00:00,0,0,0,0,0,0
2018-02-13 01:00:00+00:00,0,0,0,0,0,0
2018-02-13 01:30:00+00:00,0,0,0,0,0,0
2018-02-13 02:00:00+00:00,0,0,0,0,0,0
2018-02-13 02:30:00+00:00,0,0,0,0,0,0
2018-02-13 03:00:00+00:00,0,0,0,0,0,0
2018-02-13 03:30:00+00:00,0,0,0,0,0,0
2018-02-13 04:00:00+00:00,0,0,0,0,0,0
2018-02-13 04:30:00+00:00,0,0,0,0,0,0
2018-02-13 05:00:00+00:00,0,0,0,0,0,0
2018-02-13 05:30:00+00:00,0,0,4,0,0,4
2018-02-13 06:00:00+00:00,0,16,0,0,0,16
2018-02-13 06:30:00+00:00,0,0,66,0,0,66
2018-02-13 07:00:00+00:00,0,44,6,0,0,50
2018-02-13 07:30:00+00:00,0,93,17,0,0,110
2018-02-13 08:00:00+00:00,0,39,31,0,0,70
2018-02-13 08:30:00+00:00,0,28,27,0,0,55
2018-02-13 09:00:00+00:00,0,9,13,0,0,22
2018-02-13 09:30:00+00:00,0,20,10,1,0,31
2018-02-13 10:00:00+00:00,0,8,11,0,0,19
2018-02-13 10:30:00+00:00,0,14,30,5,0,49
2018-02-13 11:00:00+00:00,0,29,7,3,0,39
2018-02-13 11:30:00+00:00,0,1,26,3,0,30
2018-02-13 12:00:00+00:00,0,22,22,2,0,46
2018-02-13 12:30:00+00:00,0,19,13,15,0,47
2018-02-13 13:00:00+00:00,0,7,8,13,0,28
2018-02-13 13:30:00+00:00,0,7,36,2,0,45
2018-02-13 14:00:00+00:00,0,17,26,61,0,104
2018-02-13 14:30:00+00:00,0,2,17,9,0,28
2018-02-13 15:00:00+00:00,0,19,19,21,0,59
2018-02-13 15:30:00+00:00,0,28,2,41,0,71
2018-02-13 16:00:00+00:00,0,6,2,15,0,23
2018-02-13 16:30:00+00:00,0,0,50,34,0,84
2018-02-13 17:00:00+00:00,0,0,36,8,0,44
2018-02-13 17:30:00+00:00,0,0,0,0,0,0
2018-02-13 18:00:00+00:00,0,0,0,0,0,0
2018-02-13 18:30:00+00:00,0,0,22,0,0,22
2018-02-13 19:00:00+00:00,0,0,0,0,0,0
2018-02-13 19:30:00+00:00,0,3,0,0,0,3
2018-02-13 20:00:00+00:00,0,0,2,0,0,2
2018-02-13 20:30:00+00:00,0,0,0,0,0,0
2018-02-13 21:00:00+00:00,0,0,0,0,0,0
2018-02-13 21:30:00+00:00,0,0,3,0,0,3
2018-02-13 22:00:00+00:00,0,0,0,0,0,0
2018-02-13 22:30:00+00:00,0,0,0,0,395,395
2018-02-13 23:00:00+00:00,0,0,0,0,0,0
2018-02-13 23:30:00+00:00,0,0,0,0,0,0
2018-02-14 00:00:00+00:00,0,0,0,0,0,0
2018-02-14 00:30:00+00:00,0,0,0,0,0,0
2018-02-14 01:00:00+00:00,0,0,0,0,0,0
2018-02-14 01:30:00+00:00,0,0,0,0,0,0
2018-02-14 02:00:00+00:00,0,0,0,0,0,0
2018-02-14 02:30:00+00:00,0,0,0,0,0,0
2018-02-14 03:00:00+00:00,0,0,0,0,0,0
2018-02-14 03:30:00+00:00,0,0,0,0,0,0
2018-02-14 04:00:00+00:00,0,0,0,0,0,0
2018-02-14 04:30:00+00:00,0,2,0,0,0,2
2018-02-14 05:00:00+00:00,0,0,0,0,0,0
2018-02-14 05:30:00+00:00,0,0,3,0,0,3
2018-02-14 06:00:00+00:00,0,4,12,0,0,16
2018-02-14 06:30:00+00:00,0,19,25,0,0,44
2018-02-14 07:00:00+00:00,0,20,5,0,0,25
2018-02-14 07:30:00+00:00,0,71,15,0,0,86
2018-02-14 08:00:00+00:00,0,2,7,0,0,9
2018-02-14 08:30:00+00:00,0,31,15,17,0,63
2018-02-14 09:00:00+00:00,0,14,11,37,0,62
2018-02-14 09:30:00+00:00,0,20,9,15,0,44
2018-02-14 10:00:00+00:00,0,20,56,82,0,158
2018-02-14 10:30:00+00:00,0,27,71,13,0,111
2018-02-14 11:00:00+00:00,0,4,4,3,0,11
2018-02-14 11:30:00+00:00,0,3,11,7,0,21
2018-02-14 12:00:00+00:00,0,8,10,16,0,34
2018-02-14 12:30:00+00:00,0,22,29,18,0,69
2018-02-14 13:00:00+00:00,0,22,28,28,0,78
2018-02-14 13:30:00+00:00,0,72,15,34,0,121
2018-02-14 14:00:00+00:00,0,6,47,44,0,97
2018-02-14 14:30:00+00:00,0,6,17,2,0,25
2018-02-14 15:00:00+00:00,0,0,58,5,0,63
2018-02-14 15:30:00+00:00,0,36,2,44,0,82
2018-02-14 16:00:00+00:00,0,1,2,3,0,6
2018-02-14 16:30:00+00:00,0,0,71,2,0,73
2018-02-14 17:00:00+00:00,0,32,23,0,0,55
2018-02-14 17:30:00+00:00,0,2,62,0,0,64
2018-02-14 18:00:00+00:00,0,3,0,0,0,3
2018-02-14 18:30:00+00:00,0,4,1,0,0,5
2018-02-14 19:00:00+00:00,0,2,0,0,0,2
2018-02-14 19:30:00+00:00,0,4,2,0,0,6
2018-02-14 20:00:00+00:00,0,31,0,0,0,31
2018-02-14 20:30:00+00:00,0,1,0,0,0,1
2018-02-14 21:00:00+00:00,0,0,1,0,0,1
2018-02-14 21:30:00+00:00,0,0,0,0,0,0
2018-02-14 22:00:00+00:00,0,0,0,0,0,0
2018-02-14 22:30:00+00:00,0,0,0,0,531,531
2018-02-14 23:00:00+00:00,0,0,0,0,0,0
2018-02-14 23:30:00+00:00,0,0,0,0,0,0
2018-02-15 00:00:00+00:00,0,0,0,0,0,0
2018-02-15 00:30:00+00:00,0,0,0,0,0,0
2018-02-15 01:00:00+00:00,0,0,0,0,0,0
2018-02-15 01:30:00+00:00,0,0,0,0,0,0
2018-02-15 02:00:00+00:00,0,0,0,0,0,0
2018-02-15 02:30:00+00:00,0,0,1,0,0,1
2018-02-15 03:00:00+00:00,0,0,0,0,0,0
2018-02-15 03:30:00+00:00,0,0,0,0,0,0
2018-02-15 04:00:00+00:00,0,0,0,0,0,0
2018-02-15 04:30:00+00:00,0,0,0,0,0,0
2018-02-15 05:00:00+00:00,0,0,0,0,0,0
2018-02-15 05:30:00+00:00,0,0,2,0,0,2
2018-02-15 06:00:00+00:00,0,0,0,0,0,0
2018-02-15 06:30:00+00:00,0,2,9,0,0,11
2018-02-15 07:00:00+00:00,0,7,6,0,0,13
2018-02-15 07:30:00+00:00,0,121,13,0,0,134
2018-02-15 08:00:00+00:00,0,30,9,0,0,39
2018-02-15 08:30:00+00:00,0,9,7,0,0,16
2018-02-15 09:00:00+00:00,0,15,16,4,0,35
2018-02-15 09:30:00+00:00,0,19,24,37,0,80
2018-02-15 10:00:00+00:00,0,61,9,41,0,111
2018-02-15 10:30:00+00:00,0,38,23,22,0,83
2018-02-15 11:00:00+00:00,0,5,27,0,0,32
2018-02-15 11:30:00+00:00,0,6,22,20,0,48
2018-02-15 12:00:00+00:00,0,4,11,1,0,16
2018-02-15 12:30:00+00:00,0,5,38,47,0,90
2018-02-15 13:00:00+00:00,0,22,23,7,0,52
2018-02-15 13:30:00+00:00,212,15,5,4,0,236
2018-02-15 14:00:00+00:00,0,8,4,32,0,44
2018-02-15 14:30:00+00:00,0,20,32,8,0,60
2018-02-15 15:00:00+00:00,119,16,8,9,0,152
2018-02-15 15:30:00+00:00,0,25,2,14,0,41
2018-02-15 16:00:00+00:00,0,3,20,12,0,35
2018-02-15 16:30:00+00:00,0,9,105,16,0,130
2018-02-15 17:00:00+00:00,0,1,14,3,0,18
2018-02-15 17:30:00+00:00,0,1,0,0,0,1
2018-02-15 18:00:00+00:00,0,0,1,0,0,1
2018-02-15 18:30:00+00:00,0,0,7,0,0,7
2018-02-15 19:00:00+00:00,0,0,0,0,0,0
2018-02-15 19:30:00+00:00,0,0,0,0,0,0
2018-02-15 20:00:00+00:00,0,0,0,0,0,0
2018-02-15 20:30:00+00:00,0,0,0,0,0,0
2018-02-15 21:00:00+00:00,0,0,0,0,0,0
2018-02-15 21:30:00+00:00,0,0,0,0,0,0
2018-02-15 22:00:00+00:00,0,0,0,0,0,0
2018-02-15 22:30:00+00:00,0,0,0,0,366,366
2018-02-15 23:00:00+00:00,0,0,0,0,0,0
2018-02-15 23:30:00+00:00,0,0,0,0,0,0
2018-02-16 00:00:00+00:00,0,0,0,0,0,0
2018-02-16 00:30:00+00:00,0,0,0,0,0,0
2018-02-16 01:00:00+00:00,0,0,0,0,0,0
2018-02-16 01:30:00+00:00,0,0,0,0,0,0
2018-02-16 02:00:00+00:00,0,0,1,0,0,1
2018-02-16 02:30:00+00:00,0,0,0,0,0,0
2018-02-16 03:00:00+00:00,0,0,0,0,0,0
2018-02-16 03:30:00+00:00,0,10,0,0,0,10
2018-02-16 04:00:00+00:00,0,0,0,0,0,0
2018-02-16 04:30:00+00:00,0,0,0,8,0,8
2018-02-16 05:00:00+00:00,0,0,0,5,0,5
2018-02-16 05:30:00+00:00,0,0,72,2,0,74
2018-02-16 06:00:00+00:00,0,0,0,0,0,0
2018-02-16 06:30:00+00:00,0,35,16,105,0,156
2018-02-16 07:00:00+00:00,0,93,14,59,0,166
2018-02-16 07:30:00+00:00,0,20,0,13,0,33
2018-02-16 08:00:00+00:00,0,24,11,53,0,88
2018-02-16 08:30:00+00:00,0,15,16,19,0,50
2018-02-16 09:00:00+00:00,0,12,7,25,0,44
2018-02-16 09:30:00+00:00,0,14,6,8,0,28
2018-02-16 10:00:00+00:00,0,14,29,2,0,45
2018-02-16 10:30:00+00:00,0,50,32,21,0,103
2018-02-16 11:00:00+00:00,0,18,12,21,0,51
2018-02-16 11:30:00+00:00,0,9,29,7,0,45
2018-02-16 12:00:00+00:00,0,37,19,0,0,56
2018-02-16 12:30:00+00:00,0,41,14,0,0,55
2018-02-16 13:00:00+00:00,0,7,6,0,0,13
2018-02-16 13:30:00+00:00,0,34,4,0,0,38
2018-02-16 14:00:00+00:00,0,8,9,0,0,17
2018-02-16 14:30:00+00:00,0,11,5,0,0,16
2018-02-16 15:00:00+00:00,0,7,2,0,0,9
2018-02-16 15:30:00+00:00,0,14,0,0,0,14
2018-02-16 16:00:00+00:00,0,6,1,0,0,7
2018-02-16 16:30:00+00:00,0,10,128,0,0,138
2018-02-16 17:00:00+00:00,0,0,19,0,0,19
2018-02-16 17:30:00+00:00,0,4,0,0,0,4
2018-02-16 18:00:00+00:00,0,0,0,0,0,0
2018-02-16 18:30:00+00:00,0,0,0,0,0,0
2018-02-16 19:00:00+00:00,0,0,0,0,0,0
2018-02-16 19:30:00+00:00,0,0,0,0,0,0
2018-02-16 20:00:00+00:00,0,0,0,0,0,0
2018-02-16 20:30:00+00:00,0,0,0,0,0,0
2018-02-16 21:00:00+00:00,0,0,0,0,0,0
2018-02-16 21:30:00+00:00,0,0,2,0,0,2
2018-02-16 22:00:00+00:00,0,0,0,0,0,0
2018-02-16 22:30:00+00:00,0,0,0,0,435,435
2018-02-16 23:00:00+00:00,0,0,0,0,0,0
2018-02-16 23:30:00+00:00,0,0,0,0,0,0
2018-02-17 00:00:00+00:00,0,0,0,0,0,0
2018-02-17 00:30:00+00:00,0,0,0,0,0,0
2018-02-17 01:00:00+00:00,0,0,0,0,0,0
2018-02-17 01:30:00+00:00,0,0,1,0,0,1
2018-02-17 02:00:00+00:00,0,0,0,0,0,0
2018-02-17 02:30:00+00:00,0,0,0,0,0,0
2018-02-17 03:00:00+00:00,0,0,0,0,0,0
2018-02-17 03:30:00+00:00,0,0,0,4,0,4
2018-02-17 04:00:00+00:00,0,0,0,17,0,17
2018-02-17 04:30:00+00:00,0,0,0,13,0,13
2018-02-17 05:00:00+00:00,0,0,0,6,0,6
2018-02-17 05:30:00+00:00,0,0,0,19,0,19
2018-02-17 06:00:00+00:00,0,0,0,74,0,74
2018-02-17 06:30:00+00:00,0,0,0,87,0,87
2018-02-17 07:00:00+00:00,0,0,0,84,0,84
2018-02-17 07:30:00+00:00,0,0,0,16,0,16
2018-02-17 08:00:00+00:00,0,0,0,0,0,0
2018-02-17 08:30:00+00:00,0,0,0,2,0,2
2018-02-17 09:00:00+00:00,0,0,0,24,0,24
2018-02-17 09:30:00+00:00,0,0,1,31,0,32
2018-02-17 10:00:00+00:00,0,0,0,1,0,1
2018-02-17 10:30:00+00:00,0,0,0,0,0,0
2018-02-17 11:00:00+00:00,0,0,0,0,0,0
2018-02-17 11:30:00+00:00,0,0,2,0,0,2
2018-02-17 12:00:00+00:00,0,0,0,0,0,0
2018-02-17 12:30:00+00:00,0,0,0,0,0,0
2018-02-17 13:00:00+00:00,0,0,0,0,0,0
2018-02-17 13:30:00+00:00,0,0,0,0,0,0
2018-02-17 14:00:00+00:00,0,0,0,0,0,0
2018-02-17 14:30:00+00:00,0,0,0,0,0,0
2018-02-17 15:00:00+00:00,0,0,0,0,0,0
2018-02-17 15:30:00+00:00,0,0,0,0,0,0
2018-02-17 16:00:00+00:00,0,0,0,0,0,0
2018-02-17 16:30:00+00:00,0,0,0,0,0,0
2018-02-17 17:00:00+00:00,0,0,0,0,0,0
2018-02-17 17:30:00+00:00,0,0,0,0,0,0
2018-02-17 18:00:00+00:00,0,0,0,0,0,0
2018-02-17 18:30:00+00:00,0,0,0,0,0,0
2018-02-17 19:00:00+00:00,0,0,0,0,0,0
2018-02-17 19:30:00+00:00,0,0,0,0,0,0
2018-02-17 20:00:00+00:00,0,0,0,0,0,0
2018-02-17 20:30:00+00:00,0,0,0,0,0,0
2018-02-17 21:00:00+00:00,0,0,0,0,0,0
2018-02-17 21:30:00+00:00,0,0,0,0,0,0
2018-02-17 22:00:00+00:00,0,0,0,0,0,0
2018-02-17 22:30:00+00:00,0,0,0,0,10,10
2018-02-17 23:00:00+00:00,0,0,0,0,0,0
2018-02-17 23:30:00+00:00,0,0,0,0,0,0
2018-02-18 00:00:00+00:00,0,0,0,0,0,0
2018-02-18 00:30:00+00:00,0,0,0,0,0,0
2018-02-18 01:00:00+00:00,0,0,0,0,0,0
2018-02-18 01:30:00+00:00,0,0,0,0,0,0
2018-02-18 02:00:00+00:00,0,0,0,0,0,0
2018-02-18 02:30:00+00:00,0,0,0,0,0,0
2018-02-18 03:00:00+00:00,0,0,0,0,0,0
2018-02-18 03:30:00+00:00,0,0,0,0,0,0
2018-02-18 04:00:00+00:00,0,0,0,0,0,0
2018-02-18 04:30:00+00:00,0,0,0,0,0,0
2018-02-18 05:00:00+00:00,0,0,0,0,0,0
2018-02-18 05:30:00+00:00,0,0,0,0,0,0
2018-02-18 06:00:00+00:00,0,0,0,0,0,0
2018-02-18 06:30:00+00:00,0,0,0,0,0,0
2018-02-18 07:00:00+00:00,0,0,0,0,0,0
2018-02-18 07:30:00+00:00,0,0,0,0,0,0
2018-02-18 08:00:00+00:00,0,0,0,0,0,0
2018-02-18 08:30:00+00:00,0,0,0,0,0,0
2018-02-18 09:00:00+00:00,0,0,0,0,0,0
2018-02-18 09:30:00+00:00,0,0,0,0,0,0
2018-02-18 10:00:00+00:00,0,0,0,0,0,0
2018-02-18 10:30:00+00:00,0,0,0,0,0,0
2018-02-18 11:00:00+00:00,0,0,0,0,0,0
2018-02-18 11:30:00+00:00,0,0,0,0,0,0
2018-02-18 12:00:00+00:00,0,0,0,0,0,0
2018-02-18 12:30:00+00:00,0,0,0,0,0,0
2018-02-18 13:00:00+00:00,0,0,0,0,0,0
2018-02-18 13:30:00+00:00,0,0,0,0,0,0
2018-02-18 14:00:00+00:00,0,0,0,0,0,0
2018-02-18 14:30:00+00:00,0,0,0,0,0,0
2018-02-18 15:00:00+00:00,0,0,0,0,0,0
2018-02-18 15:30:00+00:00,0,0,0,0,0,0
2018-02-18 16:00:00+00:00,0,3,0,0,0,3
2018-02-18 16:30:00+00:00,0,0,0,0,0,0
2018-02-18 17:00:00+00:00,0,0,0,0,0,0
2018-02-18 17:30:00+00:00,0,0,0,0,0,0
2018-02-18 18:00:00+00:00,0,0,0,0,0,0
2018-02-18 18:30:00+00:00,0,0,0,0,0,0
2018-02-18 19:00:00+00:00,0,0,0,0,0,0
2018-02-18 19:30:00+00:00,0,0,0,0,0,0
2018-02-18 20:00:00+00:00,0,0,0,0,0,0
2018-02-18 20:30:00+00:00,0,0,0,0,0,0
2018-02-18 21:00:00+00:00,0,0,0,0,0,0
2018-02-18 21:30:00+00:00,0,0,0,0,0,0
2018-02-18 22:00:00+00:00,0,0,0,0,0,0
2018-02-18 22:30:00+00:00,0,0,0,0,2,2
2018-02-18 23:00:00+00:00,0,0,0,0,0,0
2018-02-18 23:30:00+00:00,0,0,0,0,0,0
2018-02-19 00:00:00+00:00,0,0,0,0,0,0
2018-02-19 00:30:00+00:00,0,0,1,0,0,1
2018-02-19 01:00:00+00:00,0,0,1,0,0,1
2018-02-19 01:30:00+00:00,0,0,0,0,0,0
2018-02-19 02:00:00+00:00,0,0,0,0,0,0
2018-02-19 02:30:00+00:00,0,0,0,0,0,0
2018-02-19 03:00:00+00:00,0,0,0,0,0,0
2018-02-19 03:30:00+00:00,0,2,0,0,0,2
2018-02-19 04:00:00+00:00,0,0,0,0,0,0
2018-02-19 04:30:00+00:00,0,0,0,13,0,13
2018-02-19 05:00:00+00:00,0,0,0,27,0,27
2018-02-19 05:30:00+00:00,0,0,0,10,0,10
2018-02-19 06:00:00+00:00,0,29,1,11,0,41
2018-02-19 06:30:00+00:00,0,20,11,2,0,33
2018-02-19 07:00:00+00:00,0,9,5,4,0,18
2018-02-19 07:30:00+00:00,0,56,7,5,0,68
2018-02-19 08:00:00+00:00,0,42,18,1,0,61
2018-02-19 08:30:00+00:00,0,24,18,0,0,42
2018-02-19 09:00:00+00:00,0,77,43,7,0,127
2018-02-19 09:30:00+00:00,0,51,12,9,0,72
2018-02-19 10:00:00+00:00,0,24,19,15,0,58
2018-02-19 10:30:00+00:00,0,27,13,13,0,53
2018-02-19 11:00:00+00:00,0,21,16,6,0,43
2018-02-19 11:30:00+00:00,0,35,21,7,0,63
2018-02-19 12:00:00+00:00,0,14,19,8,0,41
2018-02-19 12:30:00+00:00,0,9,45,0,0,54
2018-02-19 13:00:00+00:00,0,6,14,1,0,21
2018-02-19 13:30:00+00:00,0,17,11,5,0,33
2018-02-19 14:00:00+00:00,0,20,36,9,0,65
2018-02-19 14:30:00+00:00,0,3,12,1,0,16
2018-02-19 15:00:00+00:00,0,36,2,4,0,42
2018-02-19 15:30:00+00:00,51,12,11,6,0,80
2018-02-19 16:00:00+00:00,0,12,5,3,0,20
2018-02-19 16:30:00+00:00,0,3,9,4,0,16
2018-02-19 17:00:00+00:00,0,2,120,0,0,122
2018-02-19 17:30:00+00:00,0,17,0,0,0,17
2018-02-19 18:00:00+00:00,0,5,0,0,0,5
2018-02-19 18:30:00+00:00,0,0,0,0,0,0
2018-02-19 19:00:00+00:00,0,3,0,0,0,3
2018-02-19 19:30:00+00:00,0,0,0,0,0,0
2018-02-19 20:00:00+00:00,0,0,1,0,0,1
2018-02-19 20:30:00+00:00,0,0,3,0,0,3
2018-02-19 21:00:00+00:00,0,0,0,0,0,0
2018-02-19 21:30:00+00:00,0,0,0,0,0,0
2018-02-19 22:00:00+00:00,0,0,0,0,0,0
2018-02-19 22:30:00+00:00,0,0,0,0,409,409
2018-02-19 23:00:00+00:00,0,0,0,0,0,0
2018-02-19 23:30:00+00:00,0,0,0,0,0,0
2018-02-20 00:00:00+00:00,0,0,0,0,0,0
2018-02-20 00:30:00+00:00,0,0,0,0,0,0
2018-02-20 01:00:00+00:00,0,0,0,0,0,0
2018-02-20 01:30:00+00:00,0,0,0,0,0,0
2018-02-20 02:00:00+00:00,0,0,0,0,0,0
2018-02-20 02:30:00+00:00,0,0,0,0,0,0
2018-02-20 03:00:00+00:00,0,0,0,0,0,0
2018-02-20 03:30:00+00:00,0,4,0,0,0,4
2018-02-20 04:00:00+00:00,0,0,0,0,0,0
2018-02-20 04:30:00+00:00,0,0,0,0,0,0
2018-02-20 05:00:00+00:00,0,0,1,0,0,1
2018-02-20 05:30:00+00:00,0,0,0,0,0,0
2018-02-20 06:00:00+00:00,0,1,0,0,0,1
2018-02-20 06:30:00+00:00,0,11,38,0,0,49
2018-02-20 07:00:00+00:00,0,120,12,0,0,132
2018-02-20 07:30:00+00:00,0,81,9,0,0,90
2018-02-20 08:00:00+00:00,0,28,13,1,0,42
2018-02-20 08:30:00+00:00,0,6,27,2,0,35
2018-02-20 09:00:00+00:00,0,5,14,29,0,48
2018-02-20 09:30:00+00:00,0,10,16,22,0,48
2018-02-20 10:00:00+00:00,0,39,11,12,0,62
2018-02-20 10:30:00+00:00,0,11,16,2,0,29
2018-02-20 11:00:00+00:00,0,4,23,1,0,28
2018-02-20 11:30:00+00:00,0,15,16,1,0,32
2018-02-20 12:00:00+00:00,0,7,19,15,0,41
2018-02-20 12:30:00+00:00,0,11,5,49,0,65
2018-02-20 13:00:00+00:00,0,29,30,65,0,124
2018-02-20 13:30:00+00:00,0,21,8,0,0,29
2018-02-20 14:00:00+00:00,0,11,10,1,0,22
2018-02-20 14:30:00+00:00,0,44,54,15,0,113
2018-02-20 15:00:00+00:00,0,17,24,0,0,41
2018-02-20 15:30:00+00:00,0,10,7,0,0,17
2018-02-20 16:00:00+00:00,0,37,2,2,0,41
2018-02-20 16:30:00+00:00,0,10,69,3,0,82
2018-02-20 17:00:00+00:00,0,0,9,4,0,13
2018-02-20 17:30:00+00:00,0,0,24,0,0,24
2018-02-20 18:00:00+00:00,0,0,9,0,0,9
2018-02-20 18:30:00+00:00,0,0,0,0,0,0
2018-02-20 19:00:00+00:00,0,0,0,0,0,0
2018-02-20 19:30:00+00:00,0,0,1,0,0,1
2018-02-20 20:00:00+00:00,0,5,0,0,0,5
2018-02-20 20:30:00+00:00,0,0,0,0,0,0
2018-02-20 21:00:00+00:00,0,0,1,0,0,1
2018-02-20 21:30:00+00:00,0,0,0,0,0,0
2018-02-20 22:00:00+00:00,0,0,0,0,0,0
2018-02-20 22:30:00+00:00,0,0,0,0,423,423
2018-02-20 23:00:00+00:00,0,0,0,0,0,0
2018-02-20 23:30:00+00:00,0,0,0,0,0,0
2018-02-21 00:00:00+00:00,0,0,0,0,0,0
2018-02-21 00:30:00+00:00,0,0,0,0,0,0
2018-02-21 01:00:00+00:00,0,0,0,0,0,0
2018-02-21 01:30:00+00:00,0,0,0,0,0,0
2018-02-21 02:00:00+00:00,0,0,0,0,0,0
2018-02-21 02:30:00+00:00,0,0,0,0,0,0
2018-02-21 03:00:00+00:00,0,0,0,2,0,2
2018-02-21 03:30:00+00:00,0,0,0,4,0,4
2018-02-21 04:00:00+00:00,0,1,0,0,0,1
2018-02-21 04:30:00+00:00,0,0,0,1,0,1
2018-02-21 05:00:00+00:00,0,0,0,14,0,14
2018-02-21 05:30:00+00:00,0,0,5,4,0,9
2018-02-21 06:00:00+00:00,0,0,2,6,0,8
2018-02-21 06:30:00+00:00,0,16,18,0,0,34
2018-02-21 07:00:00+00:00,0,23,8,23,0,54
2018-02-21 07:30:00+00:00,0,53,14,5,0,72
2018-02-21 08:00:00+00:00,0,44,6,0,0,50
2018-02-21 08:30:00+00:00,0,26,10,0,0,36
2018-02-21 09:00:00+00:00,0,18,5,2,0,25
2018-02-21 09:30:00+00:00,0,103,2,38,0,143
2018-02-21 10:00:00+00:00,0,10,43,41,0,94
2018-02-21 10:30:00+00:00,0,9,5,15,0,29
2018-02-21 11:00:00+00:00,0,1,9,1,0,11
2018-02-21 11:30:00+00:00,0,43,24,30,0,97
2018-02-21 12:00:00+00:00,0,4,30,2,0,36
2018-02-21 12:30:00+00:00,0,3,41,2,0,46
2018-02-21 13:00:00+00:00,0,35,60,0,0,95
2018-02-21 13:30:00+00:00,0,23,25,17,0,65
2018-02-21 14:00:00+00:00,0,18,3,7,0,28
2018-02-21 14:30:00+00:00,0,12,7,0,0,19
2018-02-21 15:00:00+00:00,0,8,1,19,0,28
2018-02-21 15:30:00+00:00,0,14,1,11,0,26
2018-02-21 16:00:00+00:00,0,21,7,4,0,32
2018-02-21 16:30:00+00:00,0,4,150,0,0,154
2018-02-21 17:00:00+00:00,0,1,12,0,0,13
2018-02-21 17:30:00+00:00,0,0,0,0,0,0
2018-02-21 18:00:00+00:00,0,0,18,0,0,18
2018-02-21 18:30:00+00:00,0,0,9,0,0,9
2018-02-21 19:00:00+00:00,0,5,5,0,0,10
2018-02-21 19:30:00+00:00,0,5,2,0,0,7
2018-02-21 20:00:00+00:00,0,1,0,0,0,1
2018-02-21 20:30:00+00:00,0,0,0,0,0,0
2018-02-21 21:00:00+00:00,0,3,43,0,0,46
2018-02-21 21:30:00+00:00,0,0,0,0,0,0
2018-02-21 22:00:00+00:00,0,2,0,0,0,2
2018-02-21 22:30:00+00:00,0,0,0,0,540,540
2018-02-21 23:00:00+00:00,0,0,0,0,0,0
2018-02-21 23:30:00+00:00,0,0,0,0,0,0
2018-02-22 00:00:00+00:00,0,0,0,0,0,0
2018-02-22 00:30:00+00:00,0,0,0,0,0,0
2018-02-22 01:00:00+00:00,0,0,0,0,0,0
2018-02-22 01:30:00+00:00,0,0,0,0,0,0
2018-02-22 02:00:00+00:00,0,0,0,0,0,0
2018-02-22 02:30:00+00:00,0,0,0,0,0,0
2018-02-22 03:00:00+00:00,0,0,0,0,0,0
2018-02-22 03:30:00+00:00,0,2,0,0,0,2
2018-02-22 04:00:00+00:00,0,0,0,0,0,0
2018-02-22 04:30:00+00:00,0,0,0,0,0,0
2018-02-22 05:00:00+00:00,0,0,0,0,0,0
2018-02-22 05:30:00+00:00,0,0,4,0,0,4
2018-02-22 06:00:00+00:00,0,1,12,0,0,13
2018-02-22 06:30:00+00:00,0,29,0,0,0,29
2018-02-22 07:00:00+00:00,0,47,2,0,0,49
2018-02-22 07:30:00+00:00,0,74,17,0,0,91
2018-02-22 08:00:00+00:00,0,12,27,1,0,40
2018-02-22 08:30:00+00:00,0,21,45,15,0,81
2018-02-22 09:00:00+00:00,0,12,23,6,0,41
2018-02-22 09:30:00+00:00,2,18,42,11,0,73
2018-02-22 10:00:00+00:00,0,34,7,0,0,41
2018-02-22 10:30:00+00:00,0,21,11,45,0,77
2018-02-22 11:00:00+00:00,0,134,1,20,0,155
2018-02-22 11:30:00+00:00,0,23,33,12,0,68
2018-02-22 12:00:00+00:00,0,35,38,11,0,84
2018-02-22 12:30:00+00:00,0,11,12,29,0,52
2018-02-22 13:00:00+00:00,0,23,16,48,0,87
2018-02-22 13:30:00+00:00,0,42,19,3,0,64
2018-02-22 14:00:00+00:00,0,10,38,1,0,49
2018-02-22 14:30:00+00:00,0,6,2,22,0,30
2018-02-22 15:00:00+00:00,871,4,30,32,0,937
2018-02-22 15:30:00+00:00,0,11,0,7,0,18
2018-02-22 16:00:00+00:00,0,28,11,9,0,48
2018-02-22 16:30:00+00:00,0,1,93,14,0,108
2018-02-22 17:00:00+00:00,0,0,1,0,0,1
2018-02-22 17:30:00+00:00,0,0,0,0,0,0
2018-02-22 18:00:00+00:00,0,0,1,0,0,1
2018-02-22 18:30:00+00:00,0,0,1,0,0,1
2018-02-22 19:00:00+00:00,0,0,2,0,0,2
2018-02-22 19:30:00+00:00,0,0,0,0,0,0
2018-02-22 20:00:00+00:00,0,0,0,0,0,0
2018-02-22 20:30:00+00:00,0,0,2,0,0,2
2018-02-22 21:00:00+00:00,0,7,0,0,0,7
2018-02-22 21:30:00+00:00,0,6,0,0,0,6
2018-02-22 22:00:00+00:00,0,0,0,0,0,0
2018-02-22 22:30:00+00:00,0,0,0,0,416,416
2018-02-22 23:00:00+00:00,0,0,0,0,0,0
2018-02-22 23:30:00+00:00,0,0,0,0,0,0
2018-02-23 00:00:00+00:00,0,0,0,0,0,0
2018-02-23 00:30:00+00:00,0,0,9,0,0,9
2018-02-23 01:00:00+00:00,0,0,0,0,0,0
2018-02-23 01:30:00+00:00,0,0,0,0,0,0
2018-02-23 02:00:00+00:00,0,0,0,0,0,0
2018-02-23 02:30:00+00:00,0,0,0,0,0,0
2018-02-23 03:00:00+00:00,0,0,0,0,0,0
2018-02-23 03:30:00+00:00,0,0,0,0,0,0
2018-02-23 04:00:00+00:00,0,0,0,0,0,0
2018-02-23 04:30:00+00:00,0,0,0,0,0,0
2018-02-23 05:00:00+00:00,0,0,1,0,0,1
2018-02-23 05:30:00+00:00,0,0,0,0,0,0
2018-02-23 06:00:00+00:00,0,0,1,0,0,1
2018-02-23 06:30:00+00:00,0,56,3,0,0,59
2018-02-23 07:00:00+00:00,0,93,90,0,0,183
2018-02-23 07:30:00+00:00,0,42,8,0,0,50
2018-02-23 08:00:00+00:00,0,3,17,1,0,21
2018-02-23 08:30:00+00:00,0,10,1,15,0,26
2018-02-23 09:00:00+00:00,0,42,21,29,0,92
2018-02-23 09:30:00+00:00,0,12,16,13,0,41
2018-02-23 10:00:00+00:00,0,1,47,7,0,55
2018-02-23 10:30:00+00:00,0,21,8,2,0,31
2018-02-23 11:00:00+00:00,0,23,21,15,0,59
2018-02-23 11:30:00+00:00,0,24,16,30,0,70
2018-02-23 12:00:00+00:00,0,32,29,7,0,68
2018-02-23 12:30:00+00:00,0,34,12,5,0,51
2018-02-23 13:00:00+00:00,0,26,4,37,0,67
2018-02-23 13:30:00+00:00,0,5,5,11,0,21
2018-02-23 14:00:00+00:00,0,28,9,9,0,46
2018-02-23 14:30:00+00:00,0,25,50,38,0,113
2018-02-23 15:00:00+00:00,0,8,2,30,0,40
2018-02-23 15:30:00+00:00,0,0,6,0,0,6
2018-02-23 16:00:00+00:00,0,4,10,34,0,48
2018-02-23 16:30:00+00:00,0,2,93,14,0,109
2018-02-23 17:00:00+00:00,0,0,0,0,0,0
2018-02-23 17:30:00+00:00,0,0,0,0,0,0
2018-02-23 18:00:00+00:00,0,0,0,0,0,0
2018-02-23 18:30:00+00:00,0,0,0,0,0,0
2018-02-23 19:00:00+00:00,0,0,0,0,0,0
2018-02-23 19:30:00+00:00,0,0,0,0,0,0
2018-02-23 20:00:00+00:00,0,0,0,0,0,0
2018-02-23 20:30:00+00:00,0,0,0,0,0,0
2018-02-23 21:00:00+00:00,0,0,0,0,0,0
2018-02-23 21:30:00+00:00,0,0,0,0,0,0
2018-02-23 22:00:00+00:00,0,0,0,0,0,0
2018-02-23 22:30:00+00:00,0,0,0,0,379,379
2018-02-23 23:00:00+00:00,0,0,0,0,0,0
2018-02-23 23:30:00+00:00,0,0,0,0,0,0
2018-02-24 00:00:00+00:00,0,0,0,0,0,0
2018-02-24 00:30:00+00:00,0,0,0,0,0,0
2018-02-24 01:00:00+00:00,0,0,0,0,0,0
2018-02-24 01:30:00+00:00,0,0,0,0,0,0
2018-02-24 02:00:00+00:00,0,0,0,0,0,0
2018-02-24 02:30:00+00:00,0,0,2,0,0,2
2018-02-24 03:00:00+00:00,0,0,0,14,0,14
2018-02-24 03:30:00+00:00,0,0,0,4,0,4
2018-02-24 04:00:00+00:00,0,0,0,34,0,34
2018-02-24 04:30:00+00:00,0,0,0,22,0,22
2018-02-24 05:00:00+00:00,0,0,0,30,0,30
2018-02-24 05:30:00+00:00,0,0,0,8,0,8
2018-02-24 06:00:00+00:00,0,0,0,13,0,13
2018-02-24 06:30:00+00:00,0,0,0,99,0,99
2018-02-24 07:00:00+00:00,0,0,0,57,0,57
2018-02-24 07:30:00+00:00,0,0,0,87,0,87
2018-02-24 08:00:00+00:00,0,0,0,36,0,36
2018-02-24 08:30:00+00:00,0,0,0,7,0,7
2018-02-24 09:00:00+00:00,0,0,0,9,0,9
2018-02-24 09:30:00+00:00,0,0,0,60,0,60
2018-02-24 10:00:00+00:00,0,0,0,9,0,9
2018-02-24 10:30:00+00:00,0,0,0,11,0,11
2018-02-24 11:00:00+00:00,0,0,0,15,0,15
2018-02-24 11:30:00+00:00,0,0,0,3,0,3
2018-02-24 12:00:00+00:00,0,0,0,0,0,0
2018-02-24 12:30:00+00:00,0,0,0,0,0,0
2018-02-24 13:00:00+00:00,0,0,0,0,0,0
2018-02-24 13:30:00+00:00,0,0,0,0,0,0
2018-02-24 14:00:00+00:00,0,0,0,0,0,0
2018-02-24 14:30:00+00:00,0,0,0,0,0,0
2018-02-24 15:00:00+00:00,0,0,0,0,0,0
2018-02-24 15:30:00+00:00,0,0,0,0,0,0
2018-02-24 16:00:00+00:00,0,0,0,0,0,0
2018-02-24 16:30:00+00:00,0,0,0,0,0,0
2018-02-24 17:00:00+00:00,0,0,0,0,0,0
2018-02-24 17:30:00+00:00,0,0,0,0,0,0
2018-02-24 18:00:00+00:00,0,0,0,0,0,0
2018-02-24 18:30:00+00:00,0,0,0,0,0,0
2018-02-24 19:00:00+00:00,0,0,0,0,0,0
2018-02-24 19:30:00+00:00,0,0,0,0,0,0
2018-02-24 20:00:00+00:00,0,0,0,0,0,0
2018-02-24 20:30:00+00:00,0,0,0,0,0,0
2018-02-24 21:00:00+00:00,0,0,0,0,0,0
2018-02-24 21:30:00+00:00,0,0,0,0,0,0
2018-02-24 22:00:00+00:00,0,0,0,0,0,0
2018-02-24 22:30:00+00:00,0,0,0,0,5,5
2018-02-24 23:00:00+00:00,0,0,0,0,0,0
2018-02-24 23:30:00+00:00,0,0,0,0,0,0
2018-02-25 00:00:00+00:00,0,0,0,0,0,0
2018-02-25 00:30:00+00:00,0,0,0,0,0,0
2018-02-25 01:00:00+00:00,0,0,0,0,0,0
2018-02-25 01:30:00+00:00,0,0,0,0,0,0
2018-02-25 02:00:00+00:00,0,0,0,0,0,0
2018-02-25 02:30:00+00:00,0,0,0,0,0,0
2018-02-25 03:00:00+00:00,0,0,0,0,0,0
2018-02-25 03:30:00+00:00,0,0,0,0,0,0
2018-02-25 04:00:00+00:00,0,0,0,0,0,0
2018-02-25 04:30:00+00:00,0,0,0,0,0,0
2018-02-25 05:00:00+00:00,0,0,0,0,0,0
2018-02-25 05:30:00+00:00,0,0,0,0,0,0
2018-02-25 06:00:00+00:00,0,0,0,0,0,0
2018-02-25 06:30:00+00:00,0,0,0,0,0,0
2018-02-25 07:00:00+00:00,0,0,0,0,0,0
2018-02-25 07:30:00+00:00,0,0,0,0,0,0
2018-02-25 08:00:00+00:00,0,0,0,0,0,0
2018-02-25 08:30:00+00:00,0,0,0,0,0,0
2018-02-25 09:00:00+00:00,0,0,0,0,0,0
2018-02-25 09:30:00+00:00,0,0,0,0,0,0
2018-02-25 10:00:00+00:00,0,0,0,0,0,0
2018-02-25 10:30:00+00:00,0,0,0,0,0,0
2018-02-25 11:00:00+00:00,0,0,0,0,0,0
2018-02-25 11:30:00+00:00,0,0,0,0,0,0
2018-02-25 12:00:00+00:00,0,0,0,0,0,0
2018-02-25 12:30:00+00:00,0,0,0,0,0,0
2018-02-25 13:00:00+00:00,0,0,0,0,0,0
2018-02-25 13:30:00+00:00,0,0,0,0,0,0
2018-02-25 14:00:00+00:00,0,0,0,0,0,0
2018-02-25 14:30:00+00:00,0,0,0,0,0,0
2018-02-25 15:00:00+00:00,0,0,0,0,0,0
2018-02-25 15:30:00+00:00,0,0,0,0,0,0
2018-02-25 16:00:00+00:00,0,0,0,0,0,0
2018-02-25 16:30:00+00:00,0,0,0,0,0,0
2018-02-25 17:00:00+00:00,0,0,0,0,0,0
2018-02-25 17:30:00+00:00,0,0,0,0,0,0
2018-02-25 18:00:00+00:00,0,0,0,0,0,0
2018-02-25 18:30:00+00:00,0,0,0,0,0,0
2018-02-25 19:00:00+00:00,0,0,0,0,0,0
2018-02-25 19:30:00+00:00,0,0,0,0,0,0
2018-02-25 20:00:00+00:00,0,0,0,0,0,0
2018-02-25 20:30:00+00:00,0,0,0,0,0,0
2018-02-25 21:00:00+00:00,0,0,0,0,0,0
2018-02-25 21:30:00+00:00,0,0,0,0,0,0
2018-02-25 22:00:00+00:00,0,0,0,0,0,0
2018-02-25 22:30:00+00:00,0,0,0,0,1,1
2018-02-25 23:00:00+00:00,0,0,0,0,0,0
2018-02-25 23:30:00+00:00,0,0,0,0,0,0
2018-02-26 00:00:00+00:00,0,0,0,0,0,0
2018-02-26 00:30:00+00:00,0,0,0,0,0,0
2018-02-26 01:00:00+00:00,0,0,0,0,0,0
2018-02-26 01:30:00+00:00,0,0,0,0,0,0
2018-02-26 02:00:00+00:00,0,0,0,0,0,0
2018-02-26 02:30:00+00:00,0,0,0,0,0,0
2018-02-26 03:00:00+00:00,0,0,0,0,0,0
2018-02-26 03:30:00+00:00,0,0,0,0,0,0
2018-02-26 04:00:00+00:00,0,0,0,0,0,0
2018-02-26 04:30:00+00:00,0,0,0,0,0,0
2018-02-26 05:00:00+00:00,0,0,0,0,0,0
2018-02-26 05:30:00+00:00,0,0,8,0,0,8
2018-02-26 06:00:00+00:00,0,0,4,0,0,4
2018-02-26 06:30:00+00:00,0,62,48,0,0,110
2018-02-26 07:00:00+00:00,0,46,3,0,0,49
2018-02-26 07:30:00+00:00,0,20,12,0,0,32
2018-02-26 08:00:00+00:00,0,40,10,0,0,50
2018-02-26 08:30:00+00:00,0,27,26,12,0,65
2018-02-26 09:00:00+00:00,0,49,21,3,0,73
2018-02-26 09:30:00+00:00,0,17,48,5,0,70
2018-02-26 10:00:00+00:00,0,9,23,27,0,59
2018-02-26 10:30:00+00:00,0,44,13,0,0,57
2018-02-26 11:00:00+00:00,0,16,40,0,0,56
2018-02-26 11:30:00+00:00,0,11,43,16,0,70
2018-02-26 12:00:00+00:00,0,24,9,0,0,33
2018-02-26 12:30:00+00:00,0,13,13,5,0,31
2018-02-26 13:00:00+00:00,0,11,61,4,0,76
2018-02-26 13:30:00+00:00,0,12,27,1,0,40
2018-02-26 14:00:00+00:00,0,13,10,1,0,24
2018-02-26 14:30:00+00:00,0,19,8,17,0,44
2018-02-26 15:00:00+00:00,0,4,3,3,0,10
2018-02-26 15:30:00+00:00,0,2,6,7,0,15
2018-02-26 16:00:00+00:00,0,0,102,8,0,110
2018-02-26 16:30:00+00:00,0,1,31,29,0,61
2018-02-26 17:00:00+00:00,0,3,2,9,0,14
2018-02-26 17:30:00+00:00,0,0,1,0,0,1
2018-02-26 18:00:00+00:00,0,0,1,0,0,1
2018-02-26 18:30:00+00:00,0,0,0,0,0,0
2018-02-26 19:00:00+00:00,0,0,0,0,0,0
2018-02-26 19:30:00+00:00,0,0,0,0,0,0
2018-02-26 20:00:00+00:00,0,0,0,0,0,0
2018-02-26 20:30:00+00:00,0,6,13,0,0,19
2018-02-26 21:00:00+00:00,0,0,0,0,0,0
2018-02-26 21:30:00+00:00,0,0,1,0,0,1
2018-02-26 22:00:00+00:00,0,0,0,0,0,0
2018-02-26 22:30:00+00:00,0,0,0,0,601,601
2018-02-26 23:00:00+00:00,0,0,0,0,0,0
2018-02-26 23:30:00+00:00,0,0,0,0,0,0
2018-02-27 00:00:00+00:00,0,0,0,0,0,0
2018-02-27 00:30:00+00:00,0,0,0,0,0,0
2018-02-27 01:00:00+00:00,0,0,0,0,0,0
2018-02-27 01:30:00+00:00,0,0,1,0,0,1
2018-02-27 02:00:00+00:00,0,0,0,0,0,0
2018-02-27 02:30:00+00:00,0,0,0,0,0,0
2018-02-27 03:00:00+00:00,0,0,0,0,0,0
2018-02-27 03:30:00+00:00,0,0,0,0,0,0
2018-02-27 04:00:00+00:00,0,0,0,0,0,0
2018-02-27 04:30:00+00:00,0,1,0,0,0,1
2018-02-27 05:00:00+00:00,0,0,0,0,0,0
2018-02-27 05:30:00+00:00,0,0,0,0,0,0
2018-02-27 06:00:00+00:00,0,21,46,0,0,67
2018-02-27 06:30:00+00:00,0,143,21,0,0,164
2018-02-27 07:00:00+00:00,0,0,1,0,0,1
2018-02-27 07:30:00+00:00,0,34,7,0,0,41
2018-02-27 08:00:00+00:00,0,1,16,1,0,18
2018-02-27 08:30:00+00:00,0,12,9,0,0,21
2018-02-27 09:00:00+00:00,0,50,6,18,0,74
2018-02-27 09:30:00+00:00,0,4,41,15,0,60
2018-02-27 10:00:00+00:00,0,35,140,61,0,236
2018-02-27 10:30:00+00:00,0,11,20,9,0,40
2018-02-27 11:00:00+00:00,0,12,9,10,0,31
2018-02-27 11:30:00+00:00,0,5,11,14,0,30
2018-02-27 12:00:00+00:00,0,19,8,24,0,51
2018-02-27 12:30:00+00:00,0,4,37,13,0,54
2018-02-27 13:00:00+00:00,0,76,5,33,0,114
2018-02-27 13:30:00+00:00,0,0,25,20,0,45
2018-02-27 14:00:00+00:00,0,11,10,27,0,48
2018-02-27 14:30:00+00:00,0,4,8,31,0,43
2018-02-27 15:00:00+00:00,0,0,11,8,0,19
2018-02-27 15:30:00+00:00,0,2,15,8,0,25
2018-02-27 16:00:00+00:00,0,20,33,31,0,84
2018-02-27 16:30:00+00:00,0,0,42,9,0,51
2018-02-27 17:00:00+00:00,0,0,2,0,0,2
2018-02-27 17:30:00+00:00,0,0,29,0,0,29
2018-02-27 18:00:00+00:00,0,0,2,0,0,2
2018-02-27 18:30:00+00:00,0,0,0,0,0,0
2018-02-27 19:00:00+00:00,0,0,3,0,0,3
2018-02-27 19:30:00+00:00,0,0,0,0,0,0
2018-02-27 20:00:00+00:00,0,0,0,0,0,0
2018-02-27 20:30:00+00:00,0,0,0,0,0,0
2018-02-27 21:00:00+00:00,0,0,0,0,0,0
2018-02-27 21:30:00+00:00,0,0,0,0,0,0
2018-02-27 22:00:00+00:00,0,0,1,0,0,1
2018-02-27 22:30:00+00:00,0,0,0,0,453,453
2018-02-27 23:00:00+00:00,0,0,0,0,0,0
2018-02-27 23:30:00+00:00,0,0,0,0,0,0
2018-02-28 00:00:00+00:00,0,0,0,0,0,0
2018-02-28 00:30:00+00:00,0,0,0,0,0,0
2018-02-28 01:00:00+00:00,0,0,0,0,0,0
2018-02-28 01:30:00+00:00,0,0,0,0,0,0
2018-02-28 02:00:00+00:00,0,0,1,0,0,1
2018-02-28 02:30:00+00:00,0,0,0,0,0,0
2018-02-28 03:00:00+00:00,0,0,0,0,0,0
2018-02-28 03:30:00+00:00,0,0,0,0,0,0
2018-02-28 04:00:00+00:00,0,2,0,0,0,2
2018-02-28 04:30:00+00:00,0,0,8,0,0,8
2018-02-28 05:00:00+00:00,0,0,2,0,0,2
2018-02-28 05:30:00+00:00,0,0,1,0,0,1
2018-02-28 06:00:00+00:00,0,0,3,0,0,3
2018-02-28 06:30:00+00:00,0,47,13,0,0,60
2018-02-28 07:00:00+00:00,0,10,6,0,0,16
2018-02-28 07:30:00+00:00,0,42,6,2,0,50
2018-02-28 08:00:00+00:00,0,36,0,0,0,36
2018-02-28 08:30:00+00:00,0,48,6,1,0,55
2018-02-28 09:00:00+00:00,0,20,1,1,0,22
2018-02-28 09:30:00+00:00,0,25,14,29,0,68
2018-02-28 10:00:00+00:00,0,52,10,9,0,71
2018-02-28 10:30:00+00:00,0,47,41,10,0,98
2018-02-28 11:00:00+00:00,0,15,16,1,0,32
2018-02-28 11:30:00+00:00,0,25,20,20,0,65
2018-02-28 12:00:00+00:00,0,7,15,75,0,97
2018-02-28 12:30:00+00:00,0,6,40,17,0,63
2018-02-28 13:00:00+00:00,0,21,28,8,0,57
2018-02-28 13:30:00+00:00,0,9,43,17,0,69
2018-02-28 14:00:00+00:00,0,5,15,13,0,33
2018-02-28 14:30:00+00:00,0,0,1,2,0,3
2018-02-28 15:00:00+00:00,0,13,18,56,0,87
2018-02-28 15:30:00+00:00,0,3,12,6,0,21
2018-02-28 16:00:00+00:00,0,0,100,3,0,103
2018-02-28 16:30:00+00:00,0,4,9,3,0,16
2018-02-28 17:00:00+00:00,0,0,0,11,0,11
2018-02-28 17:30:00+00:00,0,0,1,0,0,1
2018-02-28 18:00:00+00:00,0,0,0,0,0,0
2018-02-28 18:30:00+00:00,0,0,0,0,0,0
2018-02-28 19:00:00+00:00,0,0,0,0,0,0
2018-02-28 19:30:00+00:00,0,0,0,0,0,0
2018-02-28 20:00:00+00:00,0,2,0,0,0,2
2018-02-28 20:30:00+00:00,0,0,0,0,0,0
2018-02-28 21:00:00+00:00,0,0,0,0,0,0
2018-02-28 21:30:00+00:00,0,0,0,0,0,0
2018-02-28 22:00:00+00:00,0,0,0,0,0,0
2018-02-28 22:30:00+00:00,0,0,0,0,958,958
2018-02-28 23:00:00+00:00,0,0,0,0,0,0
2018-02-28 23:30:00+00:00,0,0,0,0,0,0
2018-03-01 00:00:00+00:00,0,0,0,0,0,0
2018-03-01 00:30:00+00:00,0,17,0,0,0,17
2018-03-01 01:00:00+00:00,0,0,0,0,0,0
2018-03-01 01:30:00+00:00,0,0,0,0,0,0
2018-03-01 02:00:00+00:00,0,0,0,0,0,0
2018-03-01 02:30:00+00:00,0,0,0,0,0,0
2018-03-01 03:00:00+00:00,0,0,0,0,0,0
2018-03-01 03:30:00+00:00,0,0,0,0,0,0
2018-03-01 04:00:00+00:00,0,0,0,0,0,0
2018-03-01 04:30:00+00:00,0,0,0,0,0,0
2018-03-01 05:00:00+00:00,0,0,0,0,0,0
2018-03-01 05:30:00+00:00,0,0,2,0,0,2
2018-03-01 06:00:00+00:00,0,2,28,0,0,30
2018-03-01 06:30:00+00:00,0,43,18,0,0,61
2018-03-01 07:00:00+00:00,0,24,2,0,0,26
2018-03-01 07:30:00+00:00,0,59,1,0,0,60
2018-03-01 08:00:00+00:00,0,2,40,0,0,42
2018-03-01 08:30:00+00:00,0,32,57,2,0,91
2018-03-01 09:00:00+00:00,0,13,4,102,0,119
2018-03-01 09:30:00+00:00,0,77,10,0,0,87
2018-03-01 10:00:00+00:00,0,25,8,1,0,34
2018-03-01 10:30:00+00:00,0,27,7,41,0,75
2018-03-01 11:00:00+00:00,0,7,8,1,0,16
2018-03-01 11:30:00+00:00,0,19,19,2,0,40
2018-03-01 12:00:00+00:00,0,4,17,0,0,21
2018-03-01 12:30:00+00:00,0,32,23,0,0,55
2018-03-01 13:00:00+00:00,257,13,20,0,0,290
2018-03-01 13:30:00+00:00,0,14,37,0,0,51
2018-03-01 14:00:00+00:00,0,55,12,5,0,72
2018-03-01 14:30:00+00:00,0,11,11,2,0,24
2018-03-01 15:00:00+00:00,0,5,7,3,0,15
2018-03-01 15:30:00+00:00,0,79,4,4,0,87
2018-03-01 16:00:00+00:00,0,10,31,0,0,41
2018-03-01 16:30:00+00:00,0,1,75,9,0,85
2018-03-01 17:00:00+00:00,0,0,1,0,0,1
2018-03-01 17:30:00+00:00,0,2,1,0,0,3
2018-03-01 18:00:00+00:00,0,2,1,0,0,3
2018-03-01 18:30:00+00:00,0,2,0,0,0,2
2018-03-01 19:00:00+00:00,0,2,0,0,0,2
2018-03-01 19:30:00+00:00,0,6,1,0,0,7
2018-03-01 20:00:00+00:00,0,0,0,0,0,0
2018-03-01 20:30:00+00:00,0,0,0,0,0,0
2018-03-01 21:00:00+00:00,0,0,0,0,0,0
2018-03-01 21:30:00+00:00,0,0,0,0,0,0
2018-03-01 22:00:00+00:00,0,0,2,0,0,2
2018-03-01 22:30:00+00:00,0,1,0,0,207,208
2018-03-01 23:00:00+00:00,0,0,0,0,0,0
2018-03-01 23:30:00+00:00,0,0,0,0,0,0
2018-03-02 00:00:00+00:00,0,0,0,0,0,0
2018-03-02 00:30:00+00:00,0,0,0,0,0,0
2018-03-02 01:00:00+00:00,0,0,0,0,0,0
2018-03-02 01:30:00+00:00,0,0,0,0,0,0
2018-03-02 02:00:00+00:00,0,0,0,0,0,0
2018-03-02 02:30:00+00:00,0,0,0,0,0,0
2018-03-02 03:00:00+00:00,0,0,0,0,0,0
2018-03-02 03:30:00+00:00,0,0,0,0,0,0
2018-03-02 04:00:00+00:00,0,0,0,0,0,0
2018-03-02 04:30:00+00:00,0,0,0,0,0,0
2018-03-02 05:00:00+00:00,0,0,0,0,0,0
2018-03-02 05:30:00+00:00,0,0,11,0,0,11
2018-03-02 06:00:00+00:00,0,88,118,0,0,206
2018-03-02 06:30:00+00:00,0,42,1,0,0,43
2018-03-02 07:00:00+00:00,0,2,7,0,0,9
2018-03-02 07:30:00+00:00,0,5,7,0,0,12
2018-03-02 08:00:00+00:00,0,7,7,0,0,14
2018-03-02 08:30:00+00:00,0,40,12,2,0,54
2018-03-02 09:00:00+00:00,0,4,33,0,0,37
2018-03-02 09:30:00+00:00,0,13,11,0,0,24
2018-03-02 10:00:00+00:00,0,35,9,0,0,44
2018-03-02 10:30:00+00:00,0,17,11,0,0,28
2018-03-02 11:00:00+00:00,0,6,28,0,0,34
2018-03-02 11:30:00+00:00,0,5,16,0,0,21
2018-03-02 12:00:00+00:00,0,5,12,0,0,17
2018-03-02 12:30:00+00:00,0,2,17,0,0,19
2018-03-02 13:00:00+00:00,0,7,40,0,0,47
2018-03-02 13:30:00+00:00,0,53,9,0,0,62
2018-03-02 14:00:00+00:00,0,6,10,0,0,16
2018-03-02 14:30:00+00:00,0,1,17,0,0,18
2018-03-02 15:00:00+00:00,0,8,3,0,0,11
2018-03-02 15:30:00+00:00,0,10,1,0,0,11
2018-03-02 16:00:00+00:00,0,9,53,0,0,62
2018-03-02 16:30:00+00:00,0,4,1,0,0,5
2018-03-02 17:00:00+00:00,0,0,0,0,0,0
2018-03-02 17:30:00+00:00,0,1,0,0,0,1
2018-03-02 18:00:00+00:00,0,0,0,0,0,0
2018-03-02 18:30:00+00:00,0,0,0,0,0,0
2018-03-02 19:00:00+00:00,0,0,0,0,0,0
2018-03-02 19:30:00+00:00,0,0,0,0,0,0
2018-03-02 20:00:00+00:00,0,0,0,0,0,0
2018-03-02 20:30:00+00:00,0,0,40,0,0,40
2018-03-02 21:00:00+00:00,0,0,67,0,0,67
2018-03-02 21:30:00+00:00,0,0,2,0,0,2
2018-03-02 22:00:00+00:00,0,0,0,0,0,0
2018-03-02 22:30:00+00:00,0,0,0,0,467,467
2018-03-02 23:00:00+00:00,0,0,0,0,0,0
2018-03-02 23:30:00+00:00,0,0,0,0,0,0
2018-03-03 00:00:00+00:00,0,0,0,0,0,0
2018-03-03 00:30:00+00:00,0,0,0,0,0,0
2018-03-03 01:00:00+00:00,0,0,0,0,0,0
2018-03-03 01:30:00+00:00,0,0,0,0,0,0
2018-03-03 02:00:00+00:00,0,0,0,0,0,0
2018-03-03 02:30:00+00:00,0,0,11,0,0,11
2018-03-03 03:00:00+00:00,0,0,0,0,0,0
2018-03-03 03:30:00+00:00,0,0,0,0,0,0
2018-03-03 04:00:00+00:00,0,0,0,0,0,0
2018-03-03 04:30:00+00:00,0,0,0,0,0,0
2018-03-03 05:00:00+00:00,0,0,0,0,0,0
2018-03-03 05:30:00+00:00,0,0,0,0,0,0
2018-03-03 06:00:00+00:00,0,0,0,0,0,0
2018-03-03 06:30:00+00:00,0,0,0,0,0,0
2018-03-03 07:00:00+00:00,0,0,0,0,0,0
2018-03-03 07:30:00+00:00,0,0,0,0,0,0
2018-03-03 08:00:00+00:00,0,0,0,0,0,0
2018-03-03 08:30:00+00:00,0,0,0,0,0,0
2018-03-03 09:00:00+00:00,0,0,0,0,0,0
2018-03-03 09:30:00+00:00,0,0,0,0,0,0
2018-03-03 10:00:00+00:00,0,0,0,0,0,0
2018-03-03 10:30:00+00:00,0,0,0,0,0,0
2018-03-03 11:00:00+00:00,0,0,0,0,0,0
2018-03-03 11:30:00+00:00,0,0,0,0,0,0
2018-03-03 12:00:00+00:00,0,0,0,0,0,0
2018-03-03 12:30:00+00:00,0,0,0,0,0,0
2018-03-03 13:00:00+00:00,0,0,0,0,0,0
2018-03-03 13:30:00+00:00,0,0,0,0,0,0
2018-03-03 14:00:00+00:00,0,0,0,0,0,0
2018-03-03 14:30:00+00:00,0,0,0,0,0,0
2018-03-03 15:00:00+00:00,0,0,0,0,0,0
2018-03-03 15:30:00+00:00,0,0,0,0,0,0
2018-03-03 16:00:00+00:00,0,0,0,0,0,0
2018-03-03 16:30:00+00:00,0,0,0,0,0,0
2018-03-03 17:00:00+00:00,0,0,0,0,0,0
2018-03-03 17:30:00+00:00,0,0,0,0,0,0
2018-03-03 18:00:00+00:00,0,0,0,0,0,0
2018-03-03 18:30:00+00:00,0,0,0,0,0,0
2018-03-03 19:00:00+00:00,0,0,0,0,0,0
2018-03-03 19:30:00+00:00,0,0,0,0,0,0
2018-03-03 20:00:00+00:00,0,0,0,0,0,0
2018-03-03 20:30:00+00:00,0,0,0,0,0,0
2018-03-03 21:00:00+00:00,0,0,0,0,0,0
2018-03-03 21:30:00+00:00,0,0,0,0,0,0
2018-03-03 22:00:00+00:00,0,0,0,0,0,0
2018-03-03 22:30:00+00:00,0,0,0,0,9,9
2018-03-03 23:00:00+00:00,0,0,0,0,0,0
2018-03-03 23:30:00+00:00,0,0,0,0,0,0
2018-03-04 00:00:00+00:00,0,0,0,0,0,0
2018-03-04 00:30:00+00:00,0,0,0,0,0,0
2018-03-04 01:00:00+00:00,0,0,0,0,0,0
2018-03-04 01:30:00+00:00,0,0,0,0,0,0
2018-03-04 02:00:00+00:00,0,0,0,0,0,0
2018-03-04 02:30:00+00:00,0,0,0,0,0,0
2018-03-04 03:00:00+00:00,0,0,0,0,0,0
2018-03-04 03:30:00+00:00,0,0,0,0,0,0
2018-03-04 04:00:00+00:00,0,0,0,0,0,0
2018-03-04 04:30:00+00:00,0,0,0,0,0,0
2018-03-04 05:00:00+00:00,0,0,0,0,0,0
2018-03-04 05:30:00+00:00,0,0,0,0,0,0
2018-03-04 06:00:00+00:00,0,0,0,0,0,0
2018-03-04 06:30:00+00:00,0,0,0,0,0,0
2018-03-04 07:00:00+00:00,0,0,0,0,0,0
2018-03-04 07:30:00+00:00,0,0,0,0,0,0
2018-03-04 08:00:00+00:00,0,0,0,0,0,0
2018-03-04 08:30:00+00:00,0,0,0,0,0,0
2018-03-04 09:00:00+00:00,0,0,0,0,0,0
2018-03-04 09:30:00+00:00,0,0,0,0,0,0
2018-03-04 10:00:00+00:00,0,0,0,0,0,0
2018-03-04 10:30:00+00:00,0,0,0,0,0,0
2018-03-04 11:00:00+00:00,0,0,0,0,0,0
2018-03-04 11:30:00+00:00,0,0,0,0,0,0
2018-03-04 12:00:00+00:00,0,0,0,0,0,0
2018-03-04 12:30:00+00:00,0,0,0,0,0,0
2018-03-04 13:00:00+00:00,0,0,0,0,0,0
2018-03-04 13:30:00+00:00,0,0,0,0,0,0
2018-03-04 14:00:00+00:00,0,0,0,0,0,0
2018-03-04 14:30:00+00:00,0,0,0,0,0,0
2018-03-04 15:00:00+00:00,0,0,0,0,0,0
2018-03-04 15:30:00+00:00,0,0,0,0,0,0
2018-03-04 16:00:00+00:00,0,0,0,0,0,0
2018-03-04 16:30:00+00:00,0,0,0,0,0,0
2018-03-04 17:00:00+00:00,0,0,0,0,0,0
2018-03-04 17:30:00+00:00,0,0,0,0,0,0
2018-03-04 18:00:00+00:00,0,0,0,0,0,0
2018-03-04 18:30:00+00:00,0,0,0,0,0,0
2018-03-04 19:00:00+00:00,0,0,0,0,0,0
2018-03-04 19:30:00+00:00,0,0,0,0,0,0
2018-03-04 20:00:00+00:00,0,0,0,0,0,0
2018-03-04 20:30:00+00:00,0,0,0,0,0,0
2018-03-04 21:00:00+00:00,0,0,0,0,0,0
2018-03-04 21:30:00+00:00,0,0,0,0,0,0
2018-03-04 22:00:00+00:00,0,0,0,0,0,0
2018-03-04 22:30:00+00:00,0,0,0,0,0,0
2018-03-04 23:00:00+00:00,0,0,0,0,0,0
2018-03-04 23:30:00+00:00,0,0,0,0,0,0
2018-03-05 00:00:00+00:00,0,0,19,0,0,19
2018-03-05 00:30:00+00:00,0,0,0,0,0,0
2018-03-05 01:00:00+00:00,0,0,0,0,0,0
2018-03-05 01:30:00+00:00,0,0,0,0,0,0
2018-03-05 02:00:00+00:00,0,0,0,0,0,0
2018-03-05 02:30:00+00:00,0,0,0,0,0,0
2018-03-05 03:00:00+00:00,0,0,0,0,0,0
2018-03-05 03:30:00+00:00,0,0,0,0,0,0
2018-03-05 04:00:00+00:00,0,0,0,0,0,0
2018-03-05 04:30:00+00:00,0,0,0,0,0,0
2018-03-05 05:00:00+00:00,0,0,0,0,0,0
2018-03-05 05:30:00+00:00,0,0,1,0,0,1
2018-03-05 06:00:00+00:00,0,0,2,0,0,2
2018-03-05 06:30:00+00:00,0,55,57,0,0,112
2018-03-05 07:00:00+00:00,0,8,25,0,0,33
2018-03-05 07:30:00+00:00,0,2,13,0,0,15
2018-03-05 08:00:00+00:00,0,25,3,2,0,30
2018-03-05 08:30:00+00:00,0,98,14,3,0,115
2018-03-05 09:00:00+00:00,0,37,64,4,0,105
2018-03-05 09:30:00+00:00,0,17,46,12,0,75
2018-03-05 10:00:00+00:00,0,13,18,7,0,38
2018-03-05 10:30:00+00:00,0,49,20,0,0,69
2018-03-05 11:00:00+00:00,0,6,13,4,0,23
2018-03-05 11:30:00+00:00,0,56,10,33,0,99
2018-03-05 12:00:00+00:00,0,12,18,10,0,40
2018-03-05 12:30:00+00:00,0,33,13,8,0,54
2018-03-05 13:00:00+00:00,0,44,21,6,0,71
2018-03-05 13:30:00+00:00,0,1,12,24,0,37
2018-03-05 14:00:00+00:00,0,7,17,44,0,68
2018-03-05 14:30:00+00:00,0,0,8,34,0,42
2018-03-05 15:00:00+00:00,0,3,6,11,0,20
2018-03-05 15:30:00+00:00,0,0,2,2,0,4
2018-03-05 16:00:00+00:00,0,12,3,26,0,41
2018-03-05 16:30:00+00:00,0,1,62,6,0,69
2018-03-05 17:00:00+00:00,0,1,1,9,0,11
2018-03-05 17:30:00+00:00,0,0,3,0,0,3
2018-03-05 18:00:00+00:00,0,0,0,0,0,0
2018-03-05 18:30:00+00:00,0,0,0,0,0,0
2018-03-05 19:00:00+00:00,0,0,0,0,0,0
2018-03-05 19:30:00+00:00,0,0,0,0,0,0
2018-03-05 20:00:00+00:00,0,0,0,0,0,0
2018-03-05 20:30:00+00:00,0,0,0,0,0,0
2018-03-05 21:00:00+00:00,0,0,1,0,0,1
2018-03-05 21:30:00+00:00,0,0,0,0,0,0
2018-03-05 22:00:00+00:00,0,0,0,0,0,0
2018-03-05 22:30:00+00:00,0,0,0,0,400,400
2018-03-05 23:00:00+00:00,0,0,0,0,0,0
2018-03-05 23:30:00+00:00,0,0,0,0,0,0
2018-03-06 00:00:00+00:00,0,0,0,0,0,0
2018-03-06 00:30:00+00:00,0,0,0,0,0,0
2018-03-06 01:00:00+00:00,0,0,0,0,0,0
2018-03-06 01:30:00+00:00,0,0,0,0,0,0
2018-03-06 02:00:00+00:00,0,0,2,0,0,2
2018-03-06 02:30:00+00:00,0,0,0,0,0,0
2018-03-06 03:00:00+00:00,0,0,0,0,0,0
2018-03-06 03:30:00+00:00,0,0,0,0,0,0
2018-03-06 04:00:00+00:00,0,3,0,0,0,3
2018-03-06 04:30:00+00:00,0,0,0,0,0,0
2018-03-06 05:00:00+00:00,0,0,3,0,0,3
2018-03-06 05:30:00+00:00,0,0,5,0,0,5
2018-03-06 06:00:00+00:00,0,20,11,0,0,31
2018-03-06 06:30:00+00:00,0,40,58,0,0,98
2018-03-06 07:00:00+00:00,0,30,17,0,0,47
2018-03-06 07:30:00+00:00,0,18,10,0,0,28
2018-03-06 08:00:00+00:00,0,71,18,2,0,91
2018-03-06 08:30:00+00:00,0,57,15,2,0,74
2018-03-06 09:00:00+00:00,0,12,46,8,0,66
2018-03-06 09:30:00+00:00,0,19,138,5,0,162
2018-03-06 10:00:00+00:00,0,27,13,1,0,41
2018-03-06 10:30:00+00:00,0,69,55,0,0,124
2018-03-06 11:00:00+00:00,0,2,26,4,0,32
2018-03-06 11:30:00+00:00,0,8,20,8,0,36
2018-03-06 12:00:00+00:00,0,28,13,35,0,76
2018-03-06 12:30:00+00:00,0,3,27,26,0,56
2018-03-06 13:00:00+00:00,0,50,88,15,0,153
2018-03-06 13:30:00+00:00,0,21,22,18,0,61
2018-03-06 14:00:00+00:00,0,17,24,7,0,48
2018-03-06 14:30:00+00:00,0,28,21,44,0,93
2018-03-06 15:00:00+00:00,0,26,15,4,0,45
2018-03-06 15:30:00+00:00,0,6,0,13,0,19
2018-03-06 16:00:00+00:00,0,2,4,26,0,32
2018-03-06 16:30:00+00:00,0,16,74,40,0,130
2018-03-06 17:00:00+00:00,0,0,17,23,0,40
2018-03-06 17:30:00+00:00,0,5,3,0,0,8
2018-03-06 18:00:00+00:00,0,4,2,0,0,6
2018-03-06 18:30:00+00:00,0,4,1,0,0,5
2018-03-06 19:00:00+00:00,0,0,0,0,0,0
2018-03-06 19:30:00+00:00,0,0,0,0,0,0
2018-03-06 20:00:00+00:00,0,0,1,0,0,1
2018-03-06 20:30:00+00:00,0,0,0,0,0,0
2018-03-06 21:00:00+00:00,0,17,0,0,0,17
2018-03-06 21:30:00+00:00,0,0,0,0,0,0
2018-03-06 22:00:00+00:00,0,0,0,0,0,0
2018-03-06 22:30:00+00:00,0,0,0,0,477,477
2018-03-06 23:00:00+00:00,0,0,0,0,0,0
2018-03-06 23:30:00+00:00,0,0,0,0,0,0
2018-03-07 00:00:00+00:00,0,0,0,0,0,0
2018-03-07 00:30:00+00:00,0,0,0,0,0,0
2018-03-07 01:00:00+00:00,0,0,0,0,0,0
2018-03-07 01:30:00+00:00,0,0,0,0,0,0
2018-03-07 02:00:00+00:00,0,0,0,0,0,0
2018-03-07 02:30:00+00:00,0,0,0,0,0,0
2018-03-07 03:00:00+00:00,0,0,0,0,0,0
2018-03-07 03:30:00+00:00,0,0,0,0,0,0
2018-03-07 04:00:00+00:00,0,0,0,1,0,1
2018-03-07 04:30:00+00:00,0,5,0,4,0,9
2018-03-07 05:00:00+00:00,0,3,0,0,0,3
2018-03-07 05:30:00+00:00,0,1,3,0,0,4
2018-03-07 06:00:00+00:00,0,6,0,0,0,6
2018-03-07 06:30:00+00:00,0,1,5,0,0,6
2018-03-07 07:00:00+00:00,0,27,26,0,0,53
2018-03-07 07:30:00+00:00,0,78,0,0,0,78
2018-03-07 08:00:00+00:00,0,57,34,0,0,91
2018-03-07 08:30:00+00:00,0,6,12,39,0,57
2018-03-07 09:00:00+00:00,0,10,45,4,0,59
2018-03-07 09:30:00+00:00,0,23,17,2,0,42
2018-03-07 10:00:00+00:00,0,79,31,0,0,110
2018-03-07 10:30:00+00:00,0,4,27,0,0,31
2018-03-07 11:00:00+00:00,0,36,6,0,0,42
2018-03-07 11:30:00+00:00,0,12,52,32,0,96
2018-03-07 12:00:00+00:00,0,7,23,30,0,60
2018-03-07 12:30:00+00:00,0,28,17,6,0,51
2018-03-07 13:00:00+00:00,0,2,23,18,0,43
2018-03-07 13:30:00+00:00,0,42,41,12,0,95
2018-03-07 14:00:00+00:00,0,1,15,27,0,43
2018-03-07 14:30:00+00:00,0,4,14,45,0,63
2018-03-07 15:00:00+00:00,0,2,5,24,0,31
2018-03-07 15:30:00+00:00,0,6,0,1,0,7
2018-03-07 16:00:00+00:00,0,0,3,18,0,21
2018-03-07 16:30:00+00:00,0,0,94,24,0,118
2018-03-07 17:00:00+00:00,0,7,3,13,0,23
2018-03-07 17:30:00+00:00,0,1,0,0,0,1
2018-03-07 18:00:00+00:00,0,7,2,0,0,9
2018-03-07 18:30:00+00:00,0,6,0,0,0,6
2018-03-07 19:00:00+00:00,0,0,0,0,0,0
2018-03-07 19:30:00+00:00,0,0,0,0,0,0
2018-03-07 20:00:00+00:00,0,28,0,0,0,28
2018-03-07 20:30:00+00:00,0,0,0,0,0,0
2018-03-07 21:00:00+00:00,0,0,0,0,0,0
2018-03-07 21:30:00+00:00,0,0,1,0,0,1
2018-03-07 22:00:00+00:00,0,0,0,0,0,0
2018-03-07 22:30:00+00:00,0,0,0,0,474,474
2018-03-07 23:00:00+00:00,0,0,0,0,0,0
2018-03-07 23:30:00+00:00,0,0,0,0,0,0
2018-03-08 00:00:00+00:00,0,0,0,0,0,0
2018-03-08 00:30:00+00:00,0,0,0,0,0,0
2018-03-08 01:00:00+00:00,0,0,0,0,0,0
2018-03-08 01:30:00+00:00,0,0,0,0,0,0
2018-03-08 02:00:00+00:00,0,0,0,0,0,0
2018-03-08 02:30:00+00:00,0,0,0,0,0,0
2018-03-08 03:00:00+00:00,0,0,0,0,0,0
2018-03-08 03:30:00+00:00,0,0,0,0,0,0
2018-03-08 04:00:00+00:00,0,4,0,0,0,4
2018-03-08 04:30:00+00:00,0,0,0,2,0,2
2018-03-08 05:00:00+00:00,0,0,0,2,0,2
2018-03-08 05:30:00+00:00,0,0,1,4,0,5
2018-03-08 06:00:00+00:00,0,29,1,0,0,30
2018-03-08 06:30:00+00:00,0,20,10,0,0,30
2018-03-08 07:00:00+00:00,0,17,11,0,0,28
2018-03-08 07:30:00+00:00,0,83,10,0,0,93
2018-03-08 08:00:00+00:00,0,37,10,0,0,47
2018-03-08 08:30:00+00:00,0,31,25,10,0,66
2018-03-08 09:00:00+00:00,0,18,10,13,0,41
2018-03-08 09:30:00+00:00,0,38,16,0,0,54
2018-03-08 10:00:00+00:00,0,54,17,20,0,91
2018-03-08 10:30:00+00:00,0,32,16,11,0,59
2018-03-08 11:00:00+00:00,0,11,11,1,0,23
2018-03-08 11:30:00+00:00,0,10,25,4,0,39
2018-03-08 12:00:00+00:00,1129,24,7,25,0,1185
2018-03-08 12:30:00+00:00,0,21,7,8,0,36
2018-03-08 13:00:00+00:00,0,7,30,5,0,42
2018-03-08 13:30:00+00:00,0,27,13,19,0,59
2018-03-08 14:00:00+00:00,0,46,64,18,0,128
2018-03-08 14:30:00+00:00,0,17,14,61,0,92
2018-03-08 15:00:00+00:00,0,17,9,79,0,105
2018-03-08 15:30:00+00:00,0,25,2,32,0,59
2018-03-08 16:00:00+00:00,0,1,4,13,0,18
2018-03-08 16:30:00+00:00,0,2,40,47,0,89
2018-03-08 17:00:00+00:00,0,0,4,11,0,15
2018-03-08 17:30:00+00:00,0,0,0,0,0,0
2018-03-08 18:00:00+00:00,0,0,0,0,0,0
2018-03-08 18:30:00+00:00,0,0,2,0,0,2
2018-03-08 19:00:00+00:00,0,5,0,0,0,5
2018-03-08 19:30:00+00:00,0,0,1,0,0,1
2018-03-08 20:00:00+00:00,0,12,56,0,0,68
2018-03-08 20:30:00+00:00,0,11,2,0,0,13
2018-03-08 21:00:00+00:00,0,3,0,0,0,3
2018-03-08 21:30:00+00:00,0,7,0,0,0,7
2018-03-08 22:00:00+00:00,0,0,0,0,0,0
2018-03-08 22:30:00+00:00,0,0,0,0,392,392
2018-03-08 23:00:00+00:00,0,48,0,0,0,48
2018-03-08 23:30:00+00:00,0,4,0,0,0,4
2018-03-09 00:00:00+00:00,0,0,0,0,0,0
2018-03-09 00:30:00+00:00,0,0,0,0,0,0
2018-03-09 01:00:00+00:00,0,0,0,0,0,0
2018-03-09 01:30:00+00:00,0,0,0,0,0,0
2018-03-09 02:00:00+00:00,0,0,0,0,0,0
2018-03-09 02:30:00+00:00,0,0,0,0,0,0
2018-03-09 03:00:00+00:00,0,0,0,0,0,0
2018-03-09 03:30:00+00:00,0,0,0,0,0,0
2018-03-09 04:00:00+00:00,0,0,0,0,0,0
2018-03-09 04:30:00+00:00,0,0,0,0,0,0
2018-03-09 05:00:00+00:00,0,0,2,0,0,2
2018-03-09 05:30:00+00:00,0,0,2,0,0,2
2018-03-09 06:00:00+00:00,0,3,95,0,0,98
2018-03-09 06:30:00+00:00,0,51,3,0,0,54
2018-03-09 07:00:00+00:00,0,13,7,0,0,20
2018-03-09 07:30:00+00:00,0,71,9,0,0,80
2018-03-09 08:00:00+00:00,0,10,6,9,0,25
2018-03-09 08:30:00+00:00,0,20,26,6,0,52
2018-03-09 09:00:00+00:00,0,1,30,10,0,41
2018-03-09 09:30:00+00:00,0,19,7,40,0,66
2018-03-09 10:00:00+00:00,0,34,12,17,0,63
2018-03-09 10:30:00+00:00,0,36,11,8,0,55
2018-03-09 11:00:00+00:00,0,10,6,24,0,40
2018-03-09 11:30:00+00:00,0,5,19,5,0,29
2018-03-09 12:00:00+00:00,0,7,10,2,0,19
2018-03-09 12:30:00+00:00,0,7,23,0,0,30
2018-03-09 13:00:00+00:00,0,19,11,26,0,56
2018-03-09 13:30:00+00:00,33,4,36,3,0,76
2018-03-09 14:00:00+00:00,0,3,18,14,0,35
2018-03-09 14:30:00+00:00,0,0,3,29,0,32
2018-03-09 15:00:00+00:00,0,0,4,56,0,60
2018-03-09 15:30:00+00:00,0,0,8,39,0,47
2018-03-09 16:00:00+00:00,0,9,15,6,0,30
2018-03-09 16:30:00+00:00,0,5,109,12,0,126
2018-03-09 17:00:00+00:00,0,8,0,10,0,18
2018-03-09 17:30:00+00:00,0,0,0,0,0,0
2018-03-09 18:00:00+00:00,0,0,0,0,0,0
2018-03-09 18:30:00+00:00,0,0,0,0,0,0
2018-03-09 19:00:00+00:00,0,0,1,0,0,1
2018-03-09 19:30:00+00:00,0,0,0,0,0,0
2018-03-09 20:00:00+00:00,0,0,0,0,0,0
2018-03-09 20:30:00+00:00,0,0,0,0,0,0
2018-03-09 21:00:00+00:00,0,0,1,0,0,1
2018-03-09 21:30:00+00:00,0,0,0,0,0,0
2018-03-09 22:00:00+00:00,0,0,0,0,0,0
2018-03-09 22:30:00+00:00,0,0,0,0,506,506
2018-03-09 23:00:00+00:00,0,0,0,0,0,0
2018-03-09 23:30:00+00:00,0,0,0,0,0,0
2018-03-10 00:00:00+00:00,0,0,0,0,0,0
2018-03-10 00:30:00+00:00,0,48,0,0,0,48
2018-03-10 01:00:00+00:00,0,4,0,0,0,4
2018-03-10 01:30:00+00:00,0,0,0,0,0,0
2018-03-10 02:00:00+00:00,0,0,0,0,0,0
2018-03-10 02:30:00+00:00,0,0,0,0,0,0
2018-03-10 03:00:00+00:00,0,0,0,7,0,7
2018-03-10 03:30:00+00:00,0,0,0,36,0,36
2018-03-10 04:00:00+00:00,0,0,0,0,0,0
2018-03-10 04:30:00+00:00,0,0,0,22,0,22
2018-03-10 05:00:00+00:00,0,0,0,48,0,48
2018-03-10 05:30:00+00:00,0,0,0,62,0,62
2018-03-10 06:00:00+00:00,0,0,0,67,0,67
2018-03-10 06:30:00+00:00,0,0,0,106,0,106
2018-03-10 07:00:00+00:00,0,0,0,160,0,160
2018-03-10 07:30:00+00:00,0,0,3,77,0,80
2018-03-10 08:00:00+00:00,0,0,0,49,0,49
2018-03-10 08:30:00+00:00,0,0,0,19,0,19
2018-03-10 09:00:00+00:00,0,0,0,60,0,60
2018-03-10 09:30:00+00:00,0,0,0,56,0,56
2018-03-10 10:00:00+00:00,0,0,0,63,0,63
2018-03-10 10:30:00+00:00,0,0,0,62,0,62
2018-03-10 11:00:00+00:00,0,0,0,79,0,79
2018-03-10 11:30:00+00:00,0,0,0,65,0,65
2018-03-10 12:00:00+00:00,0,0,0,4,0,4
2018-03-10 12:30:00+00:00,0,0,0,0,0,0
2018-03-10 13:00:00+00:00,0,0,0,0,0,0
2018-03-10 13:30:00+00:00,0,0,0,0,0,0
2018-03-10 14:00:00+00:00,0,0,0,0,0,0
2018-03-10 14:30:00+00:00,0,0,0,0,0,0
2018-03-10 15:00:00+00:00,0,0,0,0,0,0
2018-03-10 15:30:00+00:00,0,0,0,0,0,0
2018-03-10 16:00:00+00:00,0,0,0,0,0,0
2018-03-10 16:30:00+00:00,0,0,0,0,0,0
2018-03-10 17:00:00+00:00,0,0,0,0,0,0
2018-03-10 17:30:00+00:00,0,0,0,0,0,0
2018-03-10 18:00:00+00:00,0,0,0,0,0,0
2018-03-10 18:30:00+00:00,0,0,0,0,0,0
2018-03-10 19:00:00+00:00,0,0,0,0,0,0
2018-03-10 19:30:00+00:00,0,6,0,0,0,6
2018-03-10 20:00:00+00:00,0,0,0,0,0,0
2018-03-10 20:30:00+00:00,0,0,0,0,0,0
2018-03-10 21:00:00+00:00,0,0,0,0,0,0
2018-03-10 21:30:00+00:00,0,0,0,0,0,0
2018-03-10 22:00:00+00:00,0,0,0,0,0,0
2018-03-10 22:30:00+00:00,0,0,0,0,5,5
2018-03-10 23:00:00+00:00,0,0,0,0,0,0
2018-03-10 23:30:00+00:00,0,0,0,0,0,0
2018-03-11 00:00:00+00:00,0,0,0,0,0,0
2018-03-11 00:30:00+00:00,0,0,0,0,0,0
2018-03-11 01:00:00+00:00,0,0,0,0,0,0
2018-03-11 01:30:00+00:00,0,0,0,0,0,0
2018-03-11 02:00:00+00:00,0,0,0,0,0,0
2018-03-11 02:30:00+00:00,0,0,0,0,0,0
2018-03-11 03:00:00+00:00,0,0,0,0,0,0
2018-03-11 03:30:00+00:00,0,0,0,0,0,0
2018-03-11 04:00:00+00:00,0,0,0,0,0,0
2018-03-11 04:30:00+00:00,0,0,0,0,0,0
2018-03-11 05:00:00+00:00,0,0,0,0,0,0
2018-03-11 05:30:00+00:00,0,0,0,0,0,0
2018-03-11 06:00:00+00:00,0,0,0,0,0,0
2018-03-11 06:30:00+00:00,0,0,0,0,0,0
2018-03-11 07:00:00+00:00,0,0,0,0,0,0
2018-03-11 07:30:00+00:00,0,0,0,0,0,0
2018-03-11 08:00:00+00:00,0,6,0,0,0,6
2018-03-11 08:30:00+00:00,0,0,0,0,0,0
2018-03-11 09:00:00+00:00,0,0,0,0,0,0
2018-03-11 09:30:00+00:00,0,0,0,0,0,0
2018-03-11 10:00:00+00:00,0,0,0,0,0,0
2018-03-11 10:30:00+00:00,0,0,0,0,0,0
2018-03-11 11:00:00+00:00,0,0,0,0,0,0
2018-03-11 11:30:00+00:00,0,0,0,0,0,0
2018-03-11 12:00:00+00:00,0,0,0,0,0,0
2018-03-11 12:30:00+00:00,0,0,0,0,0,0
2018-03-11 13:00:00+00:00,0,0,0,0,0,0
2018-03-11 13:30:00+00:00,0,0,0,0,0,0
2018-03-11 14:00:00+00:00,0,0,0,0,0,0
2018-03-11 14:30:00+00:00,0,0,0,0,0,0
2018-03-11 15:00:00+00:00,0,0,0,0,0,0
2018-03-11 15:30:00+00:00,0,0,0,0,0,0
2018-03-11 16:00:00+00:00,0,0,0,0,0,0
2018-03-11 16:30:00+00:00,0,0,0,0,0,0
2018-03-11 17:00:00+00:00,0,4,0,0,0,4
2018-03-11 17:30:00+00:00,0,0,0,0,0,0
2018-03-11 18:00:00+00:00,0,0,0,0,0,0
2018-03-11 18:30:00+00:00,0,0,0,0,0,0
2018-03-11 19:00:00+00:00,0,0,0,0,0,0
2018-03-11 19:30:00+00:00,0,0,0,0,0,0
2018-03-11 20:00:00+00:00,0,0,0,0,0,0
2018-03-11 20:30:00+00:00,0,0,0,0,0,0
2018-03-11 21:00:00+00:00,0,0,0,0,0,0
2018-03-11 21:30:00+00:00,0,0,0,0,0,0
2018-03-11 22:00:00+00:00,0,0,0,0,0,0
2018-03-11 22:30:00+00:00,0,0,0,0,0,0
2018-03-11 23:00:00+00:00,0,0,2,0,0,2
2018-03-11 23:30:00+00:00,0,0,0,0,0,0
2018-03-12 00:00:00+00:00,0,0,0,0,0,0
2018-03-12 00:30:00+00:00,0,0,0,0,0,0
2018-03-12 01:00:00+00:00,0,0,0,0,0,0
2018-03-12 01:30:00+00:00,0,0,22,0,0,22
2018-03-12 02:00:00+00:00,0,0,0,0,0,0
2018-03-12 02:30:00+00:00,0,0,0,0,0,0
2018-03-12 03:00:00+00:00,0,0,0,0,0,0
2018-03-12 03:30:00+00:00,0,0,0,0,0,0
2018-03-12 04:00:00+00:00,0,10,0,0,0,10
2018-03-12 04:30:00+00:00,0,0,0,0,0,0
2018-03-12 05:00:00+00:00,0,0,0,0,0,0
2018-03-12 05:30:00+00:00,0,0,0,0,0,0
2018-03-12 06:00:00+00:00,0,5,18,0,0,23
2018-03-12 06:30:00+00:00,0,11,8,0,0,19
2018-03-12 07:00:00+00:00,0,22,19,0,0,41
2018-03-12 07:30:00+00:00,0,61,23,0,0,84
2018-03-12 08:00:00+00:00,0,29,24,1,0,54
2018-03-12 08:30:00+00:00,0,9,18,2,0,29
2018-03-12 09:00:00+00:00,0,5,21,11,0,37
2018-03-12 09:30:00+00:00,0,45,14,14,0,73
2018-03-12 10:00:00+00:00,0,18,19,5,0,42
2018-03-12 10:30:00+00:00,0,23,47,37,0,107
2018-03-12 11:00:00+00:00,0,4,12,9,0,25
2018-03-12 11:30:00+00:00,0,7,12,1,0,20
2018-03-12 12:00:00+00:00,0,17,7,7,0,31
2018-03-12 12:30:00+00:00,0,1,9,32,0,42
2018-03-12 13:00:00+00:00,0,2,27,40,0,69
2018-03-12 13:30:00+00:00,0,3,8,14,0,25
2018-03-12 14:00:00+00:00,0,13,7,10,0,30
2018-03-12 14:30:00+00:00,0,1,25,20,0,46
2018-03-12 15:00:00+00:00,0,14,26,14,0,54
2018-03-12 15:30:00+00:00,0,0,0,10,0,10
2018-03-12 16:00:00+00:00,0,8,5,1,0,14
2018-03-12 16:30:00+00:00,0,0,74,22,0,96
2018-03-12 17:00:00+00:00,0,19,7,8,0,34
2018-03-12 17:30:00+00:00,0,0,10,0,0,10
2018-03-12 18:00:00+00:00,0,0,4,0,0,4
2018-03-12 18:30:00+00:00,0,0,0,0,0,0
2018-03-12 19:00:00+00:00,0,0,0,0,0,0
2018-03-12 19:30:00+00:00,0,0,0,0,0,0
2018-03-12 20:00:00+00:00,0,0,0,0,0,0
2018-03-12 20:30:00+00:00,0,0,0,0,0,0
2018-03-12 21:00:00+00:00,0,21,27,0,0,48
2018-03-12 21:30:00+00:00,0,1,0,0,0,1
2018-03-12 22:00:00+00:00,0,0,0,0,0,0
2018-03-12 22:30:00+00:00,0,3,0,0,638,641
2018-03-12 23:00:00+00:00,0,0,0,0,0,0
2018-03-12 23:30:00+00:00,0,0,0,0,0,0
2018-03-13 00:00:00+00:00,0,0,0,0,0,0
2018-03-13 00:30:00+00:00,0,0,0,0,0,0
2018-03-13 01:00:00+00:00,0,0,0,0,0,0
2018-03-13 01:30:00+00:00,0,0,0,0,0,0
2018-03-13 02:00:00+00:00,0,0,0,0,0,0
2018-03-13 02:30:00+00:00,0,0,0,0,0,0
2018-03-13 03:00:00+00:00,0,0,0,0,0,0
2018-03-13 03:30:00+00:00,0,0,1,0,0,1
2018-03-13 04:00:00+00:00,0,0,0,0,0,0
2018-03-13 04:30:00+00:00,0,0,0,21,0,21
2018-03-13 05:00:00+00:00,0,0,0,14,0,14
2018-03-13 05:30:00+00:00,0,0,0,6,0,6
2018-03-13 06:00:00+00:00,0,26,0,3,0,29
2018-03-13 06:30:00+00:00,0,19,69,0,0,88
2018-03-13 07:00:00+00:00,0,3,19,0,0,22
2018-03-13 07:30:00+00:00,0,91,0,0,0,91
2018-03-13 08:00:00+00:00,0,165,27,6,0,198
2018-03-13 08:30:00+00:00,0,4,32,5,0,41
2018-03-13 09:00:00+00:00,0,17,10,69,0,96
2018-03-13 09:30:00+00:00,0,11,5,25,0,41
2018-03-13 10:00:00+00:00,0,6,6,52,0,64
2018-03-13 10:30:00+00:00,0,14,9,4,0,27
2018-03-13 11:00:00+00:00,0,18,21,4,0,43
2018-03-13 11:30:00+00:00,0,6,9,7,0,22
2018-03-13 12:00:00+00:00,0,2,19,31,0,52
2018-03-13 12:30:00+00:00,0,12,26,22,0,60
2018-03-13 13:00:00+00:00,0,19,48,19,0,86
2018-03-13 13:30:00+00:00,118,24,32,11,0,185
2018-03-13 14:00:00+00:00,0,8,6,5,0,19
2018-03-13 14:30:00+00:00,0,43,20,6,0,69
2018-03-13 15:00:00+00:00,0,14,13,7,0,34
2018-03-13 15:30:00+00:00,0,22,6,22,0,50
2018-03-13 16:00:00+00:00,0,18,31,19,0,68
2018-03-13 16:30:00+00:00,0,0,12,4,0,16
2018-03-13 17:00:00+00:00,0,5,2,8,0,15
2018-03-13 17:30:00+00:00,0,0,20,0,0,20
2018-03-13 18:00:00+00:00,0,1,31,0,0,32
2018-03-13 18:30:00+00:00,0,2,4,0,0,6
2018-03-13 19:00:00+00:00,0,9,1,0,0,10
2018-03-13 19:30:00+00:00,0,0,0,0,0,0
2018-03-13 20:00:00+00:00,0,0,0,0,0,0
2018-03-13 20:30:00+00:00,0,0,0,0,0,0
2018-03-13 21:00:00+00:00,0,0,5,0,0,5
2018-03-13 21:30:00+00:00,0,0,6,0,0,6
2018-03-13 22:00:00+00:00,0,0,0,0,0,0
2018-03-13 22:30:00+00:00,0,0,1,0,354,355
2018-03-13 23:00:00+00:00,0,0,0,0,0,0
2018-03-13 23:30:00+00:00,0,0,0,0,0,0
2018-03-14 00:00:00+00:00,0,0,0,0,0,0
2018-03-14 00:30:00+00:00,0,0,0,0,0,0
2018-03-14 01:00:00+00:00,0,0,0,0,0,0
2018-03-14 01:30:00+00:00,0,0,0,0,0,0
2018-03-14 02:00:00+00:00,0,0,0,0,0,0
2018-03-14 02:30:00+00:00,0,0,0,0,0,0
2018-03-14 03:00:00+00:00,0,0,0,0,0,0
2018-03-14 03:30:00+00:00,0,0,0,0,0,0
2018-03-14 04:00:00+00:00,0,0,0,0,0,0
2018-03-14 04:30:00+00:00,0,5,0,0,0,5
2018-03-14 05:00:00+00:00,0,0,0,0,0,0
2018-03-14 05:30:00+00:00,0,0,0,0,0,0
2018-03-14 06:00:00+00:00,0,1,75,0,0,76
2018-03-14 06:30:00+00:00,0,19,75,0,0,94
2018-03-14 07:00:00+00:00,0,4,13,2,0,19
2018-03-14 07:30:00+00:00,0,29,17,1,0,47
2018-03-14 08:00:00+00:00,0,24,24,2,0,50
2018-03-14 08:30:00+00:00,0,37,16,24,0,77
2018-03-14 09:00:00+00:00,0,52,21,28,0,101
2018-03-14 09:30:00+00:00,0,8,24,68,0,100
2018-03-14 10:00:00+00:00,0,18,30,94,0,142
2018-03-14 10:30:00+00:00,0,7,19,17,0,43
2018-03-14 11:00:00+00:00,0,35,45,11,0,91
2018-03-14 11:30:00+00:00,0,2,59,30,0,91
2018-03-14 12:00:00+00:00,0,10,4,11,0,25
2018-03-14 12:30:00+00:00,0,8,12,34,0,54
2018-03-14 13:00:00+00:00,0,11,29,44,0,84
2018-03-14 13:30:00+00:00,0,39,8,23,0,70
2018-03-14 14:00:00+00:00,0,2,19,36,0,57
2018-03-14 14:30:00+00:00,0,0,3,39,0,42
2018-03-14 15:00:00+00:00,0,2,5,26,0,33
2018-03-14 15:30:00+00:00,0,5,1,48,0,54
2018-03-14 16:00:00+00:00,0,0,0,26,0,26
2018-03-14 16:30:00+00:00,0,0,4,162,0,166
2018-03-14 17:00:00+00:00,0,0,72,64,0,136
2018-03-14 17:30:00+00:00,0,0,0,0,0,0
2018-03-14 18:00:00+00:00,0,0,7,0,0,7
2018-03-14 18:30:00+00:00,0,0,7,0,0,7
2018-03-14 19:00:00+00:00,0,0,0,0,0,0
2018-03-14 19:30:00+00:00,0,0,2,0,0,2
2018-03-14 20:00:00+00:00,0,0,0,0,0,0
2018-03-14 20:30:00+00:00,0,0,0,0,0,0
2018-03-14 21:00:00+00:00,0,0,0,0,0,0
2018-03-14 21:30:00+00:00,0,0,0,0,0,0
2018-03-14 22:00:00+00:00,0,0,0,0,0,0
2018-03-14 22:30:00+00:00,0,0,0,0,414,414
2018-03-14 23:00:00+00:00,0,0,0,0,0,0
2018-03-14 23:30:00+00:00,0,0,0,0,0,0
2018-03-15 00:00:00+00:00,0,0,0,0,0,0
2018-03-15 00:30:00+00:00,0,0,0,0,0,0
2018-03-15 01:00:00+00:00,0,0,0,0,0,0
2018-03-15 01:30:00+00:00,0,0,0,0,0,0
2018-03-15 02:00:00+00:00,0,0,0,0,0,0
2018-03-15 02:30:00+00:00,0,0,0,0,0,0
2018-03-15 03:00:00+00:00,0,0,0,0,0,0
2018-03-15 03:30:00+00:00,0,0,0,0,0,0
2018-03-15 04:00:00+00:00,0,0,0,0,0,0
2018-03-15 04:30:00+00:00,0,0,0,0,0,0
2018-03-15 05:00:00+00:00,0,0,3,0,0,3
2018-03-15 05:30:00+00:00,0,0,5,0,0,5
2018-03-15 06:00:00+00:00,0,6,0,0,0,6
2018-03-15 06:30:00+00:00,0,25,4,0,0,29
2018-03-15 07:00:00+00:00,0,34,34,0,0,68
2018-03-15 07:30:00+00:00,0,121,10,0,0,131
2018-03-15 08:00:00+00:00,0,57,18,1,0,76
2018-03-15 08:30:00+00:00,0,115,16,11,0,142
2018-03-15 09:00:00+00:00,0,5,8,16,0,29
2018-03-15 09:30:00+00:00,0,33,29,13,0,75
2018-03-15 10:00:00+00:00,0,9,16,16,0,41
2018-03-15 10:30:00+00:00,5,9,13,25,0,52
2018-03-15 11:00:00+00:00,0,15,20,14,0,49
2018-03-15 11:30:00+00:00,0,7,13,32,0,52
2018-03-15 12:00:00+00:00,0,6,23,27,0,56
2018-03-15 12:30:00+00:00,0,2,13,30,0,45
2018-03-15 13:00:00+00:00,390,4,16,8,0,418
2018-03-15 13:30:00+00:00,0,67,26,37,0,130
2018-03-15 14:00:00+00:00,0,14,8,41,0,63
2018-03-15 14:30:00+00:00,0,25,8,43,0,76
2018-03-15 15:00:00+00:00,0,11,1,8,0,20
2018-03-15 15:30:00+00:00,0,4,3,0,0,7
2018-03-15 16:00:00+00:00,0,2,8,23,0,33
2018-03-15 16:30:00+00:00,0,0,142,25,0,167
2018-03-15 17:00:00+00:00,0,1,1,9,0,11
2018-03-15 17:30:00+00:00,0,6,23,0,0,29
2018-03-15 18:00:00+00:00,0,7,0,0,0,7
2018-03-15 18:30:00+00:00,0,5,2,0,0,7
2018-03-15 19:00:00+00:00,0,0,2,0,0,2
2018-03-15 19:30:00+00:00,0,0,0,0,0,0
2018-03-15 20:00:00+00:00,0,0,0,0,0,0
2018-03-15 20:30:00+00:00,0,1,0,0,0,1
2018-03-15 21:00:00+00:00,0,0,0,0,0,0
2018-03-15 21:30:00+00:00,0,0,0,0,0,0
2018-03-15 22:00:00+00:00,0,0,0,0,0,0
2018-03-15 22:30:00+00:00,0,0,0,0,434,434
2018-03-15 23:00:00+00:00,0,0,0,0,0,0
2018-03-15 23:30:00+00:00,0,0,0,0,0,0
2018-03-16 00:00:00+00:00,0,0,0,0,0,0
2018-03-16 00:30:00+00:00,0,0,0,0,0,0
2018-03-16 01:00:00+00:00,0,0,0,0,0,0
2018-03-16 01:30:00+00:00,0,0,0,0,0,0
2018-03-16 02:00:00+00:00,0,0,0,0,0,0
2018-03-16 02:30:00+00:00,0,0,0,0,0,0
2018-03-16 03:00:00+00:00,0,0,0,0,0,0
2018-03-16 03:30:00+00:00,0,0,0,0,0,0
2018-03-16 04:00:00+00:00,0,0,0,0,0,0
2018-03-16 04:30:00+00:00,0,0,12,3,0,15
2018-03-16 05:00:00+00:00,0,0,3,1,0,4
2018-03-16 05:30:00+00:00,0,0,0,0,0,0
2018-03-16 06:00:00+00:00,0,65,1,6,0,72
2018-03-16 06:30:00+00:00,0,92,23,4,0,119
2018-03-16 07:00:00+00:00,0,18,104,0,0,122
2018-03-16 07:30:00+00:00,0,25,31,7,0,63
2018-03-16 08:00:00+00:00,0,4,6,0,0,10
2018-03-16 08:30:00+00:00,1,7,10,1,0,19
2018-03-16 09:00:00+00:00,0,19,8,76,0,103
2018-03-16 09:30:00+00:00,0,18,23,23,0,64
2018-03-16 10:00:00+00:00,0,24,7,7,0,38
2018-03-16 10:30:00+00:00,0,27,11,10,0,48
2018-03-16 11:00:00+00:00,0,14,44,0,0,58
2018-03-16 11:30:00+00:00,0,3,20,8,0,31
2018-03-16 12:00:00+00:00,0,9,9,11,0,29
2018-03-16 12:30:00+00:00,0,10,9,41,0,60
2018-03-16 13:00:00+00:00,0,4,10,19,0,33
2018-03-16 13:30:00+00:00,0,4,9,33,0,46
2018-03-16 14:00:00+00:00,0,35,23,58,0,116
2018-03-16 14:30:00+00:00,0,31,4,32,0,67
2018-03-16 15:00:00+00:00,0,15,0,69,0,84
2018-03-16 15:30:00+00:00,0,2,0,17,0,19
2018-03-16 16:00:00+00:00,0,14,0,32,0,46
2018-03-16 16:30:00+00:00,0,0,104,19,0,123
2018-03-16 17:00:00+00:00,0,0,0,1,0,1
2018-03-16 17:30:00+00:00,0,0,1,0,0,1
2018-03-16 18:00:00+00:00,0,0,2,0,0,2
2018-03-16 18:30:00+00:00,0,0,15,0,0,15
2018-03-16 19:00:00+00:00,0,0,39,0,0,39
2018-03-16 19:30:00+00:00,0,0,23,0,0,23
2018-03-16 20:00:00+00:00,0,0,0,0,0,0
2018-03-16 20:30:00+00:00,0,0,0,0,0,0
2018-03-16 21:00:00+00:00,0,0,0,0,0,0
2018-03-16 21:30:00+00:00,0,0,0,0,0,0
2018-03-16 22:00:00+00:00,0,0,0,0,0,0
2018-03-16 22:30:00+00:00,0,0,0,0,394,394
2018-03-16 23:00:00+00:00,0,0,0,0,0,0
2018-03-16 23:30:00+00:00,0,0,0,0,0,0
2018-03-17 00:00:00+00:00,0,0,0,0,0,0
2018-03-17 00:30:00+00:00,0,0,0,0,0,0
2018-03-17 01:00:00+00:00,0,0,1,0,0,1
2018-03-17 01:30:00+00:00,0,0,0,0,0,0
2018-03-17 02:00:00+00:00,0,0,0,0,0,0
2018-03-17 02:30:00+00:00,0,0,0,0,0,0
2018-03-17 03:00:00+00:00,0,0,0,0,0,0
2018-03-17 03:30:00+00:00,0,0,0,0,0,0
2018-03-17 04:00:00+00:00,0,0,0,0,0,0
2018-03-17 04:30:00+00:00,0,0,0,0,0,0
2018-03-17 05:00:00+00:00,0,0,0,20,0,20
2018-03-17 05:30:00+00:00,0,0,0,21,0,21
2018-03-17 06:00:00+00:00,0,0,0,26,0,26
2018-03-17 06:30:00+00:00,0,0,1,44,0,45
2018-03-17 07:00:00+00:00,0,0,0,32,0,32
2018-03-17 07:30:00+00:00,0,0,0,31,0,31
2018-03-17 08:00:00+00:00,0,0,0,27,0,27
2018-03-17 08:30:00+00:00,0,0,0,95,0,95
2018-03-17 09:00:00+00:00,0,0,0,73,0,73
2018-03-17 09:30:00+00:00,0,0,0,51,0,51
2018-03-17 10:00:00+00:00,0,0,0,16,0,16
2018-03-17 10:30:00+00:00,0,0,0,2,0,2
2018-03-17 11:00:00+00:00,0,0,0,26,0,26
2018-03-17 11:30:00+00:00,0,0,0,32,0,32
2018-03-17 12:00:00+00:00,0,0,0,7,0,7
2018-03-17 12:30:00+00:00,0,0,0,0,0,0
2018-03-17 13:00:00+00:00,0,0,0,0,0,0
2018-03-17 13:30:00+00:00,0,0,0,0,0,0
2018-03-17 14:00:00+00:00,0,0,0,0,0,0
2018-03-17 14:30:00+00:00,0,0,0,0,0,0
2018-03-17 15:00:00+00:00,0,0,0,0,0,0
2018-03-17 15:30:00+00:00,0,0,0,0,0,0
2018-03-17 16:00:00+00:00,0,0,0,0,0,0
2018-03-17 16:30:00+00:00,0,0,0,0,0,0
2018-03-17 17:00:00+00:00,0,0,0,0,0,0
2018-03-17 17:30:00+00:00,0,0,0,0,0,0
2018-03-17 18:00:00+00:00,0,0,0,0,0,0
2018-03-17 18:30:00+00:00,0,0,0,0,0,0
2018-03-17 19:00:00+00:00,0,0,0,0,0,0
2018-03-17 19:30:00+00:00,0,0,0,0,0,0
2018-03-17 20:00:00+00:00,0,0,0,0,0,0
2018-03-17 20:30:00+00:00,0,0,0,0,0,0
2018-03-17 21:00:00+00:00,0,0,0,0,0,0
2018-03-17 21:30:00+00:00,0,0,0,0,0,0
2018-03-17 22:00:00+00:00,0,0,0,0,0,0
2018-03-17 22:30:00+00:00,0,0,0,0,5,5
2018-03-17 23:00:00+00:00,0,0,0,0,0,0
2018-03-17 23:30:00+00:00,0,0,0,0,0,0
2018-03-18 00:00:00+00:00,0,0,0,0,0,0
2018-03-18 00:30:00+00:00,0,0,0,0,0,0
2018-03-18 01:00:00+00:00,0,0,0,0,0,0
2018-03-18 01:30:00+00:00,0,0,0,0,0,0
2018-03-18 02:00:00+00:00,0,0,0,0,0,0
2018-03-18 02:30:00+00:00,0,0,0,0,0,0
2018-03-18 03:00:00+00:00,0,0,0,0,0,0
2018-03-18 03:30:00+00:00,0,0,0,0,0,0
2018-03-18 04:00:00+00:00,0,0,0,0,0,0
2018-03-18 04:30:00+00:00,0,0,0,0,0,0
2018-03-18 05:00:00+00:00,0,0,0,0,0,0
2018-03-18 05:30:00+00:00,0,0,0,0,0,0
2018-03-18 06:00:00+00:00,0,0,0,0,0,0
2018-03-18 06:30:00+00:00,0,0,0,0,0,0
2018-03-18 07:00:00+00:00,0,5,0,0,0,5
2018-03-18 07:30:00+00:00,0,2,0,0,0,2
2018-03-18 08:00:00+00:00,0,8,0,0,0,8
2018-03-18 08:30:00+00:00,0,0,0,0,0,0
2018-03-18 09:00:00+00:00,0,5,0,0,0,5
2018-03-18 09:30:00+00:00,0,3,0,0,0,3
2018-03-18 10:00:00+00:00,0,2,0,0,0,2
2018-03-18 10:30:00+00:00,0,1,0,0,0,1
2018-03-18 11:00:00+00:00,0,0,0,0,0,0
2018-03-18 11:30:00+00:00,0,0,0,0,0,0
2018-03-18 12:00:00+00:00,0,0,0,0,0,0
2018-03-18 12:30:00+00:00,0,0,0,0,0,0
2018-03-18 13:00:00+00:00,0,0,0,0,0,0
2018-03-18 13:30:00+00:00,0,0,0,0,0,0
2018-03-18 14:00:00+00:00,0,0,0,0,0,0
2018-03-18 14:30:00+00:00,0,0,0,0,0,0
2018-03-18 15:00:00+00:00,0,0,0,0,0,0
2018-03-18 15:30:00+00:00,0,0,0,0,0,0
2018-03-18 16:00:00+00:00,0,0,0,0,0,0
2018-03-18 16:30:00+00:00,0,0,0,0,0,0
2018-03-18 17:00:00+00:00,0,0,0,0,0,0
2018-03-18 17:30:00+00:00,0,0,0,0,0,0
2018-03-18 18:00:00+00:00,0,0,0,0,0,0
2018-03-18 18:30:00+00:00,0,0,0,0,0,0
2018-03-18 19:00:00+00:00,0,0,0,0,0,0
2018-03-18 19:30:00+00:00,0,0,0,0,0,0
2018-03-18 20:00:00+00:00,0,0,0,0,0,0
2018-03-18 20:30:00+00:00,0,0,0,0,0,0
2018-03-18 21:00:00+00:00,0,0,0,0,0,0
2018-03-18 21:30:00+00:00,0,0,0,0,0,0
2018-03-18 22:00:00+00:00,0,0,0,0,0,0
2018-03-18 22:30:00+00:00,0,0,0,0,1,1
2018-03-18 23:00:00+00:00,0,0,0,0,0,0
2018-03-18 23:30:00+00:00,0,0,0,0,0,0
2018-03-19 00:00:00+00:00,0,0,11,0,0,11
2018-03-19 00:30:00+00:00,0,0,0,0,0,0
2018-03-19 01:00:00+00:00,0,0,0,0,0,0
2018-03-19 01:30:00+00:00,0,0,0,0,0,0
2018-03-19 02:00:00+00:00,0,0,0,0,0,0
2018-03-19 02:30:00+00:00,0,0,0,0,0,0
2018-03-19 03:00:00+00:00,0,0,0,0,0,0
2018-03-19 03:30:00+00:00,0,0,0,0,0,0
2018-03-19 04:00:00+00:00,0,0,0,0,0,0
2018-03-19 04:30:00+00:00,0,0,0,0,0,0
2018-03-19 05:00:00+00:00,0,0,0,1,0,1
2018-03-19 05:30:00+00:00,0,0,0,3,0,3
2018-03-19 06:00:00+00:00,0,14,2,0,0,16
2018-03-19 06:30:00+00:00,0,30,5,0,0,35
2018-03-19 07:00:00+00:00,0,14,19,0,0,33
2018-03-19 07:30:00+00:00,0,86,8,0,0,94
2018-03-19 08:00:00+00:00,0,6,11,0,0,17
2018-03-19 08:30:00+00:00,0,19,19,17,0,55
2018-03-19 09:00:00+00:00,0,7,17,12,0,36
2018-03-19 09:30:00+00:00,0,11,23,10,0,44
2018-03-19 10:00:00+00:00,0,42,19,27,0,88
2018-03-19 10:30:00+00:00,0,30,11,8,0,49
2018-03-19 11:00:00+00:00,0,30,15,19,0,64
2018-03-19 11:30:00+00:00,0,8,32,13,0,53
2018-03-19 12:00:00+00:00,0,5,33,8,0,46
2018-03-19 12:30:00+00:00,0,6,66,29,0,101
2018-03-19 13:00:00+00:00,0,26,38,15,0,79
2018-03-19 13:30:00+00:00,0,31,20,49,0,100
2018-03-19 14:00:00+00:00,0,19,13,36,0,68
2018-03-19 14:30:00+00:00,0,15,12,11,0,38
2018-03-19 15:00:00+00:00,0,7,5,7,0,19
2018-03-19 15:30:00+00:00,0,5,11,21,0,37
2018-03-19 16:00:00+00:00,0,15,5,11,0,31
2018-03-19 16:30:00+00:00,0,5,86,61,0,152
2018-03-19 17:00:00+00:00,0,8,0,2,0,10
2018-03-19 17:30:00+00:00,0,10,0,0,0,10
2018-03-19 18:00:00+00:00,0,7,0,0,0,7
2018-03-19 18:30:00+00:00,0,0,0,0,0,0
2018-03-19 19:00:00+00:00,0,0,0,0,0,0
2018-03-19 19:30:00+00:00,0,0,0,0,0,0
2018-03-19 20:00:00+00:00,0,0,0,0,0,0
2018-03-19 20:30:00+00:00,0,0,1,0,0,1
2018-03-19 21:00:00+00:00,0,0,0,0,0,0
2018-03-19 21:30:00+00:00,0,21,1,0,0,22
2018-03-19 22:00:00+00:00,0,0,0,0,0,0
2018-03-19 22:30:00+00:00,0,0,0,0,423,423
2018-03-19 23:00:00+00:00,0,0,2,0,0,2
2018-03-19 23:30:00+00:00,0,0,0,0,0,0
2018-03-20 00:00:00+00:00,0,0,0,0,0,0
2018-03-20 00:30:00+00:00,0,0,0,0,0,0
2018-03-20 01:00:00+00:00,0,0,0,0,0,0
2018-03-20 01:30:00+00:00,0,0,0,0,0,0
2018-03-20 02:00:00+00:00,0,0,0,0,0,0
2018-03-20 02:30:00+00:00,0,0,0,0,0,0
2018-03-20 03:00:00+00:00,0,0,0,0,0,0
2018-03-20 03:30:00+00:00,0,0,0,0,0,0
2018-03-20 04:00:00+00:00,0,1,0,0,0,1
2018-03-20 04:30:00+00:00,0,0,0,0,0,0
2018-03-20 05:00:00+00:00,0,0,10,0,0,10
2018-03-20 05:30:00+00:00,0,0,13,0,0,13
2018-03-20 06:00:00+00:00,0,14,30,6,0,50
2018-03-20 06:30:00+00:00,0,15,8,2,0,25
2018-03-20 07:00:00+00:00,0,2,11,4,0,17
2018-03-20 07:30:00+00:00,0,176,5,2,0,183
2018-03-20 08:00:00+00:00,0,46,49,20,0,115
2018-03-20 08:30:00+00:00,0,20,19,25,0,64
2018-03-20 09:00:00+00:00,0,17,15,43,0,75
2018-03-20 09:30:00+00:00,0,16,29,5,0,50
2018-03-20 10:00:00+00:00,0,39,18,13,0,70
2018-03-20 10:30:00+00:00,0,7,1,23,0,31
2018-03-20 11:00:00+00:00,0,7,7,21,0,35
2018-03-20 11:30:00+00:00,0,3,2,5,0,10
2018-03-20 12:00:00+00:00,0,9,13,14,0,36
2018-03-20 12:30:00+00:00,0,5,7,9,0,21
2018-03-20 13:00:00+00:00,0,41,41,1,0,83
2018-03-20 13:30:00+00:00,0,4,24,24,0,52
2018-03-20 14:00:00+00:00,0,23,8,98,0,129
2018-03-20 14:30:00+00:00,0,41,22,71,0,134
2018-03-20 15:00:00+00:00,0,34,5,86,0,125
2018-03-20 15:30:00+00:00,0,1,10,26,0,37
2018-03-20 16:00:00+00:00,0,0,5,67,0,72
2018-03-20 16:30:00+00:00,0,2,153,46,0,201
2018-03-20 17:00:00+00:00,0,10,0,30,0,40
2018-03-20 17:30:00+00:00,0,2,0,0,0,2
2018-03-20 18:00:00+00:00,0,0,0,0,0,0
2018-03-20 18:30:00+00:00,0,0,0,0,0,0
2018-03-20 19:00:00+00:00,0,0,3,0,0,3
2018-03-20 19:30:00+00:00,0,0,0,0,0,0
2018-03-20 20:00:00+00:00,0,0,0,0,0,0
2018-03-20 20:30:00+00:00,0,0,0,0,0,0
2018-03-20 21:00:00+00:00,0,0,0,0,0,0
2018-03-20 21:30:00+00:00,0,0,0,0,0,0
2018-03-20 22:00:00+00:00,0,0,0,0,0,0
2018-03-20 22:30:00+00:00,0,0,0,0,458,458
2018-03-20 23:00:00+00:00,0,0,0,0,0,0
2018-03-20 23:30:00+00:00,0,0,0,0,0,0
2018-03-21 00:00:00+00:00,0,0,0,0,0,0
2018-03-21 00:30:00+00:00,0,0,0,0,0,0
2018-03-21 01:00:00+00:00,0,0,0,0,0,0
2018-03-21 01:30:00+00:00,0,0,0,0,0,0
2018-03-21 02:00:00+00:00,0,0,0,0,0,0
2018-03-21 02:30:00+00:00,0,0,0,0,0,0
2018-03-21 03:00:00+00:00,0,0,0,0,0,0
2018-03-21 03:30:00+00:00,0,0,0,0,0,0
2018-03-21 04:00:00+00:00,0,0,0,0,0,0
2018-03-21 04:30:00+00:00,0,2,0,0,0,2
2018-03-21 05:00:00+00:00,0,0,1,0,0,1
2018-03-21 05:30:00+00:00,0,0,10,2,0,12
2018-03-21 06:00:00+00:00,0,0,3,0,0,3
2018-03-21 06:30:00+00:00,0,20,81,0,0,101
2018-03-21 07:00:00+00:00,0,61,17,0,0,78
2018-03-21 07:30:00+00:00,0,15,1,0,0,16
2018-03-21 08:00:00+00:00,0,67,21,0,0,88
2018-03-21 08:30:00+00:00,0,7,25,10,0,42
2018-03-21 09:00:00+00:00,0,26,22,14,0,62
2018-03-21 09:30:00+00:00,0,24,1,83,0,108
2018-03-21 10:00:00+00:00,0,15,18,96,0,129
2018-03-21 10:30:00+00:00,0,20,14,32,0,66
2018-03-21 11:00:00+00:00,0,5,30,32,0,67
2018-03-21 11:30:00+00:00,0,2,12,12,0,26
2018-03-21 12:00:00+00:00,0,13,39,6,0,58
2018-03-21 12:30:00+00:00,0,2,31,90,0,123
2018-03-21 13:00:00+00:00,0,1,32,4,0,37
2018-03-21 13:30:00+00:00,0,4,39,13,0,56
2018-03-21 14:00:00+00:00,0,31,2,90,0,123
2018-03-21 14:30:00+00:00,0,9,6,4,0,19
2018-03-21 15:00:00+00:00,0,14,2,4,0,20
2018-03-21 15:30:00+00:00,0,3,7,20,0,30
2018-03-21 16:00:00+00:00,0,70,11,23,0,104
2018-03-21 16:30:00+00:00,0,62,67,21,0,150
2018-03-21 17:00:00+00:00,0,32,4,15,0,51
2018-03-21 17:30:00+00:00,0,33,2,0,0,35
2018-03-21 18:00:00+00:00,0,2,35,0,0,37
2018-03-21 18:30:00+00:00,0,0,25,0,0,25
2018-03-21 19:00:00+00:00,0,19,0,0,0,19
2018-03-21 19:30:00+00:00,0,0,0,0,0,0
2018-03-21 20:00:00+00:00,0,0,0,0,0,0
2018-03-21 20:30:00+00:00,0,0,1,0,0,1
2018-03-21 21:00:00+00:00,0,0,8,0,0,8
2018-03-21 21:30:00+00:00,0,7,2,0,0,9
2018-03-21 22:00:00+00:00,0,6,0,0,0,6
2018-03-21 22:30:00+00:00,0,24,0,0,467,491
2018-03-21 23:00:00+00:00,0,1,0,0,0,1
2018-03-21 23:30:00+00:00,0,0,0,0,0,0
2018-03-22 00:00:00+00:00,0,0,0,0,0,0
2018-03-22 00:30:00+00:00,0,0,0,0,0,0
2018-03-22 01:00:00+00:00,0,0,0,0,0,0
2018-03-22 01:30:00+00:00,0,0,0,0,0,0
2018-03-22 02:00:00+00:00,0,0,0,0,0,0
2018-03-22 02:30:00+00:00,0,0,0,0,0,0
2018-03-22 03:00:00+00:00,0,0,0,0,0,0
2018-03-22 03:30:00+00:00,0,0,0,0,0,0
2018-03-22 04:00:00+00:00,0,3,0,25,0,28
2018-03-22 04:30:00+00:00,0,0,0,23,0,23
2018-03-22 05:00:00+00:00,0,0,0,3,0,3
2018-03-22 05:30:00+00:00,0,0,9,0,0,9
2018-03-22 06:00:00+00:00,0,1,22,0,0,23
2018-03-22 06:30:00+00:00,0,5,10,0,0,15
2018-03-22 07:00:00+00:00,0,31,10,0,0,41
2018-03-22 07:30:00+00:00,0,63,6,0,0,69
2018-03-22 08:00:00+00:00,0,38,7,14,0,59
2018-03-22 08:30:00+00:00,0,13,14,32,0,59
2018-03-22 09:00:00+00:00,0,42,23,111,0,176
2018-03-22 09:30:00+00:00,0,34,23,40,0,97
2018-03-22 10:00:00+00:00,0,40,10,50,0,100
2018-03-22 10:30:00+00:00,0,17,6,6,0,29
2018-03-22 11:00:00+00:00,0,2,7,24,0,33
2018-03-22 11:30:00+00:00,0,4,19,23,0,46
2018-03-22 12:00:00+00:00,0,44,7,34,0,85
2018-03-22 12:30:00+00:00,434,5,23,16,0,478
2018-03-22 13:00:00+00:00,0,14,17,30,0,61
2018-03-22 13:30:00+00:00,0,20,4,21,0,45
2018-03-22 14:00:00+00:00,0,15,8,61,0,84
2018-03-22 14:30:00+00:00,0,34,35,16,0,85
2018-03-22 15:00:00+00:00,0,1,10,41,0,52
2018-03-22 15:30:00+00:00,0,17,2,35,0,54
2018-03-22 16:00:00+00:00,0,10,14,14,0,38
2018-03-22 16:30:00+00:00,0,22,28,134,0,184
2018-03-22 17:00:00+00:00,0,5,79,24,0,108
2018-03-22 17:30:00+00:00,0,4,1,0,0,5
2018-03-22 18:00:00+00:00,0,0,1,0,0,1
2018-03-22 18:30:00+00:00,0,0,1,0,0,1
2018-03-22 19:00:00+00:00,0,0,2,0,0,2
2018-03-22 19:30:00+00:00,0,0,0,0,0,0
2018-03-22 20:00:00+00:00,0,0,0,0,0,0
2018-03-22 20:30:00+00:00,0,2,0,0,0,2
2018-03-22 21:00:00+00:00,0,0,1,0,0,1
2018-03-22 21:30:00+00:00,0,0,0,0,0,0
2018-03-22 22:00:00+00:00,0,0,0,0,0,0
2018-03-22 22:30:00+00:00,0,0,0,0,453,453
2018-03-22 23:00:00+00:00,0,0,0,0,0,0
2018-03-22 23:30:00+00:00,0,0,0,0,0,0
2018-03-23 00:00:00+00:00,0,0,0,0,0,0
2018-03-23 00:30:00+00:00,0,0,0,0,0,0
2018-03-23 01:00:00+00:00,0,0,0,0,0,0
2018-03-23 01:30:00+00:00,0,0,7,0,0,7
2018-03-23 02:00:00+00:00,0,0,1,0,0,1
2018-03-23 02:30:00+00:00,0,0,0,0,0,0
2018-03-23 03:00:00+00:00,0,0,0,0,0,0
2018-03-23 03:30:00+00:00,0,0,0,0,0,0
2018-03-23 04:00:00+00:00,0,0,0,0,0,0
2018-03-23 04:30:00+00:00,0,0,0,0,0,0
2018-03-23 05:00:00+00:00,0,0,0,0,0,0
2018-03-23 05:30:00+00:00,0,0,1,0,0,1
2018-03-23 06:00:00+00:00,0,77,44,0,0,121
2018-03-23 06:30:00+00:00,0,38,24,0,0,62
2018-03-23 07:00:00+00:00,0,2,10,0,0,12
2018-03-23 07:30:00+00:00,0,35,19,0,0,54
2018-03-23 08:00:00+00:00,0,15,28,37,0,80
2018-03-23 08:30:00+00:00,0,28,10,34,0,72
2018-03-23 09:00:00+00:00,0,7,13,8,0,28
2018-03-23 09:30:00+00:00,0,22,12,34,0,68
2018-03-23 10:00:00+00:00,0,12,25,26,0,63
2018-03-23 10:30:00+00:00,0,3,19,13,0,35
2018-03-23 11:00:00+00:00,0,9,38,45,0,92
2018-03-23 11:30:00+00:00,0,28,14,65,0,107
2018-03-23 12:00:00+00:00,0,77,16,28,0,121
2018-03-23 12:30:00+00:00,0,1,6,43,0,50
2018-03-23 13:00:00+00:00,0,12,10,41,0,63
2018-03-23 13:30:00+00:00,0,8,7,69,0,84
2018-03-23 14:00:00+00:00,0,29,12,19,0,60
2018-03-23 14:30:00+00:00,0,16,14,22,0,52
2018-03-23 15:00:00+00:00,0,1,30,32,0,63
2018-03-23 15:30:00+00:00,0,2,8,9,0,19
2018-03-23 16:00:00+00:00,0,15,0,22,0,37
2018-03-23 16:30:00+00:00,0,1,0,8,0,9
2018-03-23 17:00:00+00:00,0,2,0,0,0,2
2018-03-23 17:30:00+00:00,0,3,0,0,0,3
2018-03-23 18:00:00+00:00,0,1,0,0,0,1
2018-03-23 18:30:00+00:00,0,0,0,0,0,0
2018-03-23 19:00:00+00:00,0,0,0,0,0,0
2018-03-23 19:30:00+00:00,0,0,0,0,0,0
2018-03-23 20:00:00+00:00,0,0,1,0,0,1
2018-03-23 20:30:00+00:00,0,0,0,0,0,0
2018-03-23 21:00:00+00:00,0,0,0,0,0,0
2018-03-23 21:30:00+00:00,0,0,0,0,0,0
2018-03-23 22:00:00+00:00,0,0,0,0,0,0
2018-03-23 22:30:00+00:00,0,0,0,0,414,414
2018-03-23 23:00:00+00:00,0,0,0,0,0,0
2018-03-23 23:30:00+00:00,0,0,0,0,0,0
2018-03-24 00:00:00+00:00,0,0,0,0,0,0
2018-03-24 00:30:00+00:00,0,0,0,0,0,0
2018-03-24 01:00:00+00:00,0,0,0,0,0,0
2018-03-24 01:30:00+00:00,0,0,0,0,0,0
2018-03-24 02:00:00+00:00,0,0,0,0,0,0
2018-03-24 02:30:00+00:00,0,0,1,0,0,1
2018-03-24 03:00:00+00:00,0,0,0,7,0,7
2018-03-24 03:30:00+00:00,0,0,0,8,0,8
2018-03-24 04:00:00+00:00,0,0,0,14,0,14
2018-03-24 04:30:00+00:00,0,0,0,11,0,11
2018-03-24 05:00:00+00:00,0,0,0,3,0,3
2018-03-24 05:30:00+00:00,0,0,0,7,0,7
2018-03-24 06:00:00+00:00,0,0,0,21,0,21
2018-03-24 06:30:00+00:00,0,0,0,8,0,8
2018-03-24 07:00:00+00:00,0,0,2,5,0,7
2018-03-24 07:30:00+00:00,0,0,0,2,0,2
2018-03-24 08:00:00+00:00,0,0,0,12,0,12
2018-03-24 08:30:00+00:00,0,0,0,28,0,28
2018-03-24 09:00:00+00:00,0,0,0,12,0,12
2018-03-24 09:30:00+00:00,0,0,0,24,0,24
2018-03-24 10:00:00+00:00,0,0,0,6,0,6
2018-03-24 10:30:00+00:00,0,0,0,0,0,0
2018-03-24 11:00:00+00:00,0,0,0,8,0,8
2018-03-24 11:30:00+00:00,0,0,0,5,0,5
2018-03-24 12:00:00+00:00,0,0,0,1,0,1
2018-03-24 12:30:00+00:00,0,0,0,0,0,0
2018-03-24 13:00:00+00:00,0,0,0,0,0,0
2018-03-24 13:30:00+00:00,0,0,0,0,0,0
2018-03-24 14:00:00+00:00,0,0,0,0,0,0
2018-03-24 14:30:00+00:00,0,0,0,0,0,0
2018-03-24 15:00:00+00:00,0,0,0,0,0,0
2018-03-24 15:30:00+00:00,0,0,0,0,0,0
2018-03-24 16:00:00+00:00,0,0,0,0,0,0
2018-03-24 16:30:00+00:00,0,0,0,0,0,0
2018-03-24 17:00:00+00:00,0,0,0,0,0,0
2018-03-24 17:30:00+00:00,0,0,0,0,0,0
2018-03-24 18:00:00+00:00,0,0,0,0,0,0
2018-03-24 18:30:00+00:00,0,0,0,0,0,0
2018-03-24 19:00:00+00:00,0,0,0,0,0,0
2018-03-24 19:30:00+00:00,0,0,0,0,0,0
2018-03-24 20:00:00+00:00,0,0,0,0,0,0
2018-03-24 20:30:00+00:00,0,0,0,0,0,0
2018-03-24 21:00:00+00:00,0,0,0,0,0,0
2018-03-24 21:30:00+00:00,0,0,0,0,0,0
2018-03-24 22:00:00+00:00,0,0,0,0,0,0
2018-03-24 22:30:00+00:00,0,0,0,0,8,8
2018-03-24 23:00:00+00:00,0,0,0,0,0,0
2018-03-24 23:30:00+00:00,0,0,0,0,0,0
2018-03-25 00:00:00+00:00,0,0,0,0,0,0
2018-03-25 00:30:00+00:00,0,0,0,0,0,0
2018-03-25 01:00:00+00:00,0,0,0,0,0,0
2018-03-25 01:30:00+00:00,0,0,0,0,0,0
2018-03-25 02:00:00+00:00,0,0,0,0,0,0
2018-03-25 02:30:00+00:00,0,0,0,0,0,0
2018-03-25 03:00:00+00:00,0,0,0,0,0,0
2018-03-25 03:30:00+00:00,0,0,0,0,0,0
2018-03-25 04:00:00+00:00,0,0,0,0,0,0
2018-03-25 04:30:00+00:00,0,0,0,0,0,0
2018-03-25 05:00:00+00:00,0,0,0,0,0,0
2018-03-25 05:30:00+00:00,0,0,0,0,0,0
2018-03-25 06:00:00+00:00,0,0,0,0,0,0
2018-03-25 06:30:00+00:00,0,0,0,0,0,0
2018-03-25 07:00:00+00:00,0,0,0,0,0,0
2018-03-25 07:30:00+00:00,0,0,0,0,0,0
2018-03-25 08:00:00+00:00,0,0,0,0,0,0
2018-03-25 08:30:00+00:00,0,0,0,0,0,0
2018-03-25 09:00:00+00:00,0,0,0,0,0,0
2018-03-25 09:30:00+00:00,0,0,0,0,0,0
2018-03-25 10:00:00+00:00,0,0,0,0,0,0
2018-03-25 10:30:00+00:00,0,0,0,0,0,0
2018-03-25 11:00:00+00:00,0,0,0,0,0,0
2018-03-25 11:30:00+00:00,0,0,0,0,0,0
2018-03-25 12:00:00+00:00,0,0,0,0,0,0
2018-03-25 12:30:00+00:00,0,0,0,0,0,0
2018-03-25 13:00:00+00:00,0,0,0,0,0,0
2018-03-25 13:30:00+00:00,0,0,0,0,0,0
2018-03-25 14:00:00+00:00,0,0,0,0,0,0
2018-03-25 14:30:00+00:00,0,0,0,0,0,0
2018-03-25 15:00:00+00:00,0,0,0,0,0,0
2018-03-25 15:30:00+00:00,0,0,0,0,0,0
2018-03-25 16:00:00+00:00,0,0,0,0,0,0
2018-03-25 16:30:00+00:00,0,0,0,0,0,0
2018-03-25 17:00:00+00:00,0,0,0,0,0,0
2018-03-25 17:30:00+00:00,0,0,0,0,0,0
2018-03-25 18:00:00+00:00,0,0,0,0,0,0
2018-03-25 18:30:00+00:00,0,0,0,0,0,0
2018-03-25 19:00:00+00:00,0,0,0,0,0,0
2018-03-25 19:30:00+00:00,0,0,0,0,0,0
2018-03-25 20:00:00+00:00,0,0,0,0,0,0
2018-03-25 20:30:00+00:00,0,0,0,0,0,0
2018-03-25 21:00:00+00:00,0,0,0,0,0,0
2018-03-25 21:30:00+00:00,0,0,0,0,0,0
2018-03-25 22:00:00+00:00,0,0,4,0,0,4
2018-03-25 22:30:00+00:00,0,0,0,0,0,0
2018-03-25 23:00:00+00:00,0,0,0,0,0,0
2018-03-25 23:30:00+00:00,0,0,0,0,0,0
2018-03-26 00:00:00+00:00,0,0,0,0,0,0
2018-03-26 00:30:00+00:00,0,0,0,0,0,0
2018-03-26 01:00:00+00:00,0,0,0,0,0,0
2018-03-26 01:30:00+00:00,0,0,0,0,0,0
2018-03-26 02:00:00+00:00,0,0,0,0,0,0
2018-03-26 02:30:00+00:00,0,0,0,0,0,0
2018-03-26 03:00:00+00:00,0,1,0,0,0,1
2018-03-26 03:30:00+00:00,0,0,0,0,0,0
2018-03-26 04:00:00+00:00,0,0,0,0,0,0
2018-03-26 04:30:00+00:00,0,0,0,0,0,0
2018-03-26 05:00:00+00:00,0,4,53,0,0,57
2018-03-26 05:30:00+00:00,0,43,134,0,0,177
2018-03-26 06:00:00+00:00,0,0,14,0,0,14
2018-03-26 06:30:00+00:00,0,53,17,0,0,70
2018-03-26 07:00:00+00:00,0,3,4,1,0,8
2018-03-26 07:30:00+00:00,0,0,11,21,0,32
2018-03-26 08:00:00+00:00,0,29,5,5,0,39
2018-03-26 08:30:00+00:00,0,52,15,23,0,90
2018-03-26 09:00:00+00:00,0,43,22,21,0,86
2018-03-26 09:30:00+00:00,0,7,23,14,0,44
2018-03-26 10:00:00+00:00,0,63,18,19,0,100
2018-03-26 10:30:00+00:00,0,6,14,24,0,44
2018-03-26 11:00:00+00:00,0,16,43,47,0,106
2018-03-26 11:30:00+00:00,0,7,65,36,0,108
2018-03-26 12:00:00+00:00,0,17,11,33,0,61
2018-03-26 12:30:00+00:00,0,97,40,8,0,145
2018-03-26 13:00:00+00:00,0,3,20,8,0,31
2018-03-26 13:30:00+00:00,0,8,9,13,0,30
2018-03-26 14:00:00+00:00,0,8,6,79,0,93
2018-03-26 14:30:00+00:00,0,1,3,41,0,45
2018-03-26 15:00:00+00:00,0,3,62,58,0,123
2018-03-26 15:30:00+00:00,0,0,0,4,0,4
2018-03-26 16:00:00+00:00,0,1,6,1,0,8
2018-03-26 16:30:00+00:00,0,0,1,0,0,1
2018-03-26 17:00:00+00:00,0,0,0,0,0,0
2018-03-26 17:30:00+00:00,0,0,0,0,0,0
2018-03-26 18:00:00+00:00,0,0,1,0,0,1
2018-03-26 18:30:00+00:00,0,0,2,0,0,2
2018-03-26 19:00:00+00:00,0,1,0,0,0,1
2018-03-26 19:30:00+00:00,0,0,1,0,0,1
2018-03-26 20:00:00+00:00,0,0,0,0,0,0
2018-03-26 20:30:00+00:00,0,0,0,0,0,0
2018-03-26 21:00:00+00:00,0,0,0,0,0,0
2018-03-26 21:30:00+00:00,0,0,0,0,393,393
2018-03-26 22:00:00+00:00,0,0,0,0,0,0
2018-03-26 22:30:00+00:00,0,0,0,0,0,0
2018-03-26 23:00:00+00:00,0,0,0,0,0,0
2018-03-26 23:30:00+00:00,0,0,0,0,0,0
2018-03-27 00:00:00+00:00,0,0,0,0,0,0
2018-03-27 00:30:00+00:00,0,0,0,0,0,0
2018-03-27 01:00:00+00:00,0,0,0,0,0,0
2018-03-27 01:30:00+00:00,0,0,0,0,0,0
2018-03-27 02:00:00+00:00,0,0,0,0,0,0
2018-03-27 02:30:00+00:00,0,0,0,0,0,0
2018-03-27 03:00:00+00:00,0,0,0,0,0,0
2018-03-27 03:30:00+00:00,0,3,0,0,0,3
2018-03-27 04:00:00+00:00,0,0,0,0,0,0
2018-03-27 04:30:00+00:00,0,0,3,0,0,3
2018-03-27 05:00:00+00:00,0,17,101,0,0,118
2018-03-27 05:30:00+00:00,0,28,6,0,0,34
2018-03-27 06:00:00+00:00,0,76,53,0,0,129
2018-03-27 06:30:00+00:00,0,35,3,0,0,38
2018-03-27 07:00:00+00:00,0,77,5,0,0,82
2018-03-27 07:30:00+00:00,0,17,25,0,0,42
2018-03-27 08:00:00+00:00,0,31,10,27,0,68
2018-03-27 08:30:00+00:00,0,19,17,82,0,118
2018-03-27 09:00:00+00:00,0,35,17,9,0,61
2018-03-27 09:30:00+00:00,0,21,20,8,0,49
2018-03-27 10:00:00+00:00,0,39,11,23,0,73
2018-03-27 10:30:00+00:00,0,19,2,22,0,43
2018-03-27 11:00:00+00:00,0,26,11,55,0,92
2018-03-27 11:30:00+00:00,0,11,16,11,0,38
2018-03-27 12:00:00+00:00,0,2,20,26,0,48
2018-03-27 12:30:00+00:00,0,19,5,8,0,32
2018-03-27 13:00:00+00:00,0,20,5,18,0,43
2018-03-27 13:30:00+00:00,0,30,33,4,0,67
2018-03-27 14:00:00+00:00,0,9,6,22,0,37
2018-03-27 14:30:00+00:00,0,2,27,75,0,104
2018-03-27 15:00:00+00:00,0,0,1,25,0,26
2018-03-27 15:30:00+00:00,0,80,54,7,0,141
2018-03-27 16:00:00+00:00,0,11,0,4,0,15
2018-03-27 16:30:00+00:00,0,0,0,0,0,0
2018-03-27 17:00:00+00:00,0,3,0,0,0,3
2018-03-27 17:30:00+00:00,0,0,1,0,0,1
2018-03-27 18:00:00+00:00,0,0,0,0,0,0
2018-03-27 18:30:00+00:00,0,0,0,0,0,0
2018-03-27 19:00:00+00:00,0,0,1,0,0,1
2018-03-27 19:30:00+00:00,0,0,0,0,0,0
2018-03-27 20:00:00+00:00,0,0,0,0,0,0
2018-03-27 20:30:00+00:00,0,0,0,0,0,0
2018-03-27 21:00:00+00:00,0,0,0,0,0,0
2018-03-27 21:30:00+00:00,0,0,0,0,443,443
2018-03-27 22:00:00+00:00,0,0,0,0,0,0
2018-03-27 22:30:00+00:00,0,0,0,0,0,0
2018-03-27 23:00:00+00:00,0,0,0,0,0,0
2018-03-27 23:30:00+00:00,0,0,0,0,0,0
2018-03-28 00:00:00+00:00,0,0,0,0,0,0
2018-03-28 00:30:00+00:00,0,0,0,0,0,0
2018-03-28 01:00:00+00:00,0,0,0,0,0,0
2018-03-28 01:30:00+00:00,0,0,0,0,0,0
2018-03-28 02:00:00+00:00,0,0,0,0,0,0
2018-03-28 02:30:00+00:00,0,0,0,0,0,0
2018-03-28 03:00:00+00:00,0,0,0,3,0,3
2018-03-28 03:30:00+00:00,0,12,0,0,0,12
2018-03-28 04:00:00+00:00,0,0,0,0,0,0
2018-03-28 04:30:00+00:00,0,0,6,0,0,6
2018-03-28 05:00:00+00:00,0,5,55,0,0,60
2018-03-28 05:30:00+00:00,0,111,5,0,0,116
2018-03-28 06:00:00+00:00,0,61,19,2,0,82
2018-03-28 06:30:00+00:00,0,1,11,4,0,16
2018-03-28 07:00:00+00:00,0,72,12,7,0,91
2018-03-28 07:30:00+00:00,0,18,15,2,0,35
2018-03-28 08:00:00+00:00,0,3,4,24,0,31
2018-03-28 08:30:00+00:00,0,51,13,50,0,114
2018-03-28 09:00:00+00:00,0,13,27,19,0,59
2018-03-28 09:30:00+00:00,0,38,11,12,0,61
2018-03-28 10:00:00+00:00,0,8,6,32,0,46
2018-03-28 10:30:00+00:00,0,6,32,17,0,55
2018-03-28 11:00:00+00:00,0,24,36,5,0,65
2018-03-28 11:30:00+00:00,0,1,33,12,0,46
2018-03-28 12:00:00+00:00,0,30,12,1,0,43
2018-03-28 12:30:00+00:00,0,6,40,4,0,50
2018-03-28 13:00:00+00:00,0,4,4,4,0,12
2018-03-28 13:30:00+00:00,0,37,18,9,0,64
2018-03-28 14:00:00+00:00,0,19,17,10,0,46
2018-03-28 14:30:00+00:00,0,0,9,28,0,37
2018-03-28 15:00:00+00:00,0,1,1,14,0,16
2018-03-28 15:30:00+00:00,0,6,77,30,0,113
2018-03-28 16:00:00+00:00,0,56,13,0,0,69
2018-03-28 16:30:00+00:00,0,10,6,0,0,16
2018-03-28 17:00:00+00:00,0,0,52,0,0,52
2018-03-28 17:30:00+00:00,0,0,4,0,0,4
2018-03-28 18:00:00+00:00,0,0,0,0,0,0
2018-03-28 18:30:00+00:00,0,0,27,0,0,27
2018-03-28 19:00:00+00:00,0,0,2,0,0,2
2018-03-28 19:30:00+00:00,0,8,0,0,0,8
2018-03-28 20:00:00+00:00,0,0,0,0,0,0
2018-03-28 20:30:00+00:00,0,2,0,0,0,2
2018-03-28 21:00:00+00:00,0,0,0,0,0,0
2018-03-28 21:30:00+00:00,0,0,0,0,541,541
2018-03-28 22:00:00+00:00,0,0,0,0,0,0
2018-03-28 22:30:00+00:00,0,0,0,0,0,0
2018-03-28 23:00:00+00:00,0,0,0,0,0,0
2018-03-28 23:30:00+00:00,0,0,0,0,0,0
2018-03-29 00:00:00+00:00,0,0,0,0,0,0
2018-03-29 00:30:00+00:00,0,0,0,0,0,0
2018-03-29 01:00:00+00:00,0,0,0,0,0,0
2018-03-29 01:30:00+00:00,0,0,0,0,0,0
2018-03-29 02:00:00+00:00,0,0,0,0,0,0
2018-03-29 02:30:00+00:00,0,0,0,0,0,0
2018-03-29 03:00:00+00:00,0,3,0,0,0,3
2018-03-29 03:30:00+00:00,0,0,0,5,0,5
2018-03-29 04:00:00+00:00,0,0,0,3,0,3
2018-03-29 04:30:00+00:00,0,0,0,0,0,0
2018-03-29 05:00:00+00:00,0,0,1,0,0,1
2018-03-29 05:30:00+00:00,0,15,38,1,0,54
2018-03-29 06:00:00+00:00,0,13,4,2,0,19
2018-03-29 06:30:00+00:00,0,30,14,9,0,53
2018-03-29 07:00:00+00:00,0,30,34,34,0,98
2018-03-29 07:30:00+00:00,0,29,94,9,0,132
2018-03-29 08:00:00+00:00,0,23,28,39,0,90
2018-03-29 08:30:00+00:00,0,36,22,28,0,86
2018-03-29 09:00:00+00:00,0,15,14,24,0,53
2018-03-29 09:30:00+00:00,0,32,6,46,0,84
2018-03-29 10:00:00+00:00,0,2,1,56,0,59
2018-03-29 10:30:00+00:00,0,13,4,32,0,49
2018-03-29 11:00:00+00:00,0,7,9,13,0,29
2018-03-29 11:30:00+00:00,0,30,9,27,0,66
2018-03-29 12:00:00+00:00,0,10,15,48,0,73
2018-03-29 12:30:00+00:00,0,6,2,30,0,38
2018-03-29 13:00:00+00:00,2613,61,13,15,0,2702
2018-03-29 13:30:00+00:00,0,32,38,40,0,110
2018-03-29 14:00:00+00:00,0,27,1,14,0,42
2018-03-29 14:30:00+00:00,0,50,0,13,0,63
2018-03-29 15:00:00+00:00,2,1,1,30,0,34
2018-03-29 15:30:00+00:00,0,0,8,14,0,22
2018-03-29 16:00:00+00:00,0,4,152,3,0,159
2018-03-29 16:30:00+00:00,0,0,8,0,0,8
2018-03-29 17:00:00+00:00,0,0,1,0,0,1
2018-03-29 17:30:00+00:00,0,0,0,0,0,0
2018-03-29 18:00:00+00:00,0,0,4,0,0,4
2018-03-29 18:30:00+00:00,0,0,1,0,0,1
2018-03-29 19:00:00+00:00,0,0,1,0,0,1
2018-03-29 19:30:00+00:00,0,0,0,0,0,0
2018-03-29 20:00:00+00:00,0,0,0,0,0,0
2018-03-29 20:30:00+00:00,0,0,9,0,0,9
2018-03-29 21:00:00+00:00,0,0,0,0,0,0
2018-03-29 21:30:00+00:00,0,0,0,0,414,414
2018-03-29 22:00:00+00:00,0,0,0,0,0,0
2018-03-29 22:30:00+00:00,0,0,0,0,0,0
2018-03-29 23:00:00+00:00,0,0,0,0,0,0
2018-03-29 23:30:00+00:00,0,0,0,0,0,0
2018-03-30 00:00:00+00:00,0,0,0,0,0,0
2018-03-30 00:30:00+00:00,0,0,0,0,0,0
2018-03-30 01:00:00+00:00,0,0,0,0,0,0
2018-03-30 01:30:00+00:00,0,0,0,0,0,0
2018-03-30 02:00:00+00:00,0,0,0,0,0,0
2018-03-30 02:30:00+00:00,0,0,0,0,0,0
2018-03-30 03:00:00+00:00,0,3,0,4,0,7
2018-03-30 03:30:00+00:00,0,0,0,0,0,0
2018-03-30 04:00:00+00:00,0,0,0,1,0,1
2018-03-30 04:30:00+00:00,0,10,0,0,0,10
2018-03-30 05:00:00+00:00,0,83,14,0,0,97
2018-03-30 05:30:00+00:00,0,43,0,0,0,43
2018-03-30 06:00:00+00:00,0,69,1,6,0,76
2018-03-30 06:30:00+00:00,0,1,0,1,0,2
2018-03-30 07:00:00+00:00,0,13,48,1,0,62
2018-03-30 07:30:00+00:00,0,16,3,1,0,20
2018-03-30 08:00:00+00:00,0,8,1,44,0,53
2018-03-30 08:30:00+00:00,0,6,3,90,0,99
2018-03-30 09:00:00+00:00,0,15,3,15,0,33
2018-03-30 09:30:00+00:00,0,12,8,82,0,102
2018-03-30 10:00:00+00:00,0,30,2,24,0,56
2018-03-30 10:30:00+00:00,0,5,10,63,0,78
2018-03-30 11:00:00+00:00,0,5,1,35,0,41
2018-03-30 11:30:00+00:00,0,24,10,13,0,47
2018-03-30 12:00:00+00:00,0,17,35,12,0,64
2018-03-30 12:30:00+00:00,0,31,15,11,0,57
2018-03-30 13:00:00+00:00,0,19,1,24,0,44
2018-03-30 13:30:00+00:00,0,2,0,14,0,16
2018-03-30 14:00:00+00:00,0,1,0,22,0,23
2018-03-30 14:30:00+00:00,0,24,2,10,0,36
2018-03-30 15:00:00+00:00,0,7,0,49,0,56
2018-03-30 15:30:00+00:00,0,0,110,1,0,111
2018-03-30 16:00:00+00:00,0,0,0,0,0,0
2018-03-30 16:30:00+00:00,0,0,0,0,0,0
2018-03-30 17:00:00+00:00,0,0,0,0,0,0
2018-03-30 17:30:00+00:00,0,0,0,0,0,0
2018-03-30 18:00:00+00:00,0,0,0,0,0,0
2018-03-30 18:30:00+00:00,0,0,0,0,0,0
2018-03-30 19:00:00+00:00,0,0,0,0,0,0
2018-03-30 19:30:00+00:00,0,0,0,0,0,0
2018-03-30 20:00:00+00:00,0,0,0,0,0,0
2018-03-30 20:30:00+00:00,0,0,0,0,0,0
2018-03-30 21:00:00+00:00,0,0,0,0,0,0
2018-03-30 21:30:00+00:00,0,0,0,0,320,320
2018-03-30 22:00:00+00:00,0,0,0,0,0,0
2018-03-30 22:30:00+00:00,0,0,0,0,0,0
2018-03-30 23:00:00+00:00,0,0,0,0,0,0
2018-03-30 23:30:00+00:00,0,0,0,0,0,0
2018-03-31 00:00:00+00:00,0,0,0,0,0,0
2018-03-31 00:30:00+00:00,0,0,0,0,0,0
2018-03-31 01:00:00+00:00,0,0,0,0,0,0
2018-03-31 01:30:00+00:00,0,0,0,0,0,0
2018-03-31 02:00:00+00:00,0,0,0,0,0,0
2018-03-31 02:30:00+00:00,0,0,0,0,0,0
2018-03-31 03:00:00+00:00,0,0,0,0,0,0
2018-03-31 03:30:00+00:00,0,0,0,0,0,0
2018-03-31 04:00:00+00:00,0,0,0,0,0,0
2018-03-31 04:30:00+00:00,0,0,0,0,0,0
2018-03-31 05:00:00+00:00,0,0,0,0,0,0
2018-03-31 05:30:00+00:00,0,0,0,0,0,0
2018-03-31 06:00:00+00:00,0,0,0,0,0,0
2018-03-31 06:30:00+00:00,0,0,0,0,0,0
2018-03-31 07:00:00+00:00,0,0,0,0,0,0
2018-03-31 07:30:00+00:00,0,0,0,0,0,0
2018-03-31 08:00:00+00:00,0,0,0,0,0,0
2018-03-31 08:30:00+00:00,0,0,0,0,0,0
2018-03-31 09:00:00+00:00,0,0,1,0,0,1
2018-03-31 09:30:00+00:00,0,0,0,0,0,0
2018-03-31 10:00:00+00:00,0,0,0,0,0,0
2018-03-31 10:30:00+00:00,0,0,0,0,0,0
2018-03-31 11:00:00+00:00,0,0,0,0,0,0
2018-03-31 11:30:00+00:00,0,0,0,0,0,0
2018-03-31 12:00:00+00:00,0,0,0,0,0,0
2018-03-31 12:30:00+00:00,0,0,0,0,0,0
2018-03-31 13:00:00+00:00,0,0,0,0,0,0
2018-03-31 13:30:00+00:00,0,0,0,0,0,0
2018-03-31 14:00:00+00:00,0,0,0,0,0,0
2018-03-31 14:30:00+00:00,0,0,0,0,0,0
2018-03-31 15:00:00+00:00,0,0,0,0,0,0
2018-03-31 15:30:00+00:00,0,0,0,0,0,0
2018-03-31 16:00:00+00:00,0,0,0,0,0,0
2018-03-31 16:30:00+00:00,0,0,0,0,0,0
2018-03-31 17:00:00+00:00,0,0,0,0,0,0
2018-03-31 17:30:00+00:00,0,0,0,0,0,0
2018-03-31 18:00:00+00:00,0,0,0,0,0,0
2018-03-31 18:30:00+00:00,0,0,0,0,0,0
2018-03-31 19:00:00+00:00,0,0,0,0,0,0
2018-03-31 19:30:00+00:00,0,0,0,0,0,0
2018-03-31 20:00:00+00:00,0,0,0,0,0,0
2018-03-31 20:30:00+00:00,0,0,0,0,0,0
2018-03-31 21:00:00+00:00,0,0,0,0,0,0
2018-03-31 21:30:00+00:00,0,0,0,0,149,149
2018-03-31 22:00:00+00:00,0,0,0,0,0,0
2018-03-31 22:30:00+00:00,0,0,0,0,0,0
2018-03-31 23:00:00+00:00,0,0,0,0,0,0
2018-03-31 23:30:00+00:00,0,0,0,0,0,0
2018-04-01 00:00:00+00:00,0,0,0,0,0,0
2018-04-01 00:30:00+00:00,0,0,0,0,0,0
2018-04-01 01:00:00+00:00,0,0,0,0,0,0
2018-04-01 01:30:00+00:00,0,0,0,0,0,0
2018-04-01 02:00:00+00:00,0,0,0,0,0,0
2018-04-01 02:30:00+00:00,0,0,0,0,0,0
2018-04-01 03:00:00+00:00,0,0,0,0,0,0
2018-04-01 03:30:00+00:00,0,0,0,0,0,0
2018-04-01 04:00:00+00:00,0,0,0,0,0,0
2018-04-01 04:30:00+00:00,0,0,0,0,0,0
2018-04-01 05:00:00+00:00,0,0,0,0,0,0
2018-04-01 05:30:00+00:00,0,0,0,0,0,0
2018-04-01 06:00:00+00:00,0,0,1,0,0,1
2018-04-01 06:30:00+00:00,0,0,1,0,0,1
2018-04-01 07:00:00+00:00,0,0,0,0,0,0
2018-04-01 07:30:00+00:00,0,0,0,0,0,0
2018-04-01 08:00:00+00:00,0,0,0,0,0,0
2018-04-01 08:30:00+00:00,0,0,0,0,0,0
2018-04-01 09:00:00+00:00,0,0,0,0,0,0
2018-04-01 09:30:00+00:00,0,0,0,0,0,0
2018-04-01 10:00:00+00:00,0,0,0,0,0,0
2018-04-01 10:30:00+00:00,0,0,0,0,0,0
2018-04-01 11:00:00+00:00,0,0,0,0,0,0
2018-04-01 11:30:00+00:00,0,0,0,0,0,0
2018-04-01 12:00:00+00:00,0,0,0,0,0,0
2018-04-01 12:30:00+00:00,0,0,0,0,0,0
2018-04-01 13:00:00+00:00,0,0,0,0,0,0
2018-04-01 13:30:00+00:00,0,0,0,0,0,0
2018-04-01 14:00:00+00:00,0,0,0,0,0,0
2018-04-01 14:30:00+00:00,0,0,0,0,0,0
2018-04-01 15:00:00+00:00,0,0,0,0,0,0
2018-04-01 15:30:00+00:00,0,0,0,0,0,0
2018-04-01 16:00:00+00:00,0,0,0,0,0,0
2018-04-01 16:30:00+00:00,0,0,0,0,0,0
2018-04-01 17:00:00+00:00,0,0,0,0,0,0
2018-04-01 17:30:00+00:00,0,0,0,0,0,0
2018-04-01 18:00:00+00:00,0,0,0,0,0,0
2018-04-01 18:30:00+00:00,0,0,0,0,0,0
2018-04-01 19:00:00+00:00,0,0,0,0,0,0
2018-04-01 19:30:00+00:00,0,0,0,0,0,0
2018-04-01 20:00:00+00:00,0,0,0,0,0,0
2018-04-01 20:30:00+00:00,0,0,0,0,0,0
2018-04-01 21:00:00+00:00,0,0,0,0,0,0
2018-04-01 21:30:00+00:00,0,0,0,0,7,7
2018-04-01 22:00:00+00:00,0,0,0,0,0,0
2018-04-01 22:30:00+00:00,0,0,0,0,0,0
2018-04-01 23:00:00+00:00,0,0,0,0,0,0
2018-04-01 23:30:00+00:00,0,0,0,0,0,0
2018-04-02 00:00:00+00:00,0,0,0,0,0,0
2018-04-02 00:30:00+00:00,0,0,0,0,0,0
2018-04-02 01:00:00+00:00,0,0,0,0,0,0
2018-04-02 01:30:00+00:00,0,0,0,0,0,0
2018-04-02 02:00:00+00:00,0,0,0,0,0,0
2018-04-02 02:30:00+00:00,0,0,0,0,0,0
2018-04-02 03:00:00+00:00,0,0,0,0,0,0
2018-04-02 03:30:00+00:00,0,0,0,0,0,0
2018-04-02 04:00:00+00:00,0,0,0,0,0,0
2018-04-02 04:30:00+00:00,0,0,0,0,0,0
2018-04-02 05:00:00+00:00,0,0,0,0,0,0
2018-04-02 05:30:00+00:00,0,0,7,0,0,7
2018-04-02 06:00:00+00:00,0,0,1,0,0,1
2018-04-02 06:30:00+00:00,0,0,0,0,0,0
2018-04-02 07:00:00+00:00,0,0,0,0,0,0
2018-04-02 07:30:00+00:00,0,0,0,0,0,0
2018-04-02 08:00:00+00:00,0,1,0,0,0,1
2018-04-02 08:30:00+00:00,0,0,0,0,0,0
2018-04-02 09:00:00+00:00,0,0,3,0,0,3
2018-04-02 09:30:00+00:00,0,0,2,0,0,2
2018-04-02 10:00:00+00:00,0,0,1,0,0,1
2018-04-02 10:30:00+00:00,0,0,0,0,0,0
2018-04-02 11:00:00+00:00,0,0,0,0,0,0
2018-04-02 11:30:00+00:00,0,0,0,0,0,0
2018-04-02 12:00:00+00:00,0,0,0,0,0,0
2018-04-02 12:30:00+00:00,0,1,0,0,0,1
2018-04-02 13:00:00+00:00,0,0,0,0,0,0
2018-04-02 13:30:00+00:00,0,0,0,0,0,0
2018-04-02 14:00:00+00:00,0,0,0,0,0,0
2018-04-02 14:30:00+00:00,0,0,0,0,0,0
2018-04-02 15:00:00+00:00,0,0,0,0,0,0
2018-04-02 15:30:00+00:00,0,0,0,0,0,0
2018-04-02 16:00:00+00:00,0,0,0,0,0,0
2018-04-02 16:30:00+00:00,0,0,0,0,0,0
2018-04-02 17:00:00+00:00,0,0,0,0,0,0
2018-04-02 17:30:00+00:00,0,0,0,0,0,0
2018-04-02 18:00:00+00:00,0,0,0,0,0,0
2018-04-02 18:30:00+00:00,0,0,0,0,0,0
2018-04-02 19:00:00+00:00,0,0,0,0,0,0
2018-04-02 19:30:00+00:00,0,0,0,0,0,0
2018-04-02 20:00:00+00:00,0,0,0,0,0,0
2018-04-02 20:30:00+00:00,0,0,0,0,0,0
2018-04-02 21:00:00+00:00,0,0,0,0,0,0
2018-04-02 21:30:00+00:00,0,0,0,0,17,17
2018-04-02 22:00:00+00:00,0,0,0,0,0,0
2018-04-02 22:30:00+00:00,0,0,0,0,0,0
2018-04-02 23:00:00+00:00,0,0,0,0,0,0
2018-04-02 23:30:00+00:00,0,0,0,0,0,0
2018-04-03 00:00:00+00:00,0,0,0,0,0,0
2018-04-03 00:30:00+00:00,0,0,0,0,0,0
2018-04-03 01:00:00+00:00,0,0,0,0,0,0
2018-04-03 01:30:00+00:00,0,0,0,0,0,0
2018-04-03 02:00:00+00:00,0,0,0,0,0,0
2018-04-03 02:30:00+00:00,0,0,0,0,0,0
2018-04-03 03:00:00+00:00,0,0,0,0,0,0
2018-04-03 03:30:00+00:00,0,1,0,0,0,1
2018-04-03 04:00:00+00:00,0,0,0,0,0,0
2018-04-03 04:30:00+00:00,0,0,1,0,0,1
2018-04-03 05:00:00+00:00,0,0,12,0,0,12
2018-04-03 05:30:00+00:00,0,28,0,9,0,37
2018-04-03 06:00:00+00:00,0,1,7,12,0,20
2018-04-03 06:30:00+00:00,0,146,6,6,0,158
2018-04-03 07:00:00+00:00,0,1,6,0,0,7
2018-04-03 07:30:00+00:00,0,17,148,2,0,167
2018-04-03 08:00:00+00:00,0,9,21,9,0,39
2018-04-03 08:30:00+00:00,0,58,47,12,0,117
2018-04-03 09:00:00+00:00,0,47,16,12,0,75
2018-04-03 09:30:00+00:00,0,139,14,84,0,237
2018-04-03 10:00:00+00:00,0,44,20,38,0,102
2018-04-03 10:30:00+00:00,0,18,8,3,0,29
2018-04-03 11:00:00+00:00,0,13,8,46,0,67
2018-04-03 11:30:00+00:00,0,1,6,22,0,29
2018-04-03 12:00:00+00:00,0,2,17,11,0,30
2018-04-03 12:30:00+00:00,0,21,15,13,0,49
2018-04-03 13:00:00+00:00,0,5,10,17,0,32
2018-04-03 13:30:00+00:00,0,0,4,18,0,22
2018-04-03 14:00:00+00:00,0,15,1,18,0,34
2018-04-03 14:30:00+00:00,0,0,9,37,0,46
2018-04-03 15:00:00+00:00,0,9,2,19,0,30
2018-04-03 15:30:00+00:00,0,0,73,9,0,82
2018-04-03 16:00:00+00:00,0,2,0,12,0,14
2018-04-03 16:30:00+00:00,0,1,0,0,0,1
2018-04-03 17:00:00+00:00,0,0,1,0,0,1
2018-04-03 17:30:00+00:00,0,0,1,0,0,1
2018-04-03 18:00:00+00:00,0,0,0,0,0,0
2018-04-03 18:30:00+00:00,0,0,0,0,0,0
2018-04-03 19:00:00+00:00,0,0,0,0,0,0
2018-04-03 19:30:00+00:00,0,0,0,0,0,0
2018-04-03 20:00:00+00:00,0,0,0,0,0,0
2018-04-03 20:30:00+00:00,0,0,1,0,0,1
2018-04-03 21:00:00+00:00,0,0,0,0,0,0
2018-04-03 21:30:00+00:00,0,0,0,0,261,261
2018-04-03 22:00:00+00:00,0,0,0,0,0,0
2018-04-03 22:30:00+00:00,0,0,0,0,0,0
2018-04-03 23:00:00+00:00,0,0,0,0,0,0
2018-04-03 23:30:00+00:00,0,0,0,0,0,0
2018-04-04 00:00:00+00:00,0,0,0,0,0,0
2018-04-04 00:30:00+00:00,0,0,0,0,0,0
2018-04-04 01:00:00+00:00,0,0,0,0,0,0
2018-04-04 01:30:00+00:00,0,0,0,0,0,0
2018-04-04 02:00:00+00:00,0,0,0,0,0,0
2018-04-04 02:30:00+00:00,0,0,0,0,0,0
2018-04-04 03:00:00+00:00,0,0,0,0,0,0
2018-04-04 03:30:00+00:00,0,5,0,0,0,5
2018-04-04 04:00:00+00:00,0,0,3,0,0,3
2018-04-04 04:30:00+00:00,0,0,0,1,0,1
2018-04-04 05:00:00+00:00,0,0,5,0,0,5
2018-04-04 05:30:00+00:00,0,22,8,0,0,30
2018-04-04 06:00:00+00:00,0,85,8,0,0,93
2018-04-04 06:30:00+00:00,0,33,3,0,0,36
2018-04-04 07:00:00+00:00,0,9,9,11,0,29
2018-04-04 07:30:00+00:00,0,15,13,3,0,31
2018-04-04 08:00:00+00:00,0,28,28,6,0,62
2018-04-04 08:30:00+00:00,0,18,40,13,0,71
2018-04-04 09:00:00+00:00,0,19,15,18,0,52
2018-04-04 09:30:00+00:00,0,1,5,3,0,9
2018-04-04 10:00:00+00:00,0,0,5,50,0,55
2018-04-04 10:30:00+00:00,0,3,4,0,0,7
2018-04-04 11:00:00+00:00,0,16,22,7,0,45
2018-04-04 11:30:00+00:00,0,25,25,4,0,54
2018-04-04 12:00:00+00:00,0,44,18,31,0,93
2018-04-04 12:30:00+00:00,0,5,27,12,0,44
2018-04-04 13:00:00+00:00,0,11,63,4,0,78
2018-04-04 13:30:00+00:00,0,6,5,3,0,14
2018-04-04 14:00:00+00:00,0,13,3,7,0,23
2018-04-04 14:30:00+00:00,0,4,17,1,0,22
2018-04-04 15:00:00+00:00,0,1,1,17,0,19
2018-04-04 15:30:00+00:00,0,0,128,13,0,141
2018-04-04 16:00:00+00:00,0,0,2,0,0,2
2018-04-04 16:30:00+00:00,0,0,21,0,0,21
2018-04-04 17:00:00+00:00,0,0,1,0,0,1
2018-04-04 17:30:00+00:00,0,0,0,0,0,0
2018-04-04 18:00:00+00:00,0,0,1,0,0,1
2018-04-04 18:30:00+00:00,0,0,2,0,0,2
2018-04-04 19:00:00+00:00,0,0,0,0,0,0
2018-04-04 19:30:00+00:00,0,0,0,0,0,0
2018-04-04 20:00:00+00:00,0,0,0,0,0,0
2018-04-04 20:30:00+00:00,0,0,1,0,0,1
2018-04-04 21:00:00+00:00,0,0,0,0,0,0
2018-04-04 21:30:00+00:00,0,0,0,0,613,613
2018-04-04 22:00:00+00:00,0,0,0,0,0,0
2018-04-04 22:30:00+00:00,0,0,1,0,0,1
2018-04-04 23:00:00+00:00,0,0,0,0,0,0
2018-04-04 23:30:00+00:00,0,0,0,0,0,0
2018-04-05 00:00:00+00:00,0,0,0,0,0,0
2018-04-05 00:30:00+00:00,0,0,0,0,0,0
2018-04-05 01:00:00+00:00,0,0,0,0,0,0
2018-04-05 01:30:00+00:00,0,0,0,0,0,0
2018-04-05 02:00:00+00:00,0,0,0,0,0,0
2018-04-05 02:30:00+00:00,0,0,0,0,0,0
2018-04-05 03:00:00+00:00,0,2,0,0,0,2
2018-04-05 03:30:00+00:00,0,0,0,0,0,0
2018-04-05 04:00:00+00:00,0,0,7,5,0,12
2018-04-05 04:30:00+00:00,0,0,2,6,0,8
2018-04-05 05:00:00+00:00,0,1,6,16,0,23
2018-04-05 05:30:00+00:00,0,20,5,13,0,38
2018-04-05 06:00:00+00:00,0,88,40,1,0,129
2018-04-05 06:30:00+00:00,0,16,15,2,0,33
2018-04-05 07:00:00+00:00,0,16,11,9,0,36
2018-04-05 07:30:00+00:00,0,18,32,3,0,53
2018-04-05 08:00:00+00:00,0,33,19,2,0,54
2018-04-05 08:30:00+00:00,0,10,9,16,0,35
2018-04-05 09:00:00+00:00,0,32,31,19,0,82
2018-04-05 09:30:00+00:00,0,13,7,12,0,32
2018-04-05 10:00:00+00:00,0,6,8,22,0,36
2018-04-05 10:30:00+00:00,0,1,5,6,0,12
2018-04-05 11:00:00+00:00,0,9,24,9,0,42
2018-04-05 11:30:00+00:00,0,3,31,3,0,37
2018-04-05 12:00:00+00:00,0,13,16,7,0,36
2018-04-05 12:30:00+00:00,0,41,27,14,0,82
2018-04-05 13:00:00+00:00,0,36,17,50,0,103
2018-04-05 13:30:00+00:00,2334,3,18,3,0,2358
2018-04-05 14:00:00+00:00,0,4,11,10,0,25
2018-04-05 14:30:00+00:00,0,11,15,4,0,30
2018-04-05 15:00:00+00:00,0,36,1,26,0,63
2018-04-05 15:30:00+00:00,0,2,162,5,0,169
2018-04-05 16:00:00+00:00,0,0,2,0,0,2
2018-04-05 16:30:00+00:00,0,0,0,0,0,0
2018-04-05 17:00:00+00:00,0,0,31,0,0,31
2018-04-05 17:30:00+00:00,0,1,4,0,0,5
2018-04-05 18:00:00+00:00,0,0,1,0,0,1
2018-04-05 18:30:00+00:00,0,0,2,0,0,2
2018-04-05 19:00:00+00:00,0,0,0,0,0,0
2018-04-05 19:30:00+00:00,0,0,0,0,0,0
2018-04-05 20:00:00+00:00,0,0,0,0,0,0
2018-04-05 20:30:00+00:00,0,0,0,0,0,0
2018-04-05 21:00:00+00:00,0,0,0,0,0,0
2018-04-05 21:30:00+00:00,0,0,1,0,318,319
2018-04-05 22:00:00+00:00,0,0,0,0,0,0
2018-04-05 22:30:00+00:00,0,0,0,0,0,0
2018-04-05 23:00:00+00:00,0,0,0,0,0,0
2018-04-05 23:30:00+00:00,0,0,0,0,0,0
2018-04-06 00:00:00+00:00,0,0,0,0,0,0
2018-04-06 00:30:00+00:00,0,0,0,0,0,0
2018-04-06 01:00:00+00:00,0,0,0,0,0,0
2018-04-06 01:30:00+00:00,0,0,0,0,0,0
2018-04-06 02:00:00+00:00,0,0,0,0,0,0
2018-04-06 02:30:00+00:00,0,0,0,0,0,0
2018-04-06 03:00:00+00:00,0,4,0,0,0,4
2018-04-06 03:30:00+00:00,0,0,0,0,0,0
2018-04-06 04:00:00+00:00,0,0,0,0,0,0
2018-04-06 04:30:00+00:00,0,0,2,0,0,2
2018-04-06 05:00:00+00:00,0,16,7,0,0,23
2018-04-06 05:30:00+00:00,0,40,41,0,0,81
2018-04-06 06:00:00+00:00,0,29,3,0,0,32
2018-04-06 06:30:00+00:00,0,45,14,0,0,59
2018-04-06 07:00:00+00:00,0,55,15,0,0,70
2018-04-06 07:30:00+00:00,32,7,3,4,0,46
2018-04-06 08:00:00+00:00,0,52,124,0,0,176
2018-04-06 08:30:00+00:00,0,42,13,25,0,80
2018-04-06 09:00:00+00:00,0,38,6,11,0,55
2018-04-06 09:30:00+00:00,0,4,11,58,0,73
2018-04-06 10:00:00+00:00,0,8,20,6,0,34
2018-04-06 10:30:00+00:00,0,4,12,16,0,32
2018-04-06 11:00:00+00:00,0,1,30,42,0,73
2018-04-06 11:30:00+00:00,0,8,26,19,0,53
2018-04-06 12:00:00+00:00,0,8,18,25,0,51
2018-04-06 12:30:00+00:00,0,3,31,7,0,41
2018-04-06 13:00:00+00:00,0,18,10,40,0,68
2018-04-06 13:30:00+00:00,0,8,2,29,0,39
2018-04-06 14:00:00+00:00,0,43,6,28,0,77
2018-04-06 14:30:00+00:00,0,31,2,22,0,55
2018-04-06 15:00:00+00:00,0,2,1,49,0,52
2018-04-06 15:30:00+00:00,0,0,129,3,0,132
2018-04-06 16:00:00+00:00,0,0,0,4,0,4
2018-04-06 16:30:00+00:00,0,0,0,0,0,0
2018-04-06 17:00:00+00:00,0,0,13,0,0,13
2018-04-06 17:30:00+00:00,0,0,1,0,0,1
2018-04-06 18:00:00+00:00,0,0,0,0,0,0
2018-04-06 18:30:00+00:00,0,0,0,0,0,0
2018-04-06 19:00:00+00:00,0,0,0,0,0,0
2018-04-06 19:30:00+00:00,0,0,0,0,0,0
2018-04-06 20:00:00+00:00,0,0,0,0,0,0
2018-04-06 20:30:00+00:00,0,0,0,0,0,0
2018-04-06 21:00:00+00:00,0,3,0,0,0,3
2018-04-06 21:30:00+00:00,0,3,0,0,387,390
2018-04-06 22:00:00+00:00,0,2,0,0,0,2
2018-04-06 22:30:00+00:00,0,2,0,0,0,2
2018-04-06 23:00:00+00:00,0,0,0,0,0,0
2018-04-06 23:30:00+00:00,0,0,0,0,0,0
2018-04-07 00:00:00+00:00,0,0,0,0,0,0
2018-04-07 00:30:00+00:00,0,0,0,0,0,0
2018-04-07 01:00:00+00:00,0,0,0,0,0,0
2018-04-07 01:30:00+00:00,0,0,0,0,0,0
2018-04-07 02:00:00+00:00,0,0,0,0,0,0
2018-04-07 02:30:00+00:00,0,0,0,0,0,0
2018-04-07 03:00:00+00:00,0,0,0,0,0,0
2018-04-07 03:30:00+00:00,0,0,0,0,0,0
2018-04-07 04:00:00+00:00,0,0,0,0,0,0
2018-04-07 04:30:00+00:00,0,0,0,0,0,0
2018-04-07 05:00:00+00:00,0,0,0,0,0,0
2018-04-07 05:30:00+00:00,0,0,0,0,0,0
2018-04-07 06:00:00+00:00,0,0,0,0,0,0
2018-04-07 06:30:00+00:00,0,0,0,0,0,0
2018-04-07 07:00:00+00:00,0,0,0,0,0,0
2018-04-07 07:30:00+00:00,0,0,0,0,0,0
2018-04-07 08:00:00+00:00,0,0,0,0,0,0
2018-04-07 08:30:00+00:00,0,0,0,0,0,0
2018-04-07 09:00:00+00:00,0,0,0,0,0,0
2018-04-07 09:30:00+00:00,0,0,0,0,0,0
2018-04-07 10:00:00+00:00,0,0,0,0,0,0
2018-04-07 10:30:00+00:00,0,0,0,0,0,0
2018-04-07 11:00:00+00:00,0,0,0,0,0,0
2018-04-07 11:30:00+00:00,0,0,0,0,0,0
2018-04-07 12:00:00+00:00,0,0,0,0,0,0
2018-04-07 12:30:00+00:00,0,0,0,0,0,0
2018-04-07 13:00:00+00:00,0,0,0,0,0,0
2018-04-07 13:30:00+00:00,0,0,0,0,0,0
2018-04-07 14:00:00+00:00,0,0,0,0,0,0
2018-04-07 14:30:00+00:00,0,0,0,0,0,0
2018-04-07 15:00:00+00:00,0,0,0,0,0,0
2018-04-07 15:30:00+00:00,0,0,0,0,0,0
2018-04-07 16:00:00+00:00,0,0,0,0,0,0
2018-04-07 16:30:00+00:00,0,0,0,0,0,0
2018-04-07 17:00:00+00:00,0,0,0,0,0,0
2018-04-07 17:30:00+00:00,0,0,0,0,0,0
2018-04-07 18:00:00+00:00,0,0,0,0,0,0
2018-04-07 18:30:00+00:00,0,0,0,0,0,0
2018-04-07 19:00:00+00:00,0,0,0,0,0,0
2018-04-07 19:30:00+00:00,0,0,0,0,0,0
2018-04-07 20:00:00+00:00,0,0,0,0,0,0
2018-04-07 20:30:00+00:00,0,0,0,0,0,0
2018-04-07 21:00:00+00:00,0,0,0,0,0,0
2018-04-07 21:30:00+00:00,0,0,0,0,20,20
2018-04-07 22:00:00+00:00,0,0,0,0,0,0
2018-04-07 22:30:00+00:00,0,0,0,0,0,0
2018-04-07 23:00:00+00:00,0,0,0,0,0,0
2018-04-07 23:30:00+00:00,0,0,0,0,0,0
2018-04-08 00:00:00+00:00,0,0,0,0,0,0
2018-04-08 00:30:00+00:00,0,0,0,0,0,0
2018-04-08 01:00:00+00:00,0,0,0,0,0,0
2018-04-08 01:30:00+00:00,0,0,0,0,0,0
2018-04-08 02:00:00+00:00,0,0,0,0,0,0
2018-04-08 02:30:00+00:00,0,0,0,0,0,0
2018-04-08 03:00:00+00:00,0,0,0,0,0,0
2018-04-08 03:30:00+00:00,0,0,0,0,0,0
2018-04-08 04:00:00+00:00,0,0,0,0,0,0
2018-04-08 04:30:00+00:00,0,0,0,0,0,0
2018-04-08 05:00:00+00:00,0,0,0,0,0,0
2018-04-08 05:30:00+00:00,0,0,0,0,0,0
2018-04-08 06:00:00+00:00,0,0,0,0,0,0
2018-04-08 06:30:00+00:00,0,0,0,0,0,0
2018-04-08 07:00:00+00:00,0,0,0,0,0,0
2018-04-08 07:30:00+00:00,0,0,0,0,0,0
2018-04-08 08:00:00+00:00,0,0,0,0,0,0
2018-04-08 08:30:00+00:00,0,0,0,0,0,0
2018-04-08 09:00:00+00:00,0,0,0,0,0,0
2018-04-08 09:30:00+00:00,0,0,0,0,0,0
2018-04-08 10:00:00+00:00,0,0,0,0,0,0
2018-04-08 10:30:00+00:00,0,0,0,0,0,0
2018-04-08 11:00:00+00:00,0,0,0,0,0,0
2018-04-08 11:30:00+00:00,0,0,0,0,0,0
2018-04-08 12:00:00+00:00,0,0,0,0,0,0
2018-04-08 12:30:00+00:00,0,0,0,0,0,0
2018-04-08 13:00:00+00:00,0,0,0,0,0,0
2018-04-08 13:30:00+00:00,0,0,0,0,0,0
2018-04-08 14:00:00+00:00,0,0,0,0,0,0
2018-04-08 14:30:00+00:00,0,0,0,0,0,0
2018-04-08 15:00:00+00:00,0,0,0,0,0,0
2018-04-08 15:30:00+00:00,0,0,0,0,0,0
2018-04-08 16:00:00+00:00,0,0,0,0,0,0
2018-04-08 16:30:00+00:00,0,0,0,0,0,0
2018-04-08 17:00:00+00:00,0,0,0,0,0,0
2018-04-08 17:30:00+00:00,0,0,0,0,0,0
2018-04-08 18:00:00+00:00,0,0,0,0,0,0
2018-04-08 18:30:00+00:00,0,0,0,0,0,0
2018-04-08 19:00:00+00:00,0,0,0,0,0,0
2018-04-08 19:30:00+00:00,0,0,0,0,0,0
2018-04-08 20:00:00+00:00,0,0,0,0,0,0
2018-04-08 20:30:00+00:00,0,0,0,0,0,0
2018-04-08 21:00:00+00:00,0,0,0,0,0,0
2018-04-08 21:30:00+00:00,0,0,0,0,7,7
2018-04-08 22:00:00+00:00,0,0,0,0,0,0
2018-04-08 22:30:00+00:00,0,0,0,0,0,0
2018-04-08 23:00:00+00:00,0,0,0,0,0,0
2018-04-08 23:30:00+00:00,0,0,0,0,0,0
2018-04-09 00:00:00+00:00,0,0,12,0,0,12
2018-04-09 00:30:00+00:00,0,0,0,0,0,0
2018-04-09 01:00:00+00:00,0,0,0,0,0,0
2018-04-09 01:30:00+00:00,0,0,0,0,0,0
2018-04-09 02:00:00+00:00,0,0,0,0,0,0
2018-04-09 02:30:00+00:00,0,4,0,0,0,4
2018-04-09 03:00:00+00:00,0,0,0,0,0,0
2018-04-09 03:30:00+00:00,0,0,0,0,0,0
2018-04-09 04:00:00+00:00,0,0,0,0,0,0
2018-04-09 04:30:00+00:00,0,0,0,0,0,0
2018-04-09 05:00:00+00:00,0,1,56,0,0,57
2018-04-09 05:30:00+00:00,0,82,32,0,0,114
2018-04-09 06:00:00+00:00,0,85,14,0,0,99
2018-04-09 06:30:00+00:00,0,21,2,0,0,23
2018-04-09 07:00:00+00:00,0,9,14,0,0,23
2018-04-09 07:30:00+00:00,0,30,22,4,0,56
2018-04-09 08:00:00+00:00,0,31,26,2,0,59
2018-04-09 08:30:00+00:00,0,14,29,15,0,58
2018-04-09 09:00:00+00:00,0,36,29,40,0,105
2018-04-09 09:30:00+00:00,0,10,5,7,0,22
2018-04-09 10:00:00+00:00,0,54,13,22,0,89
2018-04-09 10:30:00+00:00,0,2,16,14,0,32
2018-04-09 11:00:00+00:00,0,71,43,14,0,128
2018-04-09 11:30:00+00:00,0,2,50,11,0,63
2018-04-09 12:00:00+00:00,0,43,8,0,0,51
2018-04-09 12:30:00+00:00,0,9,11,1,0,21
2018-04-09 13:00:00+00:00,0,15,13,39,0,67
2018-04-09 13:30:00+00:00,0,3,5,16,0,24
2018-04-09 14:00:00+00:00,0,12,12,21,0,45
2018-04-09 14:30:00+00:00,0,0,0,10,0,10
2018-04-09 15:00:00+00:00,0,0,2,0,0,2
2018-04-09 15:30:00+00:00,0,5,50,3,0,58
2018-04-09 16:00:00+00:00,0,11,0,2,0,13
2018-04-09 16:30:00+00:00,0,14,0,0,0,14
2018-04-09 17:00:00+00:00,0,7,0,0,0,7
2018-04-09 17:30:00+00:00,0,0,0,0,0,0
2018-04-09 18:00:00+00:00,0,0,1,0,0,1
2018-04-09 18:30:00+00:00,0,0,0,0,0,0
2018-04-09 19:00:00+00:00,0,0,8,0,0,8
2018-04-09 19:30:00+00:00,0,0,1,0,0,1
2018-04-09 20:00:00+00:00,0,0,7,0,0,7
2018-04-09 20:30:00+00:00,0,0,0,0,0,0
2018-04-09 21:00:00+00:00,0,0,0,0,0,0
2018-04-09 21:30:00+00:00,0,0,0,0,419,419
2018-04-09 22:00:00+00:00,0,0,1,0,0,1
2018-04-09 22:30:00+00:00,0,0,0,0,0,0
2018-04-09 23:00:00+00:00,0,0,0,0,0,0
2018-04-09 23:30:00+00:00,0,0,0,0,0,0
2018-04-10 00:00:00+00:00,0,0,0,0,0,0
2018-04-10 00:30:00+00:00,0,0,0,0,0,0
2018-04-10 01:00:00+00:00,0,0,0,0,0,0
2018-04-10 01:30:00+00:00,0,0,0,0,0,0
2018-04-10 02:00:00+00:00,0,0,0,0,0,0
2018-04-10 02:30:00+00:00,0,0,0,0,0,0
2018-04-10 03:00:00+00:00,0,0,0,0,0,0
2018-04-10 03:30:00+00:00,0,0,0,0,0,0
2018-04-10 04:00:00+00:00,0,15,0,0,0,15
2018-04-10 04:30:00+00:00,0,0,1,0,0,1
2018-04-10 05:00:00+00:00,0,23,7,0,0,30
2018-04-10 05:30:00+00:00,0,19,14,0,0,33
2018-04-10 06:00:00+00:00,0,10,25,0,0,35
2018-04-10 06:30:00+00:00,0,116,5,0,0,121
2018-04-10 07:00:00+00:00,0,101,49,2,0,152
2018-04-10 07:30:00+00:00,0,20,26,4,0,50
2018-04-10 08:00:00+00:00,0,43,10,23,0,76
2018-04-10 08:30:00+00:00,0,50,45,2,0,97
2018-04-10 09:00:00+00:00,0,15,18,14,0,47
2018-04-10 09:30:00+00:00,0,5,6,17,0,28
2018-04-10 10:00:00+00:00,0,3,11,21,0,35
2018-04-10 10:30:00+00:00,0,8,26,21,0,55
2018-04-10 11:00:00+00:00,107,28,27,6,0,168
2018-04-10 11:30:00+00:00,0,46,11,3,0,60
2018-04-10 12:00:00+00:00,0,6,6,3,0,15
2018-04-10 12:30:00+00:00,0,11,6,8,0,25
2018-04-10 13:00:00+00:00,0,47,5,58,0,110
2018-04-10 13:30:00+00:00,0,12,1,70,0,83
2018-04-10 14:00:00+00:00,0,172,1,87,0,260
2018-04-10 14:30:00+00:00,0,29,11,27,0,67
2018-04-10 15:00:00+00:00,0,22,0,31,0,53
2018-04-10 15:30:00+00:00,0,2,85,6,0,93
2018-04-10 16:00:00+00:00,0,3,0,1,0,4
2018-04-10 16:30:00+00:00,0,0,2,0,0,2
2018-04-10 17:00:00+00:00,0,0,0,0,0,0
2018-04-10 17:30:00+00:00,0,0,0,0,0,0
2018-04-10 18:00:00+00:00,0,0,0,0,0,0
2018-04-10 18:30:00+00:00,0,0,0,0,0,0
2018-04-10 19:00:00+00:00,0,0,0,0,0,0
2018-04-10 19:30:00+00:00,0,0,0,0,0,0
2018-04-10 20:00:00+00:00,0,0,0,0,0,0
2018-04-10 20:30:00+00:00,0,0,0,0,0,0
2018-04-10 21:00:00+00:00,0,0,0,0,0,0
2018-04-10 21:30:00+00:00,0,0,1,0,457,458
2018-04-10 22:00:00+00:00,0,0,0,0,0,0
2018-04-10 22:30:00+00:00,0,0,0,0,0,0
2018-04-10 23:00:00+00:00,0,0,0,0,0,0
2018-04-10 23:30:00+00:00,0,0,0,0,0,0
2018-04-11 00:00:00+00:00,0,0,0,0,0,0
2018-04-11 00:30:00+00:00,0,0,0,0,0,0
2018-04-11 01:00:00+00:00,0,0,0,0,0,0
2018-04-11 01:30:00+00:00,0,0,0,0,0,0
2018-04-11 02:00:00+00:00,0,0,0,0,0,0
2018-04-11 02:30:00+00:00,0,0,0,0,0,0
2018-04-11 03:00:00+00:00,0,7,0,0,0,7
2018-04-11 03:30:00+00:00,0,0,0,0,0,0
2018-04-11 04:00:00+00:00,0,0,0,0,0,0
2018-04-11 04:30:00+00:00,0,0,0,0,0,0
2018-04-11 05:00:00+00:00,0,0,0,0,0,0
2018-04-11 05:30:00+00:00,0,36,3,0,0,39
2018-04-11 06:00:00+00:00,0,19,67,0,0,86
2018-04-11 06:30:00+00:00,0,79,4,0,0,83
2018-04-11 07:00:00+00:00,0,60,42,0,0,102
2018-04-11 07:30:00+00:00,0,6,4,1,0,11
2018-04-11 08:00:00+00:00,0,20,11,96,0,127
2018-04-11 08:30:00+00:00,0,21,26,5,0,52
2018-04-11 09:00:00+00:00,0,92,14,13,0,119
2018-04-11 09:30:00+00:00,0,46,9,28,0,83
2018-04-11 10:00:00+00:00,0,3,24,11,0,38
2018-04-11 10:30:00+00:00,0,2,16,3,0,21
2018-04-11 11:00:00+00:00,0,2,8,3,0,13
2018-04-11 11:30:00+00:00,0,14,11,7,0,32
2018-04-11 12:00:00+00:00,0,10,43,8,0,61
2018-04-11 12:30:00+00:00,0,19,8,10,0,37
2018-04-11 13:00:00+00:00,0,9,2,12,0,23
2018-04-11 13:30:00+00:00,0,12,1,20,0,33
2018-04-11 14:00:00+00:00,0,9,30,32,0,71
2018-04-11 14:30:00+00:00,0,25,22,19,0,66
2018-04-11 15:00:00+00:00,0,6,4,15,0,25
2018-04-11 15:30:00+00:00,0,2,84,18,0,104
2018-04-11 16:00:00+00:00,0,13,13,2,0,28
2018-04-11 16:30:00+00:00,0,3,0,0,0,3
2018-04-11 17:00:00+00:00,0,0,0,0,0,0
2018-04-11 17:30:00+00:00,0,0,1,0,0,1
2018-04-11 18:00:00+00:00,0,0,2,0,0,2
2018-04-11 18:30:00+00:00,0,0,1,0,0,1
2018-04-11 19:00:00+00:00,0,0,0,0,0,0
2018-04-11 19:30:00+00:00,0,0,2,0,0,2
2018-04-11 20:00:00+00:00,0,0,0,0,0,0
2018-04-11 20:30:00+00:00,0,0,0,0,0,0
2018-04-11 21:00:00+00:00,0,0,0,0,0,0
2018-04-11 21:30:00+00:00,0,0,0,0,459,459
2018-04-11 22:00:00+00:00,0,0,0,0,0,0
2018-04-11 22:30:00+00:00,0,0,0,0,0,0
2018-04-11 23:00:00+00:00,0,0,0,0,0,0
2018-04-11 23:30:00+00:00,0,0,0,0,0,0
2018-04-12 00:00:00+00:00,0,0,0,0,0,0
2018-04-12 00:30:00+00:00,0,0,0,0,0,0
2018-04-12 01:00:00+00:00,0,0,0,0,0,0
2018-04-12 01:30:00+00:00,0,0,0,0,0,0
2018-04-12 02:00:00+00:00,0,0,0,0,0,0
2018-04-12 02:30:00+00:00,0,0,0,0,0,0
2018-04-12 03:00:00+00:00,0,0,0,0,0,0
2018-04-12 03:30:00+00:00,0,0,0,0,0,0
2018-04-12 04:00:00+00:00,0,0,1,0,0,1
2018-04-12 04:30:00+00:00,0,0,3,0,0,3
2018-04-12 05:00:00+00:00,0,26,15,0,0,41
2018-04-12 05:30:00+00:00,0,0,39,0,0,39
2018-04-12 06:00:00+00:00,0,1,6,0,0,7
2018-04-12 06:30:00+00:00,0,35,22,0,0,57
2018-04-12 07:00:00+00:00,0,205,30,1,0,236
2018-04-12 07:30:00+00:00,0,26,47,31,0,104
2018-04-12 08:00:00+00:00,0,6,5,23,0,34
2018-04-12 08:30:00+00:00,0,16,9,21,0,46
2018-04-12 09:00:00+00:00,2,7,26,31,0,66
2018-04-12 09:30:00+00:00,0,54,9,23,0,86
2018-04-12 10:00:00+00:00,0,48,9,19,0,76
2018-04-12 10:30:00+00:00,0,7,6,16,0,29
2018-04-12 11:00:00+00:00,0,9,22,42,0,73
2018-04-12 11:30:00+00:00,0,31,60,27,0,118
2018-04-12 12:00:00+00:00,448,20,12,26,0,506
2018-04-12 12:30:00+00:00,0,2,23,15,0,40
2018-04-12 13:00:00+00:00,0,9,49,53,0,111
2018-04-12 13:30:00+00:00,0,5,4,58,0,67
2018-04-12 14:00:00+00:00,0,6,14,5,0,25
2018-04-12 14:30:00+00:00,0,5,2,3,0,10
2018-04-12 15:00:00+00:00,0,10,39,5,0,54
2018-04-12 15:30:00+00:00,0,0,45,11,0,56
2018-04-12 16:00:00+00:00,0,0,10,3,0,13
2018-04-12 16:30:00+00:00,0,0,22,0,0,22
2018-04-12 17:00:00+00:00,0,0,0,0,0,0
2018-04-12 17:30:00+00:00,0,0,0,0,0,0
2018-04-12 18:00:00+00:00,0,0,0,0,0,0
2018-04-12 18:30:00+00:00,0,0,3,0,0,3
2018-04-12 19:00:00+00:00,0,0,0,0,0,0
2018-04-12 19:30:00+00:00,0,0,1,0,0,1
2018-04-12 20:00:00+00:00,0,0,0,0,0,0
2018-04-12 20:30:00+00:00,0,0,1,0,0,1
2018-04-12 21:00:00+00:00,0,0,0,0,0,0
2018-04-12 21:30:00+00:00,0,0,0,0,482,482
2018-04-12 22:00:00+00:00,0,0,0,0,0,0
2018-04-12 22:30:00+00:00,0,0,0,0,0,0
2018-04-12 23:00:00+00:00,0,0,0,0,0,0
2018-04-12 23:30:00+00:00,0,0,0,0,0,0
2018-04-13 00:00:00+00:00,0,0,0,0,0,0
2018-04-13 00:30:00+00:00,0,0,0,0,0,0
2018-04-13 01:00:00+00:00,0,0,0,0,0,0
2018-04-13 01:30:00+00:00,0,0,0,0,0,0
2018-04-13 02:00:00+00:00,0,0,0,0,0,0
2018-04-13 02:30:00+00:00,0,0,0,0,0,0
2018-04-13 03:00:00+00:00,0,0,0,0,0,0
2018-04-13 03:30:00+00:00,0,4,0,0,0,4
2018-04-13 04:00:00+00:00,0,0,0,0,0,0
2018-04-13 04:30:00+00:00,0,0,83,0,0,83
2018-04-13 05:00:00+00:00,0,43,1,0,0,44
2018-04-13 05:30:00+00:00,0,31,8,0,0,39
2018-04-13 06:00:00+00:00,0,19,18,0,0,37
2018-04-13 06:30:00+00:00,0,10,5,0,0,15
2018-04-13 07:00:00+00:00,0,14,14,1,0,29
2018-04-13 07:30:00+00:00,0,23,15,7,0,45
2018-04-13 08:00:00+00:00,0,125,10,3,0,138
2018-04-13 08:30:00+00:00,43,45,30,5,0,123
2018-04-13 09:00:00+00:00,6,33,6,30,0,75
2018-04-13 09:30:00+00:00,0,26,12,54,0,92
2018-04-13 10:00:00+00:00,0,14,13,12,0,39
2018-04-13 10:30:00+00:00,0,77,15,28,0,120
2018-04-13 11:00:00+00:00,0,30,27,26,0,83
2018-04-13 11:30:00+00:00,0,9,26,7,0,42
2018-04-13 12:00:00+00:00,0,15,106,7,0,128
2018-04-13 12:30:00+00:00,0,7,1,21,0,29
2018-04-13 13:00:00+00:00,0,8,2,21,0,31
2018-04-13 13:30:00+00:00,0,2,28,18,0,48
2018-04-13 14:00:00+00:00,0,14,0,30,0,44
2018-04-13 14:30:00+00:00,0,8,18,36,0,62
2018-04-13 15:00:00+00:00,0,4,161,31,0,196
2018-04-13 15:30:00+00:00,0,10,26,39,0,75
2018-04-13 16:00:00+00:00,0,0,0,1,0,1
2018-04-13 16:30:00+00:00,0,1,0,0,0,1
2018-04-13 17:00:00+00:00,0,3,1,0,0,4
2018-04-13 17:30:00+00:00,0,0,0,0,0,0
2018-04-13 18:00:00+00:00,0,0,1,0,0,1
2018-04-13 18:30:00+00:00,0,0,1,0,0,1
2018-04-13 19:00:00+00:00,0,0,0,0,0,0
2018-04-13 19:30:00+00:00,0,0,0,0,0,0
2018-04-13 20:00:00+00:00,0,0,0,0,0,0
2018-04-13 20:30:00+00:00,0,0,0,0,0,0
2018-04-13 21:00:00+00:00,0,0,0,0,0,0
2018-04-13 21:30:00+00:00,0,0,1,0,507,508
2018-04-13 22:00:00+00:00,0,0,0,0,0,0
2018-04-13 22:30:00+00:00,0,0,0,0,0,0
2018-04-13 23:00:00+00:00,0,0,0,0,0,0
2018-04-13 23:30:00+00:00,0,0,0,0,0,0
2018-04-14 00:00:00+00:00,0,0,0,0,0,0
2018-04-14 00:30:00+00:00,0,0,0,0,0,0
2018-04-14 01:00:00+00:00,0,0,0,0,0,0
2018-04-14 01:30:00+00:00,0,0,0,0,0,0
2018-04-14 02:00:00+00:00,0,0,0,0,0,0
2018-04-14 02:30:00+00:00,0,0,0,0,0,0
2018-04-14 03:00:00+00:00,0,0,0,0,0,0
2018-04-14 03:30:00+00:00,0,0,0,0,0,0
2018-04-14 04:00:00+00:00,0,0,0,0,0,0
2018-04-14 04:30:00+00:00,0,0,0,0,0,0
2018-04-14 05:00:00+00:00,0,0,0,0,0,0
2018-04-14 05:30:00+00:00,0,0,0,0,0,0
2018-04-14 06:00:00+00:00,0,0,0,0,0,0
2018-04-14 06:30:00+00:00,0,0,0,0,0,0
2018-04-14 07:00:00+00:00,0,0,1,0,0,1
2018-04-14 07:30:00+00:00,0,0,0,0,0,0
2018-04-14 08:00:00+00:00,0,0,0,0,0,0
2018-04-14 08:30:00+00:00,0,0,0,0,0,0
2018-04-14 09:00:00+00:00,0,0,0,0,0,0
2018-04-14 09:30:00+00:00,0,0,0,0,0,0
2018-04-14 10:00:00+00:00,0,0,0,0,0,0
2018-04-14 10:30:00+00:00,0,0,0,0,0,0
2018-04-14 11:00:00+00:00,0,0,0,0,0,0
2018-04-14 11:30:00+00:00,0,0,0,0,0,0
2018-04-14 12:00:00+00:00,0,0,0,0,0,0
2018-04-14 12:30:00+00:00,0,0,0,0,0,0
2018-04-14 13:00:00+00:00,0,0,0,0,0,0
2018-04-14 13:30:00+00:00,0,0,0,0,0,0
2018-04-14 14:00:00+00:00,0,0,0,0,0,0
2018-04-14 14:30:00+00:00,0,0,0,0,0,0
2018-04-14 15:00:00+00:00,0,0,0,0,0,0
2018-04-14 15:30:00+00:00,0,0,0,0,0,0
2018-04-14 16:00:00+00:00,0,0,0,0,0,0
2018-04-14 16:30:00+00:00,0,0,0,0,0,0
2018-04-14 17:00:00+00:00,0,0,0,0,0,0
2018-04-14 17:30:00+00:00,0,0,0,0,0,0
2018-04-14 18:00:00+00:00,0,0,0,0,0,0
2018-04-14 18:30:00+00:00,0,0,0,0,0,0
2018-04-14 19:00:00+00:00,0,0,0,0,0,0
2018-04-14 19:30:00+00:00,0,0,0,0,0,0
2018-04-14 20:00:00+00:00,0,0,0,0,0,0
2018-04-14 20:30:00+00:00,0,0,0,0,0,0
2018-04-14 21:00:00+00:00,0,0,0,0,0,0
2018-04-14 21:30:00+00:00,0,0,0,0,12,12
2018-04-14 22:00:00+00:00,0,0,0,0,0,0
2018-04-14 22:30:00+00:00,0,0,0,0,0,0
2018-04-14 23:00:00+00:00,0,0,0,0,0,0
2018-04-14 23:30:00+00:00,0,0,0,0,0,0
2018-04-15 00:00:00+00:00,0,0,0,0,0,0
2018-04-15 00:30:00+00:00,0,0,0,0,0,0
2018-04-15 01:00:00+00:00,0,0,0,0,0,0
2018-04-15 01:30:00+00:00,0,0,0,0,0,0
2018-04-15 02:00:00+00:00,0,0,0,0,0,0
2018-04-15 02:30:00+00:00,0,0,0,0,0,0
2018-04-15 03:00:00+00:00,0,0,0,0,0,0
2018-04-15 03:30:00+00:00,0,0,0,0,0,0
2018-04-15 04:00:00+00:00,0,0,0,0,0,0
2018-04-15 04:30:00+00:00,0,0,0,0,0,0
2018-04-15 05:00:00+00:00,0,0,0,0,0,0
2018-04-15 05:30:00+00:00,0,0,0,0,0,0
2018-04-15 06:00:00+00:00,0,0,0,0,0,0
2018-04-15 06:30:00+00:00,0,0,0,0,0,0
2018-04-15 07:00:00+00:00,0,0,0,0,0,0
2018-04-15 07:30:00+00:00,0,0,0,0,0,0
2018-04-15 08:00:00+00:00,0,0,0,0,0,0
2018-04-15 08:30:00+00:00,0,0,0,0,0,0
2018-04-15 09:00:00+00:00,0,0,0,0,0,0
2018-04-15 09:30:00+00:00,0,0,0,0,0,0
2018-04-15 10:00:00+00:00,0,0,0,0,0,0
2018-04-15 10:30:00+00:00,0,0,0,0,0,0
2018-04-15 11:00:00+00:00,0,0,0,0,0,0
2018-04-15 11:30:00+00:00,0,0,0,0,0,0
2018-04-15 12:00:00+00:00,0,0,0,0,0,0
2018-04-15 12:30:00+00:00,0,0,0,0,0,0
2018-04-15 13:00:00+00:00,0,0,0,0,0,0
2018-04-15 13:30:00+00:00,0,0,0,0,0,0
2018-04-15 14:00:00+00:00,0,0,0,0,0,0
2018-04-15 14:30:00+00:00,0,0,0,0,0,0
2018-04-15 15:00:00+00:00,0,0,0,0,0,0
2018-04-15 15:30:00+00:00,0,0,0,0,0,0
2018-04-15 16:00:00+00:00,0,0,0,0,0,0
2018-04-15 16:30:00+00:00,0,0,0,0,0,0
2018-04-15 17:00:00+00:00,0,0,0,0,0,0
2018-04-15 17:30:00+00:00,0,0,0,0,0,0
2018-04-15 18:00:00+00:00,0,0,0,0,0,0
2018-04-15 18:30:00+00:00,0,0,0,0,0,0
2018-04-15 19:00:00+00:00,0,0,0,0,0,0
2018-04-15 19:30:00+00:00,0,0,0,0,0,0
2018-04-15 20:00:00+00:00,0,0,0,0,0,0
2018-04-15 20:30:00+00:00,0,0,0,0,0,0
2018-04-15 21:00:00+00:00,0,0,0,0,0,0
2018-04-15 21:30:00+00:00,0,0,0,0,0,0
2018-04-15 22:00:00+00:00,0,0,0,0,0,0
2018-04-15 22:30:00+00:00,0,0,0,0,0,0
2018-04-15 23:00:00+00:00,0,0,13,0,0,13
2018-04-15 23:30:00+00:00,0,0,0,0,0,0
2018-04-16 00:00:00+00:00,0,0,0,0,0,0
2018-04-16 00:30:00+00:00,0,0,0,0,0,0
2018-04-16 01:00:00+00:00,0,0,0,0,0,0
2018-04-16 01:30:00+00:00,0,0,0,0,0,0
2018-04-16 02:00:00+00:00,0,0,0,0,0,0
2018-04-16 02:30:00+00:00,0,1,0,0,0,1
2018-04-16 03:00:00+00:00,0,0,0,0,0,0
2018-04-16 03:30:00+00:00,0,0,0,0,0,0
2018-04-16 04:00:00+00:00,0,0,7,0,0,7
2018-04-16 04:30:00+00:00,0,0,0,2,0,2
2018-04-16 05:00:00+00:00,0,8,102,0,0,110
2018-04-16 05:30:00+00:00,0,55,4,0,0,59
2018-04-16 06:00:00+00:00,0,75,6,0,0,81
2018-04-16 06:30:00+00:00,0,92,4,0,0,96
2018-04-16 07:00:00+00:00,0,12,13,0,0,25
2018-04-16 07:30:00+00:00,0,27,4,10,0,41
2018-04-16 08:00:00+00:00,0,19,4,2,0,25
2018-04-16 08:30:00+00:00,0,21,19,13,0,53
2018-04-16 09:00:00+00:00,18,36,10,2,0,66
2018-04-16 09:30:00+00:00,0,132,15,1,0,148
2018-04-16 10:00:00+00:00,0,10,20,4,0,34
2018-04-16 10:30:00+00:00,0,58,5,56,0,119
2018-04-16 11:00:00+00:00,0,43,16,26,0,85
2018-04-16 11:30:00+00:00,0,11,62,38,0,111
2018-04-16 12:00:00+00:00,0,5,15,18,0,38
2018-04-16 12:30:00+00:00,0,4,10,44,0,58
2018-04-16 13:00:00+00:00,0,17,4,1,0,22
2018-04-16 13:30:00+00:00,1,6,8,3,0,18
2018-04-16 14:00:00+00:00,0,18,9,25,0,52
2018-04-16 14:30:00+00:00,0,0,4,29,0,33
2018-04-16 15:00:00+00:00,0,30,2,73,0,105
2018-04-16 15:30:00+00:00,0,0,1,6,0,7
2018-04-16 16:00:00+00:00,0,0,58,0,0,58
2018-04-16 16:30:00+00:00,0,0,0,0,0,0
2018-04-16 17:00:00+00:00,0,0,4,0,0,4
2018-04-16 17:30:00+00:00,0,0,1,0,0,1
2018-04-16 18:00:00+00:00,0,0,0,0,0,0
2018-04-16 18:30:00+00:00,0,0,0,0,0,0
2018-04-16 19:00:00+00:00,0,0,0,0,0,0
2018-04-16 19:30:00+00:00,0,0,1,0,0,1
2018-04-16 20:00:00+00:00,0,0,0,0,0,0
2018-04-16 20:30:00+00:00,0,0,1,0,0,1
2018-04-16 21:00:00+00:00,0,0,10,0,0,10
2018-04-16 21:30:00+00:00,0,0,0,0,455,455
2018-04-16 22:00:00+00:00,0,0,0,0,0,0
2018-04-16 22:30:00+00:00,0,0,0,0,0,0
2018-04-16 23:00:00+00:00,0,0,0,0,0,0
2018-04-16 23:30:00+00:00,0,0,0,0,0,0
2018-04-17 00:00:00+00:00,0,0,0,0,0,0
2018-04-17 00:30:00+00:00,0,0,0,0,0,0
2018-04-17 01:00:00+00:00,0,0,0,0,0,0
2018-04-17 01:30:00+00:00,0,0,0,0,0,0
2018-04-17 02:00:00+00:00,0,0,0,0,0,0
2018-04-17 02:30:00+00:00,0,1,0,0,0,1
2018-04-17 03:00:00+00:00,0,0,0,0,0,0
2018-04-17 03:30:00+00:00,0,0,0,0,0,0
2018-04-17 04:00:00+00:00,0,0,0,0,0,0
2018-04-17 04:30:00+00:00,0,0,0,0,0,0
2018-04-17 05:00:00+00:00,0,2,2,0,0,4
2018-04-17 05:30:00+00:00,0,160,80,0,0,240
2018-04-17 06:00:00+00:00,0,27,11,0,0,38
2018-04-17 06:30:00+00:00,0,153,22,0,0,175
2018-04-17 07:00:00+00:00,0,14,14,0,0,28
2018-04-17 07:30:00+00:00,0,29,25,7,0,61
2018-04-17 08:00:00+00:00,0,10,51,28,0,89
2018-04-17 08:30:00+00:00,0,14,17,7,0,38
2018-04-17 09:00:00+00:00,0,12,18,14,0,44
2018-04-17 09:30:00+00:00,0,7,6,32,0,45
2018-04-17 10:00:00+00:00,0,2,5,58,0,65
2018-04-17 10:30:00+00:00,0,2,8,54,0,64
2018-04-17 11:00:00+00:00,0,1,17,83,0,101
2018-04-17 11:30:00+00:00,0,17,22,32,0,71
2018-04-17 12:00:00+00:00,0,6,29,51,0,86
2018-04-17 12:30:00+00:00,0,5,19,23,0,47
2018-04-17 13:00:00+00:00,0,26,34,55,0,115
2018-04-17 13:30:00+00:00,0,18,4,62,0,84
2018-04-17 14:00:00+00:00,0,4,11,39,0,54
2018-04-17 14:30:00+00:00,0,2,4,14,0,20
2018-04-17 15:00:00+00:00,0,1,26,26,0,53
2018-04-17 15:30:00+00:00,0,3,53,16,0,72
2018-04-17 16:00:00+00:00,0,0,2,2,0,4
2018-04-17 16:30:00+00:00,0,0,11,0,0,11
2018-04-17 17:00:00+00:00,0,0,0,0,0,0
2018-04-17 17:30:00+00:00,0,0,2,0,0,2
2018-04-17 18:00:00+00:00,0,1,0,0,0,1
2018-04-17 18:30:00+00:00,0,1,3,0,0,4
2018-04-17 19:00:00+00:00,0,0,0,0,0,0
2018-04-17 19:30:00+00:00,0,0,0,0,0,0
2018-04-17 20:00:00+00:00,0,0,0,0,0,0
2018-04-17 20:30:00+00:00,0,0,0,0,0,0
2018-04-17 21:00:00+00:00,0,0,0,0,0,0
2018-04-17 21:30:00+00:00,0,0,0,0,448,448
2018-04-17 22:00:00+00:00,0,0,0,0,0,0
2018-04-17 22:30:00+00:00,0,0,0,0,0,0
2018-04-17 23:00:00+00:00,0,0,0,0,0,0
2018-04-17 23:30:00+00:00,0,0,0,0,0,0
2018-04-18 00:00:00+00:00,0,0,0,0,0,0
2018-04-18 00:30:00+00:00,0,0,0,0,0,0
2018-04-18 01:00:00+00:00,0,0,0,0,0,0
2018-04-18 01:30:00+00:00,0,0,0,0,0,0
2018-04-18 02:00:00+00:00,0,0,0,0,0,0
2018-04-18 02:30:00+00:00,0,0,0,0,0,0
2018-04-18 03:00:00+00:00,0,0,0,1,0,1
2018-04-18 03:30:00+00:00,0,5,0,0,0,5
2018-04-18 04:00:00+00:00,0,0,0,3,0,3
2018-04-18 04:30:00+00:00,0,0,0,69,0,69
2018-04-18 05:00:00+00:00,0,0,53,15,0,68
2018-04-18 05:30:00+00:00,0,0,14,1,0,15
2018-04-18 06:00:00+00:00,0,16,16,1,0,33
2018-04-18 06:30:00+00:00,0,75,5,2,0,82
2018-04-18 07:00:00+00:00,0,48,12,8,0,68
2018-04-18 07:30:00+00:00,0,42,26,12,0,80
2018-04-18 08:00:00+00:00,0,83,9,3,0,95
2018-04-18 08:30:00+00:00,0,16,42,3,0,61
2018-04-18 09:00:00+00:00,0,23,5,1,0,29
2018-04-18 09:30:00+00:00,0,8,6,10,0,24
2018-04-18 10:00:00+00:00,0,6,16,15,0,37
2018-04-18 10:30:00+00:00,0,22,11,10,0,43
2018-04-18 11:00:00+00:00,0,9,51,9,0,69
2018-04-18 11:30:00+00:00,0,5,40,6,0,51
2018-04-18 12:00:00+00:00,0,6,7,5,0,18
2018-04-18 12:30:00+00:00,0,12,24,2,0,38
2018-04-18 13:00:00+00:00,0,5,15,9,0,29
2018-04-18 13:30:00+00:00,0,5,21,4,0,30
2018-04-18 14:00:00+00:00,0,13,2,35,0,50
2018-04-18 14:30:00+00:00,0,3,102,13,0,118
2018-04-18 15:00:00+00:00,0,33,6,3,0,42
2018-04-18 15:30:00+00:00,0,30,3,2,0,35
2018-04-18 16:00:00+00:00,0,6,152,1,0,159
2018-04-18 16:30:00+00:00,0,0,10,0,0,10
2018-04-18 17:00:00+00:00,0,0,0,0,0,0
2018-04-18 17:30:00+00:00,0,0,0,0,0,0
2018-04-18 18:00:00+00:00,0,0,1,0,0,1
2018-04-18 18:30:00+00:00,0,0,1,0,0,1
2018-04-18 19:00:00+00:00,0,0,1,0,0,1
2018-04-18 19:30:00+00:00,0,0,1,0,0,1
2018-04-18 20:00:00+00:00,0,0,0,0,0,0
2018-04-18 20:30:00+00:00,0,0,1,0,0,1
2018-04-18 21:00:00+00:00,0,0,0,0,0,0
2018-04-18 21:30:00+00:00,0,0,0,0,583,583
2018-04-18 22:00:00+00:00,0,0,0,0,0,0
2018-04-18 22:30:00+00:00,0,0,0,0,0,0
2018-04-18 23:00:00+00:00,0,0,0,0,0,0
2018-04-18 23:30:00+00:00,0,0,0,0,0,0
2018-04-19 00:00:00+00:00,0,0,0,0,0,0
2018-04-19 00:30:00+00:00,0,0,0,0,0,0
2018-04-19 01:00:00+00:00,0,0,0,0,0,0
2018-04-19 01:30:00+00:00,0,0,0,0,0,0
2018-04-19 02:00:00+00:00,0,0,0,0,0,0
2018-04-19 02:30:00+00:00,0,0,0,0,0,0
2018-04-19 03:00:00+00:00,0,0,2,0,0,2
2018-04-19 03:30:00+00:00,0,2,1,0,0,3
2018-04-19 04:00:00+00:00,0,0,0,0,0,0
2018-04-19 04:30:00+00:00,0,0,0,0,0,0
2018-04-19 05:00:00+00:00,0,5,1,0,0,6
2018-04-19 05:30:00+00:00,0,11,70,0,0,81
2018-04-19 06:00:00+00:00,0,3,13,0,0,16
2018-04-19 06:30:00+00:00,0,21,8,0,0,29
2018-04-19 07:00:00+00:00,0,91,23,1,0,115
2018-04-19 07:30:00+00:00,0,42,16,23,0,81
2018-04-19 08:00:00+00:00,0,33,10,9,0,52
2018-04-19 08:30:00+00:00,0,17,41,1,0,59
2018-04-19 09:00:00+00:00,1,10,4,9,0,24
2018-04-19 09:30:00+00:00,0,10,4,3,0,17
2018-04-19 10:00:00+00:00,0,21,5,99,0,125
2018-04-19 10:30:00+00:00,0,0,7,19,0,26
2018-04-19 11:00:00+00:00,0,2,26,54,0,82
2018-04-19 11:30:00+00:00,0,8,34,22,0,64
2018-04-19 12:00:00+00:00,0,1,3,41,0,45
2018-04-19 12:30:00+00:00,422,13,23,8,0,466
2018-04-19 13:00:00+00:00,0,17,11,38,0,66
2018-04-19 13:30:00+00:00,0,135,9,12,0,156
2018-04-19 14:00:00+00:00,0,6,8,13,0,27
2018-04-19 14:30:00+00:00,0,0,12,55,0,67
2018-04-19 15:00:00+00:00,0,4,10,60,0,74
2018-04-19 15:30:00+00:00,0,0,0,48,0,48
2018-04-19 16:00:00+00:00,0,3,26,11,0,40
2018-04-19 16:30:00+00:00,0,0,50,0,0,50
2018-04-19 17:00:00+00:00,0,0,0,0,0,0
2018-04-19 17:30:00+00:00,0,0,1,0,0,1
2018-04-19 18:00:00+00:00,0,0,0,0,0,0
2018-04-19 18:30:00+00:00,0,0,0,0,0,0
2018-04-19 19:00:00+00:00,0,0,0,0,0,0
2018-04-19 19:30:00+00:00,0,0,0,0,0,0
2018-04-19 20:00:00+00:00,0,0,0,0,0,0
2018-04-19 20:30:00+00:00,0,0,1,0,0,1
2018-04-19 21:00:00+00:00,0,0,0,0,0,0
2018-04-19 21:30:00+00:00,0,0,0,0,451,451
2018-04-19 22:00:00+00:00,0,0,1,0,0,1
2018-04-19 22:30:00+00:00,0,0,0,0,0,0
2018-04-19 23:00:00+00:00,0,0,0,0,0,0
2018-04-19 23:30:00+00:00,0,0,0,0,0,0
2018-04-20 00:00:00+00:00,0,0,0,0,0,0
2018-04-20 00:30:00+00:00,0,0,0,0,0,0
2018-04-20 01:00:00+00:00,0,0,0,0,0,0
2018-04-20 01:30:00+00:00,0,0,1,0,0,1
2018-04-20 02:00:00+00:00,0,0,0,0,0,0
2018-04-20 02:30:00+00:00,0,0,0,0,0,0
2018-04-20 03:00:00+00:00,0,1,0,0,0,1
2018-04-20 03:30:00+00:00,0,0,0,0,0,0
2018-04-20 04:00:00+00:00,0,0,1,0,0,1
2018-04-20 04:30:00+00:00,0,0,0,0,0,0
2018-04-20 05:00:00+00:00,0,0,5,0,0,5
2018-04-20 05:30:00+00:00,0,0,100,0,0,100
2018-04-20 06:00:00+00:00,0,3,23,0,0,26
2018-04-20 06:30:00+00:00,0,87,4,0,0,91
2018-04-20 07:00:00+00:00,0,16,12,44,0,72
2018-04-20 07:30:00+00:00,0,9,10,1,0,20
2018-04-20 08:00:00+00:00,0,11,5,0,0,16
2018-04-20 08:30:00+00:00,0,25,26,18,0,69
2018-04-20 09:00:00+00:00,0,7,13,21,0,41
2018-04-20 09:30:00+00:00,0,67,36,108,0,211
2018-04-20 10:00:00+00:00,0,31,7,96,0,134
2018-04-20 10:30:00+00:00,0,23,2,4,0,29
2018-04-20 11:00:00+00:00,0,54,33,47,0,134
2018-04-20 11:30:00+00:00,0,6,30,8,0,44
2018-04-20 12:00:00+00:00,0,14,14,0,0,28
2018-04-20 12:30:00+00:00,0,25,30,6,0,61
2018-04-20 13:00:00+00:00,0,15,33,1,0,49
2018-04-20 13:30:00+00:00,8,4,7,5,0,24
2018-04-20 14:00:00+00:00,0,7,33,1,0,41
2018-04-20 14:30:00+00:00,0,23,0,3,0,26
2018-04-20 15:00:00+00:00,0,3,1,30,0,34
2018-04-20 15:30:00+00:00,0,0,102,26,0,128
2018-04-20 16:00:00+00:00,0,0,3,28,0,31
2018-04-20 16:30:00+00:00,0,0,0,0,0,0
2018-04-20 17:00:00+00:00,0,0,1,0,0,1
2018-04-20 17:30:00+00:00,0,0,0,0,0,0
2018-04-20 18:00:00+00:00,0,0,3,0,0,3
2018-04-20 18:30:00+00:00,0,0,0,0,0,0
2018-04-20 19:00:00+00:00,0,0,0,0,0,0
2018-04-20 19:30:00+00:00,0,0,0,0,0,0
2018-04-20 20:00:00+00:00,0,0,0,0,0,0
2018-04-20 20:30:00+00:00,0,0,0,0,0,0
2018-04-20 21:00:00+00:00,0,0,0,0,0,0
2018-04-20 21:30:00+00:00,0,0,0,0,471,471
2018-04-20 22:00:00+00:00,0,0,0,0,0,0
2018-04-20 22:30:00+00:00,0,0,0,0,0,0
2018-04-20 23:00:00+00:00,0,0,0,0,0,0
2018-04-20 23:30:00+00:00,0,0,0,0,0,0
2018-04-21 00:00:00+00:00,0,0,0,0,0,0
2018-04-21 00:30:00+00:00,0,0,0,0,0,0
2018-04-21 01:00:00+00:00,0,0,0,0,0,0
2018-04-21 01:30:00+00:00,0,0,0,0,0,0
2018-04-21 02:00:00+00:00,0,0,0,0,0,0
2018-04-21 02:30:00+00:00,0,0,0,0,0,0
2018-04-21 03:00:00+00:00,0,0,0,0,0,0
2018-04-21 03:30:00+00:00,0,0,0,0,0,0
2018-04-21 04:00:00+00:00,0,0,0,0,0,0
2018-04-21 04:30:00+00:00,0,0,0,0,0,0
2018-04-21 05:00:00+00:00,0,0,0,0,0,0
2018-04-21 05:30:00+00:00,0,0,0,0,0,0
2018-04-21 06:00:00+00:00,0,0,1,0,0,1
2018-04-21 06:30:00+00:00,0,0,1,0,0,1
2018-04-21 07:00:00+00:00,0,0,0,0,0,0
2018-04-21 07:30:00+00:00,0,0,0,0,0,0
2018-04-21 08:00:00+00:00,0,0,0,0,0,0
2018-04-21 08:30:00+00:00,0,0,0,0,0,0
2018-04-21 09:00:00+00:00,0,0,0,0,0,0
2018-04-21 09:30:00+00:00,0,0,0,0,0,0
2018-04-21 10:00:00+00:00,0,0,0,0,0,0
2018-04-21 10:30:00+00:00,0,0,0,0,0,0
2018-04-21 11:00:00+00:00,0,0,0,0,0,0
2018-04-21 11:30:00+00:00,0,0,0,0,0,0
2018-04-21 12:00:00+00:00,0,0,0,0,0,0
2018-04-21 12:30:00+00:00,0,0,0,0,0,0
2018-04-21 13:00:00+00:00,0,0,0,0,0,0
2018-04-21 13:30:00+00:00,0,0,0,0,0,0
2018-04-21 14:00:00+00:00,0,0,0,0,0,0
2018-04-21 14:30:00+00:00,0,0,0,0,0,0
2018-04-21 15:00:00+00:00,0,0,0,0,0,0
2018-04-21 15:30:00+00:00,0,0,0,0,0,0
2018-04-21 16:00:00+00:00,0,0,0,0,0,0
2018-04-21 16:30:00+00:00,0,0,0,0,0,0
2018-04-21 17:00:00+00:00,0,0,0,0,0,0
2018-04-21 17:30:00+00:00,0,0,0,0,0,0
2018-04-21 18:00:00+00:00,0,0,0,0,0,0
2018-04-21 18:30:00+00:00,0,0,0,0,0,0
2018-04-21 19:00:00+00:00,0,0,0,0,0,0
2018-04-21 19:30:00+00:00,0,0,0,0,0,0
2018-04-21 20:00:00+00:00,0,0,0,0,0,0
2018-04-21 20:30:00+00:00,0,0,0,0,0,0
2018-04-21 21:00:00+00:00,0,0,0,0,0,0
2018-04-21 21:30:00+00:00,0,0,0,0,8,8
2018-04-21 22:00:00+00:00,0,0,0,0,0,0
2018-04-21 22:30:00+00:00,0,0,0,0,0,0
2018-04-21 23:00:00+00:00,0,0,0,0,0,0
2018-04-21 23:30:00+00:00,0,0,0,0,0,0
2018-04-22 00:00:00+00:00,0,0,0,0,0,0
2018-04-22 00:30:00+00:00,0,0,0,0,0,0
2018-04-22 01:00:00+00:00,0,0,0,0,0,0
2018-04-22 01:30:00+00:00,0,0,0,0,0,0
2018-04-22 02:00:00+00:00,0,0,0,0,0,0
2018-04-22 02:30:00+00:00,0,0,0,0,0,0
2018-04-22 03:00:00+00:00,0,0,0,0,0,0
2018-04-22 03:30:00+00:00,0,0,0,0,0,0
2018-04-22 04:00:00+00:00,0,0,0,0,0,0
2018-04-22 04:30:00+00:00,0,0,0,0,0,0
2018-04-22 05:00:00+00:00,0,0,0,0,0,0
2018-04-22 05:30:00+00:00,0,0,0,0,0,0
2018-04-22 06:00:00+00:00,0,0,0,0,0,0
2018-04-22 06:30:00+00:00,0,0,0,0,0,0
2018-04-22 07:00:00+00:00,0,0,0,0,0,0
2018-04-22 07:30:00+00:00,0,0,0,0,0,0
2018-04-22 08:00:00+00:00,0,0,0,0,0,0
2018-04-22 08:30:00+00:00,0,0,0,0,0,0
2018-04-22 09:00:00+00:00,0,0,0,0,0,0
2018-04-22 09:30:00+00:00,0,0,0,0,0,0
2018-04-22 10:00:00+00:00,0,0,0,0,0,0
2018-04-22 10:30:00+00:00,0,0,0,0,0,0
2018-04-22 11:00:00+00:00,0,0,0,0,0,0
2018-04-22 11:30:00+00:00,0,0,0,0,0,0
2018-04-22 12:00:00+00:00,0,0,0,0,0,0
2018-04-22 12:30:00+00:00,0,0,0,0,0,0
2018-04-22 13:00:00+00:00,0,0,0,0,0,0
2018-04-22 13:30:00+00:00,0,0,0,0,0,0
2018-04-22 14:00:00+00:00,0,0,0,0,0,0
2018-04-22 14:30:00+00:00,0,0,0,0,0,0
2018-04-22 15:00:00+00:00,0,0,0,0,0,0
2018-04-22 15:30:00+00:00,0,0,0,0,0,0
2018-04-22 16:00:00+00:00,0,0,0,0,0,0
2018-04-22 16:30:00+00:00,0,0,0,0,0,0
2018-04-22 17:00:00+00:00,0,0,0,0,0,0
2018-04-22 17:30:00+00:00,0,0,0,0,0,0
2018-04-22 18:00:00+00:00,0,0,0,0,0,0
2018-04-22 18:30:00+00:00,0,0,0,0,0,0
2018-04-22 19:00:00+00:00,0,0,0,0,0,0
2018-04-22 19:30:00+00:00,0,0,0,0,0,0
2018-04-22 20:00:00+00:00,0,0,0,0,0,0
2018-04-22 20:30:00+00:00,0,0,0,0,0,0
2018-04-22 21:00:00+00:00,0,0,0,0,0,0
2018-04-22 21:30:00+00:00,0,0,0,0,1,1
2018-04-22 22:00:00+00:00,0,0,0,0,0,0
2018-04-22 22:30:00+00:00,0,0,0,0,0,0
2018-04-22 23:00:00+00:00,0,0,0,0,0,0
2018-04-22 23:30:00+00:00,0,0,0,0,0,0
2018-04-23 00:00:00+00:00,0,0,0,0,0,0
2018-04-23 00:30:00+00:00,0,0,0,0,0,0
2018-04-23 01:00:00+00:00,0,0,23,0,0,23
2018-04-23 01:30:00+00:00,0,0,0,0,0,0
2018-04-23 02:00:00+00:00,0,0,0,0,0,0
2018-04-23 02:30:00+00:00,0,0,0,0,0,0
2018-04-23 03:00:00+00:00,0,1,0,0,0,1
2018-04-23 03:30:00+00:00,0,0,0,0,0,0
2018-04-23 04:00:00+00:00,0,0,0,0,0,0
2018-04-23 04:30:00+00:00,0,0,1,0,0,1
2018-04-23 05:00:00+00:00,0,0,39,0,0,39
2018-04-23 05:30:00+00:00,0,1,3,0,0,4
2018-04-23 06:00:00+00:00,0,78,5,0,0,83
2018-04-23 06:30:00+00:00,0,106,19,0,0,125
2018-04-23 07:00:00+00:00,0,71,21,0,0,92
2018-04-23 07:30:00+00:00,0,116,16,3,0,135
2018-04-23 08:00:00+00:00,0,38,26,10,0,74
2018-04-23 08:30:00+00:00,0,12,3,13,0,28
2018-04-23 09:00:00+00:00,0,39,14,0,0,53
2018-04-23 09:30:00+00:00,0,55,3,25,0,83
2018-04-23 10:00:00+00:00,0,7,5,33,0,45
2018-04-23 10:30:00+00:00,0,0,12,8,0,20
2018-04-23 11:00:00+00:00,0,41,35,19,0,95
2018-04-23 11:30:00+00:00,0,8,30,31,0,69
2018-04-23 12:00:00+00:00,0,31,23,0,0,54
2018-04-23 12:30:00+00:00,0,20,67,0,0,87
2018-04-23 13:00:00+00:00,0,8,30,3,0,41
2018-04-23 13:30:00+00:00,0,8,11,7,0,26
2018-04-23 14:00:00+00:00,0,9,16,4,0,29
2018-04-23 14:30:00+00:00,0,98,18,10,0,126
2018-04-23 15:00:00+00:00,0,9,21,9,0,39
2018-04-23 15:30:00+00:00,0,11,79,68,0,158
2018-04-23 16:00:00+00:00,0,1,23,6,0,30
2018-04-23 16:30:00+00:00,0,0,41,0,0,41
2018-04-23 17:00:00+00:00,0,0,1,0,0,1
2018-04-23 17:30:00+00:00,0,0,10,0,0,10
2018-04-23 18:00:00+00:00,0,0,0,0,0,0
2018-04-23 18:30:00+00:00,0,0,1,0,0,1
2018-04-23 19:00:00+00:00,0,0,0,0,0,0
2018-04-23 19:30:00+00:00,0,0,2,0,0,2
2018-04-23 20:00:00+00:00,0,0,0,0,0,0
2018-04-23 20:30:00+00:00,0,0,0,0,0,0
2018-04-23 21:00:00+00:00,0,0,0,0,0,0
2018-04-23 21:30:00+00:00,0,0,0,0,450,450
2018-04-23 22:00:00+00:00,0,0,0,0,0,0
2018-04-23 22:30:00+00:00,0,0,0,0,0,0
2018-04-23 23:00:00+00:00,0,0,0,0,0,0
2018-04-23 23:30:00+00:00,0,0,0,0,0,0
2018-04-24 00:00:00+00:00,0,0,0,0,0,0
2018-04-24 00:30:00+00:00,0,0,0,0,0,0
2018-04-24 01:00:00+00:00,0,0,0,0,0,0
2018-04-24 01:30:00+00:00,0,0,0,0,0,0
2018-04-24 02:00:00+00:00,0,0,0,0,0,0
2018-04-24 02:30:00+00:00,0,0,0,0,0,0
2018-04-24 03:00:00+00:00,0,0,0,0,0,0
2018-04-24 03:30:00+00:00,0,7,0,0,0,7
2018-04-24 04:00:00+00:00,0,0,0,0,0,0
2018-04-24 04:30:00+00:00,0,0,0,0,0,0
2018-04-24 05:00:00+00:00,0,0,0,0,0,0
2018-04-24 05:30:00+00:00,0,61,40,0,0,101
2018-04-24 06:00:00+00:00,0,32,12,0,0,44
2018-04-24 06:30:00+00:00,0,58,47,0,0,105
2018-04-24 07:00:00+00:00,0,18,14,1,0,33
2018-04-24 07:30:00+00:00,0,11,17,14,0,42
2018-04-24 08:00:00+00:00,0,36,100,14,0,150
2018-04-24 08:30:00+00:00,0,24,23,9,0,56
2018-04-24 09:00:00+00:00,0,74,11,12,0,97
2018-04-24 09:30:00+00:00,0,53,26,3,0,82
2018-04-24 10:00:00+00:00,0,62,1,6,0,69
2018-04-24 10:30:00+00:00,0,1,16,30,0,47
2018-04-24 11:00:00+00:00,0,24,18,62,0,104
2018-04-24 11:30:00+00:00,0,17,16,36,0,69
2018-04-24 12:00:00+00:00,0,16,8,8,0,32
2018-04-24 12:30:00+00:00,0,12,10,3,0,25
2018-04-24 13:00:00+00:00,0,1,11,4,0,16
2018-04-24 13:30:00+00:00,0,1,2,25,0,28
2018-04-24 14:00:00+00:00,0,2,29,20,0,51
2018-04-24 14:30:00+00:00,0,1,26,6,0,33
2018-04-24 15:00:00+00:00,0,4,1,2,0,7
2018-04-24 15:30:00+00:00,0,0,94,24,0,118
2018-04-24 16:00:00+00:00,0,3,1,0,0,4
2018-04-24 16:30:00+00:00,0,0,16,0,0,16
2018-04-24 17:00:00+00:00,0,0,18,0,0,18
2018-04-24 17:30:00+00:00,0,0,3,0,0,3
2018-04-24 18:00:00+00:00,0,0,0,0,0,0
2018-04-24 18:30:00+00:00,0,0,9,0,0,9
2018-04-24 19:00:00+00:00,0,0,0,0,0,0
2018-04-24 19:30:00+00:00,0,0,0,0,0,0
2018-04-24 20:00:00+00:00,0,0,1,0,0,1
2018-04-24 20:30:00+00:00,0,0,0,0,0,0
2018-04-24 21:00:00+00:00,0,0,0,0,0,0
2018-04-24 21:30:00+00:00,0,0,0,0,526,526
2018-04-24 22:00:00+00:00,0,0,0,0,0,0
2018-04-24 22:30:00+00:00,0,0,0,0,0,0
2018-04-24 23:00:00+00:00,0,0,0,0,0,0
2018-04-24 23:30:00+00:00,0,0,0,0,0,0
2018-04-25 00:00:00+00:00,0,0,0,0,0,0
2018-04-25 00:30:00+00:00,0,0,0,0,0,0
2018-04-25 01:00:00+00:00,0,0,0,0,0,0
2018-04-25 01:30:00+00:00,0,0,0,0,0,0
2018-04-25 02:00:00+00:00,0,0,0,0,0,0
2018-04-25 02:30:00+00:00,0,0,0,0,0,0
2018-04-25 03:00:00+00:00,0,0,0,1,0,1
2018-04-25 03:30:00+00:00,0,10,0,5,0,15
2018-04-25 04:00:00+00:00,0,0,0,0,0,0
2018-04-25 04:30:00+00:00,0,0,0,0,0,0
2018-04-25 05:00:00+00:00,0,3,26,2,0,31
2018-04-25 05:30:00+00:00,0,23,18,17,0,58
2018-04-25 06:00:00+00:00,0,21,4,14,0,39
2018-04-25 06:30:00+00:00,0,92,25,3,0,120
2018-04-25 07:00:00+00:00,0,50,5,2,0,57
2018-04-25 07:30:00+00:00,0,104,7,4,0,115
2018-04-25 08:00:00+00:00,0,2,6,24,0,32
2018-04-25 08:30:00+00:00,0,30,2,29,0,61
2018-04-25 09:00:00+00:00,0,24,64,20,0,108
2018-04-25 09:30:00+00:00,0,27,13,8,0,48
2018-04-25 10:00:00+00:00,0,32,7,6,0,45
2018-04-25 10:30:00+00:00,0,59,4,10,0,73
2018-04-25 11:00:00+00:00,0,7,21,65,0,93
2018-04-25 11:30:00+00:00,0,4,14,55,0,73
2018-04-25 12:00:00+00:00,0,15,17,17,0,49
2018-04-25 12:30:00+00:00,0,15,34,3,0,52
2018-04-25 13:00:00+00:00,0,11,95,6,0,112
2018-04-25 13:30:00+00:00,0,31,7,57,0,95
2018-04-25 14:00:00+00:00,0,12,19,11,0,42
2018-04-25 14:30:00+00:00,0,2,3,19,0,24
2018-04-25 15:00:00+00:00,0,6,3,5,0,14
2018-04-25 15:30:00+00:00,0,0,77,1,0,78
2018-04-25 16:00:00+00:00,0,0,10,0,0,10
2018-04-25 16:30:00+00:00,0,0,3,0,0,3
2018-04-25 17:00:00+00:00,0,0,0,0,0,0
2018-04-25 17:30:00+00:00,0,0,0,0,0,0
2018-04-25 18:00:00+00:00,0,0,0,0,0,0
2018-04-25 18:30:00+00:00,0,0,0,0,0,0
2018-04-25 19:00:00+00:00,0,0,0,0,0,0
2018-04-25 19:30:00+00:00,0,0,1,0,0,1
2018-04-25 20:00:00+00:00,0,0,0,0,0,0
2018-04-25 20:30:00+00:00,0,0,0,0,0,0
2018-04-25 21:00:00+00:00,0,0,0,0,0,0
2018-04-25 21:30:00+00:00,0,0,0,0,291,291
2018-04-25 22:00:00+00:00,0,0,0,0,0,0
2018-04-25 22:30:00+00:00,0,0,0,0,0,0
2018-04-25 23:00:00+00:00,0,0,0,0,0,0
2018-04-25 23:30:00+00:00,0,0,0,0,0,0
2018-04-26 00:00:00+00:00,0,0,0,0,0,0
2018-04-26 00:30:00+00:00,0,0,0,0,0,0
2018-04-26 01:00:00+00:00,0,0,0,0,0,0
2018-04-26 01:30:00+00:00,0,0,0,0,0,0
2018-04-26 02:00:00+00:00,0,0,0,0,0,0
2018-04-26 02:30:00+00:00,0,0,0,2,0,2
2018-04-26 03:00:00+00:00,0,4,0,0,0,4
2018-04-26 03:30:00+00:00,0,0,0,3,0,3
2018-04-26 04:00:00+00:00,0,0,0,0,0,0
2018-04-26 04:30:00+00:00,0,0,0,0,0,0
2018-04-26 05:00:00+00:00,0,0,2,1,0,3
2018-04-26 05:30:00+00:00,0,28,30,0,0,58
2018-04-26 06:00:00+00:00,0,100,9,0,0,109
2018-04-26 06:30:00+00:00,0,12,13,0,0,25
2018-04-26 07:00:00+00:00,0,9,10,0,0,19
2018-04-26 07:30:00+00:00,0,6,45,21,0,72
2018-04-26 08:00:00+00:00,0,27,30,24,0,81
2018-04-26 08:30:00+00:00,0,27,18,23,0,68
2018-04-26 09:00:00+00:00,4117,21,12,10,0,4160
2018-04-26 09:30:00+00:00,3,43,1,1,0,48
2018-04-26 10:00:00+00:00,0,80,15,4,0,99
2018-04-26 10:30:00+00:00,0,13,7,0,0,20
2018-04-26 11:00:00+00:00,0,9,13,6,0,28
2018-04-26 11:30:00+00:00,0,61,27,10,0,98
2018-04-26 12:00:00+00:00,0,7,35,0,0,42
2018-04-26 12:30:00+00:00,0,38,26,2,0,66
2018-04-26 13:00:00+00:00,0,72,3,3,0,78
2018-04-26 13:30:00+00:00,0,4,3,21,0,28
2018-04-26 14:00:00+00:00,0,6,7,17,0,30
2018-04-26 14:30:00+00:00,0,18,13,23,0,54
2018-04-26 15:00:00+00:00,0,11,32,21,0,64
2018-04-26 15:30:00+00:00,0,13,51,20,0,84
2018-04-26 16:00:00+00:00,0,1,4,9,0,14
2018-04-26 16:30:00+00:00,0,2,2,0,0,4
2018-04-26 17:00:00+00:00,0,0,3,0,0,3
2018-04-26 17:30:00+00:00,0,0,1,0,0,1
2018-04-26 18:00:00+00:00,0,0,0,0,0,0
2018-04-26 18:30:00+00:00,0,0,0,0,0,0
2018-04-26 19:00:00+00:00,0,0,0,0,0,0
2018-04-26 19:30:00+00:00,0,0,0,0,0,0
2018-04-26 20:00:00+00:00,0,0,0,0,0,0
2018-04-26 20:30:00+00:00,0,0,0,0,0,0
2018-04-26 21:00:00+00:00,0,0,0,0,0,0
2018-04-26 21:30:00+00:00,0,0,0,0,470,470
2018-04-26 22:00:00+00:00,0,0,0,0,0,0
2018-04-26 22:30:00+00:00,0,0,0,0,0,0
2018-04-26 23:00:00+00:00,0,0,0,0,0,0
2018-04-26 23:30:00+00:00,0,0,0,0,0,0
2018-04-27 00:00:00+00:00,0,0,0,0,0,0
2018-04-27 00:30:00+00:00,0,0,0,0,0,0
2018-04-27 01:00:00+00:00,0,0,0,0,0,0
2018-04-27 01:30:00+00:00,0,0,0,0,0,0
2018-04-27 02:00:00+00:00,0,0,0,0,0,0
2018-04-27 02:30:00+00:00,0,2,0,0,0,2
2018-04-27 03:00:00+00:00,0,0,0,0,0,0
2018-04-27 03:30:00+00:00,0,0,0,0,0,0
2018-04-27 04:00:00+00:00,0,0,0,0,0,0
2018-04-27 04:30:00+00:00,0,0,0,0,0,0
2018-04-27 05:00:00+00:00,0,0,1,0,0,1
2018-04-27 05:30:00+00:00,0,0,8,0,0,8
2018-04-27 06:00:00+00:00,0,0,17,0,0,17
2018-04-27 06:30:00+00:00,0,9,8,0,0,17
2018-04-27 07:00:00+00:00,0,9,20,1,0,30
2018-04-27 07:30:00+00:00,0,4,7,0,0,11
2018-04-27 08:00:00+00:00,0,29,37,6,0,72
2018-04-27 08:30:00+00:00,0,3,4,0,0,7
2018-04-27 09:00:00+00:00,0,7,16,1,0,24
2018-04-27 09:30:00+00:00,0,29,5,6,0,40
2018-04-27 10:00:00+00:00,0,16,5,16,0,37
2018-04-27 10:30:00+00:00,0,15,18,13,0,46
2018-04-27 11:00:00+00:00,0,2,12,18,0,32
2018-04-27 11:30:00+00:00,0,0,7,17,0,24
2018-04-27 12:00:00+00:00,0,1,19,5,0,25
2018-04-27 12:30:00+00:00,0,5,11,6,0,22
2018-04-27 13:00:00+00:00,0,8,4,1,0,13
2018-04-27 13:30:00+00:00,0,0,4,20,0,24
2018-04-27 14:00:00+00:00,0,7,9,53,0,69
2018-04-27 14:30:00+00:00,0,0,0,16,0,16
2018-04-27 15:00:00+00:00,0,0,0,29,0,29
2018-04-27 15:30:00+00:00,0,0,21,19,0,40
2018-04-27 16:00:00+00:00,0,0,2,9,0,11
2018-04-27 16:30:00+00:00,0,0,26,0,0,26
2018-04-27 17:00:00+00:00,0,0,0,0,0,0
2018-04-27 17:30:00+00:00,0,0,9,0,0,9
2018-04-27 18:00:00+00:00,0,0,4,0,0,4
2018-04-27 18:30:00+00:00,0,0,8,0,0,8
2018-04-27 19:00:00+00:00,0,0,0,0,0,0
2018-04-27 19:30:00+00:00,0,0,1,0,0,1
2018-04-27 20:00:00+00:00,0,0,27,0,0,27
2018-04-27 20:30:00+00:00,0,0,1,0,0,1
2018-04-27 21:00:00+00:00,0,0,0,0,0,0
2018-04-27 21:30:00+00:00,0,0,0,0,297,297
2018-04-27 22:00:00+00:00,0,0,0,0,0,0
2018-04-27 22:30:00+00:00,0,0,0,0,0,0
2018-04-27 23:00:00+00:00,0,0,0,0,0,0
2018-04-27 23:30:00+00:00,0,0,0,0,0,0
2018-04-28 00:00:00+00:00,0,0,0,0,0,0
2018-04-28 00:30:00+00:00,0,0,0,0,0,0
2018-04-28 01:00:00+00:00,0,0,0,0,0,0
2018-04-28 01:30:00+00:00,0,0,0,0,0,0
2018-04-28 02:00:00+00:00,0,0,0,0,0,0
2018-04-28 02:30:00+00:00,0,0,0,0,0,0
2018-04-28 03:00:00+00:00,0,0,0,0,0,0
2018-04-28 03:30:00+00:00,0,0,0,0,0,0
2018-04-28 04:00:00+00:00,0,0,0,0,0,0
2018-04-28 04:30:00+00:00,0,0,0,0,0,0
2018-04-28 05:00:00+00:00,0,0,0,0,0,0
2018-04-28 05:30:00+00:00,0,0,0,0,0,0
2018-04-28 06:00:00+00:00,0,0,1,0,0,1
2018-04-28 06:30:00+00:00,0,0,0,0,0,0
2018-04-28 07:00:00+00:00,0,0,0,0,0,0
2018-04-28 07:30:00+00:00,0,0,0,0,0,0
2018-04-28 08:00:00+00:00,0,0,0,0,0,0
2018-04-28 08:30:00+00:00,0,0,0,0,0,0
2018-04-28 09:00:00+00:00,0,0,0,0,0,0
2018-04-28 09:30:00+00:00,0,0,0,0,0,0
2018-04-28 10:00:00+00:00,0,0,0,0,0,0
2018-04-28 10:30:00+00:00,0,0,0,0,0,0
2018-04-28 11:00:00+00:00,0,0,0,0,0,0
2018-04-28 11:30:00+00:00,0,0,0,0,0,0
2018-04-28 12:00:00+00:00,0,0,0,0,0,0
2018-04-28 12:30:00+00:00,0,0,0,0,0,0
2018-04-28 13:00:00+00:00,0,0,0,0,0,0
2018-04-28 13:30:00+00:00,0,0,0,0,0,0
2018-04-28 14:00:00+00:00,0,0,0,0,0,0
2018-04-28 14:30:00+00:00,0,0,0,0,0,0
2018-04-28 15:00:00+00:00,0,0,0,0,0,0
2018-04-28 15:30:00+00:00,0,0,0,0,0,0
2018-04-28 16:00:00+00:00,0,0,0,0,0,0
2018-04-28 16:30:00+00:00,0,0,0,0,0,0
2018-04-28 17:00:00+00:00,0,0,0,0,0,0
2018-04-28 17:30:00+00:00,0,0,0,0,0,0
2018-04-28 18:00:00+00:00,0,0,0,0,0,0
2018-04-28 18:30:00+00:00,0,0,0,0,0,0
2018-04-28 19:00:00+00:00,0,0,0,0,0,0
2018-04-28 19:30:00+00:00,0,0,0,0,0,0
2018-04-28 20:00:00+00:00,0,0,0,0,0,0
2018-04-28 20:30:00+00:00,0,0,0,0,0,0
2018-04-28 21:00:00+00:00,0,0,0,0,0,0
2018-04-28 21:30:00+00:00,0,0,0,0,11,11
2018-04-28 22:00:00+00:00,0,0,0,0,0,0
2018-04-28 22:30:00+00:00,0,0,0,0,0,0
2018-04-28 23:00:00+00:00,0,0,0,0,0,0
2018-04-28 23:30:00+00:00,0,0,0,0,0,0
2018-04-29 00:00:00+00:00,0,0,0,0,0,0
2018-04-29 00:30:00+00:00,0,0,0,0,0,0
2018-04-29 01:00:00+00:00,0,0,0,0,0,0
2018-04-29 01:30:00+00:00,0,0,0,0,0,0
2018-04-29 02:00:00+00:00,0,0,0,0,0,0
2018-04-29 02:30:00+00:00,0,0,0,0,0,0
2018-04-29 03:00:00+00:00,0,0,0,0,0,0
2018-04-29 03:30:00+00:00,0,0,0,0,0,0
2018-04-29 04:00:00+00:00,0,0,0,0,0,0
2018-04-29 04:30:00+00:00,0,0,0,0,0,0
2018-04-29 05:00:00+00:00,0,0,0,0,0,0
2018-04-29 05:30:00+00:00,0,0,0,0,0,0
2018-04-29 06:00:00+00:00,0,0,0,0,0,0
2018-04-29 06:30:00+00:00,0,0,0,0,0,0
2018-04-29 07:00:00+00:00,0,0,0,0,0,0
2018-04-29 07:30:00+00:00,0,0,0,0,0,0
2018-04-29 08:00:00+00:00,0,0,0,0,0,0
2018-04-29 08:30:00+00:00,0,0,0,0,0,0
2018-04-29 09:00:00+00:00,0,0,0,0,0,0
2018-04-29 09:30:00+00:00,0,0,0,0,0,0
2018-04-29 10:00:00+00:00,0,0,0,0,0,0
2018-04-29 10:30:00+00:00,0,0,0,0,0,0
2018-04-29 11:00:00+00:00,0,0,0,0,0,0
2018-04-29 11:30:00+00:00,0,0,0,0,0,0
2018-04-29 12:00:00+00:00,0,0,0,0,0,0
2018-04-29 12:30:00+00:00,0,0,0,0,0,0
2018-04-29 13:00:00+00:00,0,0,0,0,0,0
2018-04-29 13:30:00+00:00,0,0,0,0,0,0
2018-04-29 14:00:00+00:00,0,0,0,0,0,0
2018-04-29 14:30:00+00:00,0,0,0,0,0,0
2018-04-29 15:00:00+00:00,0,0,0,0,0,0
2018-04-29 15:30:00+00:00,0,0,0,0,0,0
2018-04-29 16:00:00+00:00,0,0,0,0,0,0
2018-04-29 16:30:00+00:00,0,0,0,0,0,0
2018-04-29 17:00:00+00:00,0,0,0,0,0,0
2018-04-29 17:30:00+00:00,0,0,0,0,0,0
2018-04-29 18:00:00+00:00,0,0,0,0,0,0
2018-04-29 18:30:00+00:00,0,0,0,0,0,0
2018-04-29 19:00:00+00:00,0,0,0,0,0,0
2018-04-29 19:30:00+00:00,0,0,0,0,0,0
2018-04-29 20:00:00+00:00,0,0,0,0,0,0
2018-04-29 20:30:00+00:00,0,0,0,0,0,0
2018-04-29 21:00:00+00:00,0,0,0,0,0,0
2018-04-29 21:30:00+00:00,0,0,0,0,1,1
2018-04-29 22:00:00+00:00,0,0,10,0,0,10
2018-04-29 22:30:00+00:00,0,0,0,0,0,0
2018-04-29 23:00:00+00:00,0,0,0,0,0,0
2018-04-29 23:30:00+00:00,0,0,0,0,0,0
2018-04-30 00:00:00+00:00,0,0,0,0,0,0
2018-04-30 00:30:00+00:00,0,0,0,0,0,0
2018-04-30 01:00:00+00:00,0,0,0,0,0,0
2018-04-30 01:30:00+00:00,0,0,0,0,0,0
2018-04-30 02:00:00+00:00,0,0,0,0,0,0
2018-04-30 02:30:00+00:00,0,0,0,0,0,0
2018-04-30 03:00:00+00:00,0,8,0,0,0,8
2018-04-30 03:30:00+00:00,0,0,0,0,0,0
2018-04-30 04:00:00+00:00,0,0,0,0,0,0
2018-04-30 04:30:00+00:00,0,0,0,0,0,0
2018-04-30 05:00:00+00:00,0,0,0,2,0,2
2018-04-30 05:30:00+00:00,0,19,8,2,0,29
2018-04-30 06:00:00+00:00,0,33,142,0,0,175
2018-04-30 06:30:00+00:00,0,114,6,0,0,120
2018-04-30 07:00:00+00:00,0,5,3,2,0,10
2018-04-30 07:30:00+00:00,0,5,32,32,0,69
2018-04-30 08:00:00+00:00,0,37,8,17,0,62
2018-04-30 08:30:00+00:00,0,35,21,59,0,115
2018-04-30 09:00:00+00:00,0,14,13,78,0,105
2018-04-30 09:30:00+00:00,0,18,13,6,0,37
2018-04-30 10:00:00+00:00,0,7,5,88,0,100
2018-04-30 10:30:00+00:00,0,17,11,7,0,35
2018-04-30 11:00:00+00:00,0,8,8,68,0,84
2018-04-30 11:30:00+00:00,0,13,19,15,0,47
2018-04-30 12:00:00+00:00,0,12,5,23,0,40
2018-04-30 12:30:00+00:00,0,18,6,9,0,33
2018-04-30 13:00:00+00:00,0,2,2,14,0,18
2018-04-30 13:30:00+00:00,0,17,8,12,0,37
2018-04-30 14:00:00+00:00,0,6,6,70,0,82
2018-04-30 14:30:00+00:00,0,1,0,17,0,18
2018-04-30 15:00:00+00:00,0,12,1,30,0,43
2018-04-30 15:30:00+00:00,0,0,19,40,0,59
2018-04-30 16:00:00+00:00,0,2,0,12,0,14
2018-04-30 16:30:00+00:00,0,0,0,0,0,0
2018-04-30 17:00:00+00:00,0,0,0,0,0,0
2018-04-30 17:30:00+00:00,0,0,6,0,0,6
2018-04-30 18:00:00+00:00,0,0,0,0,0,0
2018-04-30 18:30:00+00:00,0,0,0,0,0,0
2018-04-30 19:00:00+00:00,0,0,0,0,0,0
2018-04-30 19:30:00+00:00,0,0,0,0,0,0
2018-04-30 20:00:00+00:00,0,0,0,0,0,0
2018-04-30 20:30:00+00:00,0,0,0,0,0,0
2018-04-30 21:00:00+00:00,0,0,0,0,0,0
2018-04-30 21:30:00+00:00,0,0,0,0,572,572
2018-04-30 22:00:00+00:00,0,0,0,0,0,0
2018-04-30 22:30:00+00:00,0,0,0,0,0,0
2018-04-30 23:00:00+00:00,0,0,0,0,0,0
2018-04-30 23:30:00+00:00,0,0,0,0,0,0
2018-05-01 00:00:00+00:00,0,0,0,0,0,0
2018-05-01 00:30:00+00:00,0,0,0,0,0,0
2018-05-01 01:00:00+00:00,0,0,0,0,0,0
2018-05-01 01:30:00+00:00,0,0,0,0,0,0
2018-05-01 02:00:00+00:00,0,0,0,0,0,0
2018-05-01 02:30:00+00:00,0,0,0,0,0,0
2018-05-01 03:00:00+00:00,0,0,0,0,0,0
2018-05-01 03:30:00+00:00,0,6,0,0,0,6
2018-05-01 04:00:00+00:00,0,0,0,0,0,0
2018-05-01 04:30:00+00:00,0,0,0,0,0,0
2018-05-01 05:00:00+00:00,0,4,9,0,0,13
2018-05-01 05:30:00+00:00,0,191,38,11,0,240
2018-05-01 06:00:00+00:00,0,6,0,23,0,29
2018-05-01 06:30:00+00:00,0,0,3,9,0,12
2018-05-01 07:00:00+00:00,0,2,0,3,0,5
2018-05-01 07:30:00+00:00,0,2,3,8,0,13
2018-05-01 08:00:00+00:00,0,0,4,4,0,8
2018-05-01 08:30:00+00:00,0,10,12,2,0,24
2018-05-01 09:00:00+00:00,0,28,5,0,0,33
2018-05-01 09:30:00+00:00,0,2,27,1,0,30
2018-05-01 10:00:00+00:00,0,0,15,3,0,18
2018-05-01 10:30:00+00:00,0,0,0,24,0,24
2018-05-01 11:00:00+00:00,0,9,30,18,0,57
2018-05-01 11:30:00+00:00,0,16,3,7,0,26
2018-05-01 12:00:00+00:00,0,4,7,19,0,30
2018-05-01 12:30:00+00:00,0,6,3,19,0,28
2018-05-01 13:00:00+00:00,0,2,0,43,0,45
2018-05-01 13:30:00+00:00,0,3,0,22,0,25
2018-05-01 14:00:00+00:00,0,1,0,19,0,20
2018-05-01 14:30:00+00:00,0,13,1,2,0,16
2018-05-01 15:00:00+00:00,0,19,0,1,0,20
2018-05-01 15:30:00+00:00,0,0,73,2,0,75
2018-05-01 16:00:00+00:00,0,0,0,7,0,7
2018-05-01 16:30:00+00:00,0,0,0,0,0,0
2018-05-01 17:00:00+00:00,0,0,0,0,0,0
2018-05-01 17:30:00+00:00,0,0,1,0,0,1
2018-05-01 18:00:00+00:00,0,0,0,0,0,0
2018-05-01 18:30:00+00:00,0,0,0,0,0,0
2018-05-01 19:00:00+00:00,0,0,0,0,0,0
2018-05-01 19:30:00+00:00,0,0,0,0,0,0
2018-05-01 20:00:00+00:00,0,0,0,0,0,0
2018-05-01 20:30:00+00:00,0,2,0,0,0,2
2018-05-01 21:00:00+00:00,0,0,0,0,0,0
2018-05-01 21:30:00+00:00,0,0,0,0,72,72
2018-05-01 22:00:00+00:00,0,0,0,0,0,0
2018-05-01 22:30:00+00:00,0,0,0,0,0,0
2018-05-01 23:00:00+00:00,0,0,0,0,0,0
2018-05-01 23:30:00+00:00,0,0,0,0,0,0
2018-05-02 00:00:00+00:00,0,0,0,0,0,0
2018-05-02 00:30:00+00:00,0,0,0,0,0,0
2018-05-02 01:00:00+00:00,0,0,0,0,0,0
2018-05-02 01:30:00+00:00,0,0,0,0,0,0
2018-05-02 02:00:00+00:00,0,0,0,0,0,0
2018-05-02 02:30:00+00:00,0,0,0,0,0,0
2018-05-02 03:00:00+00:00,0,12,0,0,0,12
2018-05-02 03:30:00+00:00,0,0,0,0,0,0
2018-05-02 04:00:00+00:00,0,0,1,0,0,1
2018-05-02 04:30:00+00:00,0,0,1,0,0,1
2018-05-02 05:00:00+00:00,0,0,15,0,0,15
2018-05-02 05:30:00+00:00,0,73,13,0,0,86
2018-05-02 06:00:00+00:00,0,35,14,0,0,49
2018-05-02 06:30:00+00:00,0,90,2,0,0,92
2018-05-02 07:00:00+00:00,0,22,6,0,0,28
2018-05-02 07:30:00+00:00,0,12,23,19,0,54
2018-05-02 08:00:00+00:00,0,2,24,19,0,45
2018-05-02 08:30:00+00:00,0,41,8,27,0,76
2018-05-02 09:00:00+00:00,0,9,11,5,0,25
2018-05-02 09:30:00+00:00,0,8,11,69,0,88
2018-05-02 10:00:00+00:00,0,23,6,119,0,148
2018-05-02 10:30:00+00:00,0,2,5,0,0,7
2018-05-02 11:00:00+00:00,0,44,10,33,0,87
2018-05-02 11:30:00+00:00,0,14,7,1,0,22
2018-05-02 12:00:00+00:00,0,17,16,8,0,41
2018-05-02 12:30:00+00:00,0,47,16,0,0,63
2018-05-02 13:00:00+00:00,0,26,22,8,0,56
2018-05-02 13:30:00+00:00,0,4,64,7,0,75
2018-05-02 14:00:00+00:00,0,2,20,10,0,32
2018-05-02 14:30:00+00:00,0,2,32,2,0,36
2018-05-02 15:00:00+00:00,0,26,20,21,0,67
2018-05-02 15:30:00+00:00,0,1,74,6,0,81
2018-05-02 16:00:00+00:00,0,1,21,1,0,23
2018-05-02 16:30:00+00:00,0,0,0,0,0,0
2018-05-02 17:00:00+00:00,0,2,1,0,0,3
2018-05-02 17:30:00+00:00,0,0,0,0,0,0
2018-05-02 18:00:00+00:00,0,0,1,0,0,1
2018-05-02 18:30:00+00:00,0,0,0,0,0,0
2018-05-02 19:00:00+00:00,0,0,0,0,0,0
2018-05-02 19:30:00+00:00,0,0,0,0,0,0
2018-05-02 20:00:00+00:00,0,0,0,0,0,0
2018-05-02 20:30:00+00:00,0,0,0,0,0,0
2018-05-02 21:00:00+00:00,0,0,0,0,0,0
2018-05-02 21:30:00+00:00,0,0,0,0,537,537
2018-05-02 22:00:00+00:00,0,0,0,0,0,0
2018-05-02 22:30:00+00:00,0,0,0,0,0,0
2018-05-02 23:00:00+00:00,0,0,0,0,0,0
2018-05-02 23:30:00+00:00,0,0,0,0,0,0
2018-05-03 00:00:00+00:00,0,0,0,0,0,0
2018-05-03 00:30:00+00:00,0,0,0,0,0,0
2018-05-03 01:00:00+00:00,0,0,0,0,0,0
2018-05-03 01:30:00+00:00,0,1,0,0,0,1
2018-05-03 02:00:00+00:00,0,19,0,0,0,19
2018-05-03 02:30:00+00:00,0,9,2,0,0,11
2018-05-03 03:00:00+00:00,0,0,0,0,0,0
2018-05-03 03:30:00+00:00,0,0,0,0,0,0
2018-05-03 04:00:00+00:00,0,0,0,0,0,0
2018-05-03 04:30:00+00:00,0,0,0,0,0,0
2018-05-03 05:00:00+00:00,0,15,2,0,0,17
2018-05-03 05:30:00+00:00,0,16,37,3,0,56
2018-05-03 06:00:00+00:00,0,0,14,3,0,17
2018-05-03 06:30:00+00:00,0,98,11,2,0,111
2018-05-03 07:00:00+00:00,0,37,23,0,0,60
2018-05-03 07:30:00+00:00,0,41,23,0,0,64
2018-05-03 08:00:00+00:00,0,31,10,2,0,43
2018-05-03 08:30:00+00:00,0,73,13,14,0,100
2018-05-03 09:00:00+00:00,0,27,34,4,0,65
2018-05-03 09:30:00+00:00,0,9,36,19,0,64
2018-05-03 10:00:00+00:00,0,5,2,6,0,13
2018-05-03 10:30:00+00:00,0,1,8,26,0,35
2018-05-03 11:00:00+00:00,0,31,28,3,0,62
2018-05-03 11:30:00+00:00,0,1,6,13,0,20
2018-05-03 12:00:00+00:00,0,8,7,33,0,48
2018-05-03 12:30:00+00:00,85,25,15,19,0,144
2018-05-03 13:00:00+00:00,0,7,7,27,0,41
2018-05-03 13:30:00+00:00,0,0,23,9,0,32
2018-05-03 14:00:00+00:00,0,7,22,20,0,49
2018-05-03 14:30:00+00:00,0,9,27,3,0,39
2018-05-03 15:00:00+00:00,0,1,1,2,0,4
2018-05-03 15:30:00+00:00,0,1,143,18,0,162
2018-05-03 16:00:00+00:00,0,0,1,4,0,5
2018-05-03 16:30:00+00:00,0,0,49,0,0,49
2018-05-03 17:00:00+00:00,0,0,2,0,0,2
2018-05-03 17:30:00+00:00,0,0,0,0,0,0
2018-05-03 18:00:00+00:00,0,0,0,0,0,0
2018-05-03 18:30:00+00:00,0,0,0,0,0,0
2018-05-03 19:00:00+00:00,0,0,0,0,0,0
2018-05-03 19:30:00+00:00,0,0,0,0,0,0
2018-05-03 20:00:00+00:00,0,0,0,0,0,0
2018-05-03 20:30:00+00:00,0,0,0,0,0,0
2018-05-03 21:00:00+00:00,0,0,0,0,0,0
2018-05-03 21:30:00+00:00,0,0,0,0,379,379
2018-05-03 22:00:00+00:00,0,0,0,0,0,0
2018-05-03 22:30:00+00:00,0,0,0,0,0,0
2018-05-03 23:00:00+00:00,0,0,0,0,0,0
2018-05-03 23:30:00+00:00,0,0,0,0,0,0
2018-05-04 00:00:00+00:00,0,0,0,0,0,0
2018-05-04 00:30:00+00:00,0,0,0,0,0,0
2018-05-04 01:00:00+00:00,0,0,0,0,0,0
2018-05-04 01:30:00+00:00,0,0,0,0,0,0
2018-05-04 02:00:00+00:00,0,0,0,0,0,0
2018-05-04 02:30:00+00:00,0,0,0,0,0,0
2018-05-04 03:00:00+00:00,0,0,0,0,0,0
2018-05-04 03:30:00+00:00,0,0,0,0,0,0
2018-05-04 04:00:00+00:00,0,0,0,1,0,1
2018-05-04 04:30:00+00:00,0,0,8,0,0,8
2018-05-04 05:00:00+00:00,0,4,2,0,0,6
2018-05-04 05:30:00+00:00,0,1,9,0,0,10
2018-05-04 06:00:00+00:00,0,78,12,1,0,91
2018-05-04 06:30:00+00:00,0,73,2,8,0,83
2018-05-04 07:00:00+00:00,0,7,14,0,0,21
2018-05-04 07:30:00+00:00,0,5,11,8,0,24
2018-05-04 08:00:00+00:00,41,9,13,2,0,65
2018-05-04 08:30:00+00:00,0,56,15,40,0,111
2018-05-04 09:00:00+00:00,0,11,20,18,0,49
2018-05-04 09:30:00+00:00,0,35,16,1,0,52
2018-05-04 10:00:00+00:00,0,1,50,7,0,58
2018-05-04 10:30:00+00:00,0,29,1,18,0,48
2018-05-04 11:00:00+00:00,0,1,38,6,0,45
2018-05-04 11:30:00+00:00,0,22,27,20,0,69
2018-05-04 12:00:00+00:00,0,1,56,1,0,58
2018-05-04 12:30:00+00:00,0,8,11,4,0,23
2018-05-04 13:00:00+00:00,0,1,1,20,0,22
2018-05-04 13:30:00+00:00,0,5,1,8,0,14
2018-05-04 14:00:00+00:00,0,21,0,3,0,24
2018-05-04 14:30:00+00:00,0,2,11,79,0,92
2018-05-04 15:00:00+00:00,0,0,3,3,0,6
2018-05-04 15:30:00+00:00,0,0,191,52,0,243
2018-05-04 16:00:00+00:00,0,0,6,0,0,6
2018-05-04 16:30:00+00:00,0,0,0,0,0,0
2018-05-04 17:00:00+00:00,0,0,0,0,0,0
2018-05-04 17:30:00+00:00,0,0,0,0,0,0
2018-05-04 18:00:00+00:00,0,0,15,0,0,15
2018-05-04 18:30:00+00:00,0,0,0,0,0,0
2018-05-04 19:00:00+00:00,0,0,0,0,0,0
2018-05-04 19:30:00+00:00,0,0,0,0,0,0
2018-05-04 20:00:00+00:00,0,0,0,0,0,0
2018-05-04 20:30:00+00:00,0,0,0,0,0,0
2018-05-04 21:00:00+00:00,0,0,0,0,0,0
2018-05-04 21:30:00+00:00,0,0,0,0,396,396
2018-05-04 22:00:00+00:00,0,0,0,0,0,0
2018-05-04 22:30:00+00:00,0,0,0,0,0,0
2018-05-04 23:00:00+00:00,0,0,0,0,0,0
2018-05-04 23:30:00+00:00,0,0,0,0,0,0
2018-05-05 00:00:00+00:00,0,0,0,0,0,0
2018-05-05 00:30:00+00:00,0,0,0,0,0,0
2018-05-05 01:00:00+00:00,0,0,0,0,0,0
2018-05-05 01:30:00+00:00,0,0,0,0,0,0
2018-05-05 02:00:00+00:00,0,0,0,0,0,0
2018-05-05 02:30:00+00:00,0,0,0,0,0,0
2018-05-05 03:00:00+00:00,0,0,0,0,0,0
2018-05-05 03:30:00+00:00,0,0,0,0,0,0
2018-05-05 04:00:00+00:00,0,0,0,0,0,0
2018-05-05 04:30:00+00:00,0,0,0,0,0,0
2018-05-05 05:00:00+00:00,0,0,0,0,0,0
2018-05-05 05:30:00+00:00,0,0,0,0,0,0
2018-05-05 06:00:00+00:00,0,0,0,0,0,0
2018-05-05 06:30:00+00:00,0,0,0,0,0,0
2018-05-05 07:00:00+00:00,0,0,0,0,0,0
2018-05-05 07:30:00+00:00,0,0,0,0,0,0
2018-05-05 08:00:00+00:00,0,0,0,0,0,0
2018-05-05 08:30:00+00:00,0,0,0,0,0,0
2018-05-05 09:00:00+00:00,0,0,12,0,0,12
2018-05-05 09:30:00+00:00,0,0,0,0,0,0
2018-05-05 10:00:00+00:00,0,0,0,0,0,0
2018-05-05 10:30:00+00:00,0,0,0,0,0,0
2018-05-05 11:00:00+00:00,0,0,0,0,0,0
2018-05-05 11:30:00+00:00,0,0,0,0,0,0
2018-05-05 12:00:00+00:00,0,0,0,0,0,0
2018-05-05 12:30:00+00:00,0,0,0,0,0,0
2018-05-05 13:00:00+00:00,0,0,0,0,0,0
2018-05-05 13:30:00+00:00,0,0,0,0,0,0
2018-05-05 14:00:00+00:00,0,0,0,0,0,0
2018-05-05 14:30:00+00:00,0,0,0,0,0,0
2018-05-05 15:00:00+00:00,0,0,0,0,0,0
2018-05-05 15:30:00+00:00,0,0,0,0,0,0
2018-05-05 16:00:00+00:00,0,0,0,0,0,0
2018-05-05 16:30:00+00:00,0,0,0,0,0,0
2018-05-05 17:00:00+00:00,0,0,0,0,0,0
2018-05-05 17:30:00+00:00,0,0,0,0,0,0
2018-05-05 18:00:00+00:00,0,0,0,0,0,0
2018-05-05 18:30:00+00:00,0,0,0,0,0,0
2018-05-05 19:00:00+00:00,0,0,0,0,0,0
2018-05-05 19:30:00+00:00,0,0,0,0,0,0
2018-05-05 20:00:00+00:00,0,0,0,0,0,0
2018-05-05 20:30:00+00:00,0,0,0,0,0,0
2018-05-05 21:00:00+00:00,0,0,0,0,0,0
2018-05-05 21:30:00+00:00,0,0,0,0,25,25
2018-05-05 22:00:00+00:00,0,0,0,0,0,0
2018-05-05 22:30:00+00:00,0,0,0,0,0,0
2018-05-05 23:00:00+00:00,0,0,0,0,0,0
2018-05-05 23:30:00+00:00,0,0,0,0,0,0
2018-05-06 00:00:00+00:00,0,0,0,0,0,0
2018-05-06 00:30:00+00:00,0,0,0,0,0,0
2018-05-06 01:00:00+00:00,0,0,0,0,0,0
2018-05-06 01:30:00+00:00,0,0,0,0,0,0
2018-05-06 02:00:00+00:00,0,0,0,0,0,0
2018-05-06 02:30:00+00:00,0,0,0,0,0,0
2018-05-06 03:00:00+00:00,0,0,0,0,0,0
2018-05-06 03:30:00+00:00,0,0,0,0,0,0
2018-05-06 04:00:00+00:00,0,0,0,0,0,0
2018-05-06 04:30:00+00:00,0,0,0,0,0,0
2018-05-06 05:00:00+00:00,0,0,0,0,0,0
2018-05-06 05:30:00+00:00,0,0,0,0,0,0
2018-05-06 06:00:00+00:00,0,0,0,0,0,0
2018-05-06 06:30:00+00:00,0,0,0,0,0,0
2018-05-06 07:00:00+00:00,0,0,0,0,0,0
2018-05-06 07:30:00+00:00,0,0,0,0,0,0
2018-05-06 08:00:00+00:00,0,0,0,0,0,0
2018-05-06 08:30:00+00:00,0,0,0,0,0,0
2018-05-06 09:00:00+00:00,0,0,0,0,0,0
2018-05-06 09:30:00+00:00,0,0,0,0,0,0
2018-05-06 10:00:00+00:00,0,0,0,0,0,0
2018-05-06 10:30:00+00:00,0,0,0,0,0,0
2018-05-06 11:00:00+00:00,0,0,0,0,0,0
2018-05-06 11:30:00+00:00,0,0,0,0,0,0
2018-05-06 12:00:00+00:00,0,0,0,0,0,0
2018-05-06 12:30:00+00:00,0,0,0,0,0,0
2018-05-06 13:00:00+00:00,0,0,0,0,0,0
2018-05-06 13:30:00+00:00,0,0,0,0,0,0
2018-05-06 14:00:00+00:00,0,0,0,0,0,0
2018-05-06 14:30:00+00:00,0,0,0,0,0,0
2018-05-06 15:00:00+00:00,0,0,0,0,0,0
2018-05-06 15:30:00+00:00,0,0,0,0,0,0
2018-05-06 16:00:00+00:00,0,0,0,0,0,0
2018-05-06 16:30:00+00:00,0,0,0,0,0,0
2018-05-06 17:00:00+00:00,0,0,0,0,0,0
2018-05-06 17:30:00+00:00,0,0,0,0,0,0
2018-05-06 18:00:00+00:00,0,0,0,0,0,0
2018-05-06 18:30:00+00:00,0,0,0,0,0,0
2018-05-06 19:00:00+00:00,0,0,0,0,0,0
2018-05-06 19:30:00+00:00,0,0,0,0,0,0
2018-05-06 20:00:00+00:00,0,0,0,0,0,0
2018-05-06 20:30:00+00:00,0,0,0,0,0,0
2018-05-06 21:00:00+00:00,0,0,0,0,0,0
2018-05-06 21:30:00+00:00,0,0,0,0,5,5
2018-05-06 22:00:00+00:00,0,0,0,0,0,0
2018-05-06 22:30:00+00:00,0,0,0,0,0,0
2018-05-06 23:00:00+00:00,0,0,0,0,0,0
2018-05-06 23:30:00+00:00,0,0,0,0,0,0
2018-05-07 00:00:00+00:00,0,0,0,0,0,0
2018-05-07 00:30:00+00:00,0,0,0,0,0,0
2018-05-07 01:00:00+00:00,0,0,0,0,0,0
2018-05-07 01:30:00+00:00,0,0,0,0,0,0
2018-05-07 02:00:00+00:00,0,0,0,0,0,0
2018-05-07 02:30:00+00:00,0,0,0,0,0,0
2018-05-07 03:00:00+00:00,0,0,0,0,0,0
2018-05-07 03:30:00+00:00,0,0,0,0,0,0
2018-05-07 04:00:00+00:00,0,4,0,0,0,4
2018-05-07 04:30:00+00:00,0,0,0,0,0,0
2018-05-07 05:00:00+00:00,0,0,72,0,0,72
2018-05-07 05:30:00+00:00,0,16,13,0,0,29
2018-05-07 06:00:00+00:00,0,95,9,0,0,104
2018-05-07 06:30:00+00:00,0,92,4,0,0,96
2018-05-07 07:00:00+00:00,0,4,8,8,0,20
2018-05-07 07:30:00+00:00,0,34,28,0,0,62
2018-05-07 08:00:00+00:00,0,11,26,11,0,48
2018-05-07 08:30:00+00:00,0,3,16,5,0,24
2018-05-07 09:00:00+00:00,0,18,50,3,0,71
2018-05-07 09:30:00+00:00,0,29,7,36,0,72
2018-05-07 10:00:00+00:00,0,4,18,43,0,65
2018-05-07 10:30:00+00:00,0,6,38,8,0,52
2018-05-07 11:00:00+00:00,0,14,58,12,0,84
2018-05-07 11:30:00+00:00,0,2,45,6,0,53
2018-05-07 12:00:00+00:00,0,2,21,12,0,35
2018-05-07 12:30:00+00:00,0,0,18,26,0,44
2018-05-07 13:00:00+00:00,0,50,6,0,0,56
2018-05-07 13:30:00+00:00,0,21,21,8,0,50
2018-05-07 14:00:00+00:00,0,1,0,20,0,21
2018-05-07 14:30:00+00:00,0,6,4,11,0,21
2018-05-07 15:00:00+00:00,0,8,4,21,0,33
2018-05-07 15:30:00+00:00,0,0,52,3,0,55
2018-05-07 16:00:00+00:00,0,0,0,1,0,1
2018-05-07 16:30:00+00:00,0,0,0,0,0,0
2018-05-07 17:00:00+00:00,0,0,2,0,0,2
2018-05-07 17:30:00+00:00,0,0,0,0,0,0
2018-05-07 18:00:00+00:00,0,0,0,0,0,0
2018-05-07 18:30:00+00:00,0,0,1,0,0,1
2018-05-07 19:00:00+00:00,0,0,18,0,0,18
2018-05-07 19:30:00+00:00,0,0,3,0,0,3
2018-05-07 20:00:00+00:00,0,0,1,0,0,1
2018-05-07 20:30:00+00:00,0,0,0,0,0,0
2018-05-07 21:00:00+00:00,0,0,0,0,0,0
2018-05-07 21:30:00+00:00,0,0,0,0,477,477
2018-05-07 22:00:00+00:00,0,0,0,0,0,0
2018-05-07 22:30:00+00:00,0,0,0,0,0,0
2018-05-07 23:00:00+00:00,0,0,0,0,0,0
2018-05-07 23:30:00+00:00,0,0,0,0,0,0
2018-05-08 00:00:00+00:00,0,0,0,0,0,0
2018-05-08 00:30:00+00:00,0,0,0,0,0,0
2018-05-08 01:00:00+00:00,0,0,0,0,0,0
2018-05-08 01:30:00+00:00,0,0,0,0,0,0
2018-05-08 02:00:00+00:00,0,0,0,0,0,0
2018-05-08 02:30:00+00:00,0,0,0,0,0,0
2018-05-08 03:00:00+00:00,0,0,1,0,0,1
2018-05-08 03:30:00+00:00,0,0,2,1,0,3
2018-05-08 04:00:00+00:00,0,0,0,7,0,7
2018-05-08 04:30:00+00:00,0,4,0,2,0,6
2018-05-08 05:00:00+00:00,0,10,0,7,0,17
2018-05-08 05:30:00+00:00,0,1,43,8,0,52
2018-05-08 06:00:00+00:00,0,44,10,11,0,65
2018-05-08 06:30:00+00:00,0,175,17,0,0,192
2018-05-08 07:00:00+00:00,0,10,18,0,0,28
2018-05-08 07:30:00+00:00,0,18,6,26,0,50
2018-05-08 08:00:00+00:00,0,12,61,63,0,136
2018-05-08 08:30:00+00:00,0,117,11,1,0,129
2018-05-08 09:00:00+00:00,0,73,38,1,0,112
2018-05-08 09:30:00+00:00,0,50,16,2,0,68
2018-05-08 10:00:00+00:00,0,18,19,3,0,40
2018-05-08 10:30:00+00:00,0,1,7,42,0,50
2018-05-08 11:00:00+00:00,0,15,8,6,0,29
2018-05-08 11:30:00+00:00,0,17,62,8,0,87
2018-05-08 12:00:00+00:00,0,21,38,0,0,59
2018-05-08 12:30:00+00:00,0,8,19,27,0,54
2018-05-08 13:00:00+00:00,0,28,2,8,0,38
2018-05-08 13:30:00+00:00,0,0,3,26,0,29
2018-05-08 14:00:00+00:00,0,8,2,42,0,52
2018-05-08 14:30:00+00:00,0,53,13,24,0,90
2018-05-08 15:00:00+00:00,0,0,9,6,0,15
2018-05-08 15:30:00+00:00,0,0,65,4,0,69
2018-05-08 16:00:00+00:00,0,9,1,2,0,12
2018-05-08 16:30:00+00:00,0,3,24,0,0,27
2018-05-08 17:00:00+00:00,0,0,0,0,0,0
2018-05-08 17:30:00+00:00,0,0,1,0,0,1
2018-05-08 18:00:00+00:00,0,0,11,0,0,11
2018-05-08 18:30:00+00:00,0,0,4,0,0,4
2018-05-08 19:00:00+00:00,0,13,0,0,0,13
2018-05-08 19:30:00+00:00,0,0,0,0,0,0
2018-05-08 20:00:00+00:00,0,0,1,0,0,1
2018-05-08 20:30:00+00:00,0,0,0,0,0,0
2018-05-08 21:00:00+00:00,0,0,0,0,0,0
2018-05-08 21:30:00+00:00,0,0,0,0,344,344
2018-05-08 22:00:00+00:00,0,0,0,0,0,0
2018-05-08 22:30:00+00:00,0,0,0,0,0,0
2018-05-08 23:00:00+00:00,0,0,0,0,0,0
2018-05-08 23:30:00+00:00,0,0,0,0,0,0
2018-05-09 00:00:00+00:00,0,0,0,0,0,0
2018-05-09 00:30:00+00:00,0,0,0,0,0,0
2018-05-09 01:00:00+00:00,0,0,0,0,0,0
2018-05-09 01:30:00+00:00,0,0,0,0,0,0
2018-05-09 02:00:00+00:00,0,0,0,0,0,0
2018-05-09 02:30:00+00:00,0,0,0,0,0,0
2018-05-09 03:00:00+00:00,0,0,0,0,0,0
2018-05-09 03:30:00+00:00,0,0,0,0,0,0
2018-05-09 04:00:00+00:00,0,0,1,0,0,1
2018-05-09 04:30:00+00:00,0,0,5,0,0,5
2018-05-09 05:00:00+00:00,0,46,6,0,0,52
2018-05-09 05:30:00+00:00,0,29,12,0,0,41
2018-05-09 06:00:00+00:00,0,69,9,0,0,78
2018-05-09 06:30:00+00:00,0,66,9,0,0,75
2018-05-09 07:00:00+00:00,0,14,3,0,0,17
2018-05-09 07:30:00+00:00,0,36,6,14,0,56
2018-05-09 08:00:00+00:00,0,21,12,0,0,33
2018-05-09 08:30:00+00:00,0,56,6,67,0,129
2018-05-09 09:00:00+00:00,0,16,22,10,0,48
2018-05-09 09:30:00+00:00,0,34,10,16,0,60
2018-05-09 10:00:00+00:00,0,23,25,0,0,48
2018-05-09 10:30:00+00:00,0,29,44,1,0,74
2018-05-09 11:00:00+00:00,0,5,42,41,0,88
2018-05-09 11:30:00+00:00,0,17,24,4,0,45
2018-05-09 12:00:00+00:00,3522,18,19,62,0,3621
2018-05-09 12:30:00+00:00,0,9,6,32,0,47
2018-05-09 13:00:00+00:00,0,13,5,30,0,48
2018-05-09 13:30:00+00:00,0,16,9,42,0,67
2018-05-09 14:00:00+00:00,0,56,17,76,0,149
2018-05-09 14:30:00+00:00,0,9,20,29,0,58
2018-05-09 15:00:00+00:00,0,5,2,24,0,31
2018-05-09 15:30:00+00:00,0,69,145,57,0,271
2018-05-09 16:00:00+00:00,0,0,24,3,0,27
2018-05-09 16:30:00+00:00,0,0,0,0,0,0
2018-05-09 17:00:00+00:00,0,0,0,0,0,0
2018-05-09 17:30:00+00:00,0,0,0,0,0,0
2018-05-09 18:00:00+00:00,0,3,5,0,0,8
2018-05-09 18:30:00+00:00,0,0,14,0,0,14
2018-05-09 19:00:00+00:00,0,0,0,0,0,0
2018-05-09 19:30:00+00:00,0,0,0,0,0,0
2018-05-09 20:00:00+00:00,0,0,0,0,0,0
2018-05-09 20:30:00+00:00,0,0,0,0,0,0
2018-05-09 21:00:00+00:00,0,0,0,0,0,0
2018-05-09 21:30:00+00:00,0,0,0,0,535,535
2018-05-09 22:00:00+00:00,0,0,0,0,0,0
2018-05-09 22:30:00+00:00,0,0,0,0,0,0
2018-05-09 23:00:00+00:00,0,0,0,0,0,0
2018-05-09 23:30:00+00:00,0,14,0,0,0,14
2018-05-10 00:00:00+00:00,0,0,0,0,0,0
2018-05-10 00:30:00+00:00,0,0,0,0,0,0
2018-05-10 01:00:00+00:00,0,0,0,0,0,0
2018-05-10 01:30:00+00:00,0,0,0,0,0,0
2018-05-10 02:00:00+00:00,0,0,0,0,0,0
2018-05-10 02:30:00+00:00,0,0,0,0,0,0
2018-05-10 03:00:00+00:00,0,0,0,0,0,0
2018-05-10 03:30:00+00:00,0,0,0,0,0,0
2018-05-10 04:00:00+00:00,0,0,0,6,0,6
2018-05-10 04:30:00+00:00,0,0,0,0,0,0
2018-05-10 05:00:00+00:00,0,0,0,3,0,3
2018-05-10 05:30:00+00:00,0,0,0,3,0,3
2018-05-10 06:00:00+00:00,0,0,2,9,0,11
2018-05-10 06:30:00+00:00,0,2,11,15,0,28
2018-05-10 07:00:00+00:00,0,0,1,0,0,1
2018-05-10 07:30:00+00:00,0,1,3,0,0,4
2018-05-10 08:00:00+00:00,0,10,22,2,0,34
2018-05-10 08:30:00+00:00,0,1,4,6,0,11
2018-05-10 09:00:00+00:00,0,0,8,22,0,30
2018-05-10 09:30:00+00:00,0,3,20,26,0,49
2018-05-10 10:00:00+00:00,0,1,13,15,0,29
2018-05-10 10:30:00+00:00,0,0,24,59,0,83
2018-05-10 11:00:00+00:00,0,16,4,85,0,105
2018-05-10 11:30:00+00:00,0,0,2,39,0,41
2018-05-10 12:00:00+00:00,0,0,4,11,0,15
2018-05-10 12:30:00+00:00,0,0,2,8,0,10
2018-05-10 13:00:00+00:00,0,5,0,5,0,10
2018-05-10 13:30:00+00:00,0,0,13,35,0,48
2018-05-10 14:00:00+00:00,0,0,0,35,0,35
2018-05-10 14:30:00+00:00,0,0,2,57,0,59
2018-05-10 15:00:00+00:00,0,2,0,12,0,14
2018-05-10 15:30:00+00:00,0,0,7,42,0,49
2018-05-10 16:00:00+00:00,0,0,1,22,0,23
2018-05-10 16:30:00+00:00,0,0,0,0,0,0
2018-05-10 17:00:00+00:00,0,1,1,0,0,2
2018-05-10 17:30:00+00:00,0,0,1,0,0,1
2018-05-10 18:00:00+00:00,0,0,1,0,0,1
2018-05-10 18:30:00+00:00,0,0,0,0,0,0
2018-05-10 19:00:00+00:00,0,0,0,0,0,0
2018-05-10 19:30:00+00:00,0,0,0,0,0,0
2018-05-10 20:00:00+00:00,0,0,2,0,0,2
2018-05-10 20:30:00+00:00,0,0,0,0,0,0
2018-05-10 21:00:00+00:00,0,0,0,0,0,0
2018-05-10 21:30:00+00:00,0,0,0,0,159,159
2018-05-10 22:00:00+00:00,0,0,0,0,0,0
2018-05-10 22:30:00+00:00,0,0,0,0,0,0
2018-05-10 23:00:00+00:00,0,0,0,0,0,0
2018-05-10 23:30:00+00:00,0,0,0,0,0,0
2018-05-11 00:00:00+00:00,0,0,0,0,0,0
2018-05-11 00:30:00+00:00,0,0,0,0,0,0
2018-05-11 01:00:00+00:00,0,0,0,0,0,0
2018-05-11 01:30:00+00:00,0,0,0,0,0,0
2018-05-11 02:00:00+00:00,0,0,0,0,0,0
2018-05-11 02:30:00+00:00,0,0,0,0,0,0
2018-05-11 03:00:00+00:00,0,0,0,0,0,0
2018-05-11 03:30:00+00:00,0,0,0,0,0,0
2018-05-11 04:00:00+00:00,0,0,0,10,0,10
2018-05-11 04:30:00+00:00,0,0,0,9,0,9
2018-05-11 05:00:00+00:00,0,0,80,0,0,80
2018-05-11 05:30:00+00:00,0,23,0,6,0,29
2018-05-11 06:00:00+00:00,0,1,3,9,0,13
2018-05-11 06:30:00+00:00,0,36,5,8,0,49
2018-05-11 07:00:00+00:00,0,1,13,4,0,18
2018-05-11 07:30:00+00:00,0,35,10,9,0,54
2018-05-11 08:00:00+00:00,0,12,8,5,0,25
2018-05-11 08:30:00+00:00,0,5,11,22,0,38
2018-05-11 09:00:00+00:00,0,16,6,9,0,31
2018-05-11 09:30:00+00:00,0,50,7,93,0,150
2018-05-11 10:00:00+00:00,0,9,6,33,0,48
2018-05-11 10:30:00+00:00,0,19,1,46,0,66
2018-05-11 11:00:00+00:00,0,4,4,7,0,15
2018-05-11 11:30:00+00:00,0,1,22,13,0,36
2018-05-11 12:00:00+00:00,0,1,5,60,0,66
2018-05-11 12:30:00+00:00,0,0,7,14,0,21
2018-05-11 13:00:00+00:00,0,0,2,10,0,12
2018-05-11 13:30:00+00:00,0,0,75,21,0,96
2018-05-11 14:00:00+00:00,0,0,0,17,0,17
2018-05-11 14:30:00+00:00,0,0,0,21,0,21
2018-05-11 15:00:00+00:00,0,0,0,27,0,27
2018-05-11 15:30:00+00:00,0,0,155,22,0,177
2018-05-11 16:00:00+00:00,0,0,0,3,0,3
2018-05-11 16:30:00+00:00,0,0,0,0,0,0
2018-05-11 17:00:00+00:00,0,0,0,0,0,0
2018-05-11 17:30:00+00:00,0,0,0,0,0,0
2018-05-11 18:00:00+00:00,0,0,0,0,0,0
2018-05-11 18:30:00+00:00,0,5,1,0,0,6
2018-05-11 19:00:00+00:00,0,0,0,0,0,0
2018-05-11 19:30:00+00:00,0,0,0,0,0,0
2018-05-11 20:00:00+00:00,0,0,18,0,0,18
2018-05-11 20:30:00+00:00,0,0,0,0,0,0
2018-05-11 21:00:00+00:00,0,0,0,0,0,0
2018-05-11 21:30:00+00:00,0,0,0,0,342,342
2018-05-11 22:00:00+00:00,0,0,0,0,0,0
2018-05-11 22:30:00+00:00,0,0,0,0,0,0
2018-05-11 23:00:00+00:00,0,0,0,0,0,0
2018-05-11 23:30:00+00:00,0,0,0,0,0,0
2018-05-12 00:00:00+00:00,0,0,0,0,0,0
2018-05-12 00:30:00+00:00,0,0,0,0,0,0
2018-05-12 01:00:00+00:00,0,0,0,0,0,0
2018-05-12 01:30:00+00:00,0,0,12,0,0,12
2018-05-12 02:00:00+00:00,0,0,0,0,0,0
2018-05-12 02:30:00+00:00,0,0,0,0,0,0
2018-05-12 03:00:00+00:00,0,0,0,0,0,0
2018-05-12 03:30:00+00:00,0,0,0,0,0,0
2018-05-12 04:00:00+00:00,0,0,0,0,0,0
2018-05-12 04:30:00+00:00,0,0,0,0,0,0
2018-05-12 05:00:00+00:00,0,0,0,0,0,0
2018-05-12 05:30:00+00:00,0,0,0,0,0,0
2018-05-12 06:00:00+00:00,0,0,0,0,0,0
2018-05-12 06:30:00+00:00,0,0,0,0,0,0
2018-05-12 07:00:00+00:00,0,0,6,0,0,6
2018-05-12 07:30:00+00:00,0,0,4,0,0,4
2018-05-12 08:00:00+00:00,0,0,0,0,0,0
2018-05-12 08:30:00+00:00,0,0,0,0,0,0
2018-05-12 09:00:00+00:00,0,0,0,0,0,0
2018-05-12 09:30:00+00:00,0,0,0,0,0,0
2018-05-12 10:00:00+00:00,0,0,0,0,0,0
2018-05-12 10:30:00+00:00,0,0,1,0,0,1
2018-05-12 11:00:00+00:00,0,0,0,0,0,0
2018-05-12 11:30:00+00:00,0,0,0,0,0,0
2018-05-12 12:00:00+00:00,0,0,0,0,0,0
2018-05-12 12:30:00+00:00,0,0,0,0,0,0
2018-05-12 13:00:00+00:00,0,0,0,0,0,0
2018-05-12 13:30:00+00:00,0,0,0,0,0,0
2018-05-12 14:00:00+00:00,0,0,0,0,0,0
2018-05-12 14:30:00+00:00,0,0,0,0,0,0
2018-05-12 15:00:00+00:00,0,0,0,0,0,0
2018-05-12 15:30:00+00:00,0,0,0,0,0,0
2018-05-12 16:00:00+00:00,0,0,0,0,0,0
2018-05-12 16:30:00+00:00,0,0,0,0,0,0
2018-05-12 17:00:00+00:00,0,0,0,0,0,0
2018-05-12 17:30:00+00:00,0,0,0,0,0,0
2018-05-12 18:00:00+00:00,0,0,0,0,0,0
2018-05-12 18:30:00+00:00,0,0,0,0,0,0
2018-05-12 19:00:00+00:00,0,0,0,0,0,0
2018-05-12 19:30:00+00:00,0,0,0,0,0,0
2018-05-12 20:00:00+00:00,0,0,0,0,0,0
2018-05-12 20:30:00+00:00,0,0,0,0,0,0
2018-05-12 21:00:00+00:00,0,0,0,0,0,0
2018-05-12 21:30:00+00:00,0,0,0,0,21,21
2018-05-12 22:00:00+00:00,0,0,0,0,0,0
2018-05-12 22:30:00+00:00,0,0,0,0,0,0
2018-05-12 23:00:00+00:00,0,0,0,0,0,0
2018-05-12 23:30:00+00:00,0,0,0,0,0,0
2018-05-13 00:00:00+00:00,0,0,0,0,0,0
2018-05-13 00:30:00+00:00,0,0,0,0,0,0
2018-05-13 01:00:00+00:00,0,0,0,0,0,0
2018-05-13 01:30:00+00:00,0,0,0,0,0,0
2018-05-13 02:00:00+00:00,0,0,0,0,0,0
2018-05-13 02:30:00+00:00,0,0,0,0,0,0
2018-05-13 03:00:00+00:00,0,0,0,0,0,0
2018-05-13 03:30:00+00:00,0,0,0,0,0,0
2018-05-13 04:00:00+00:00,0,0,0,0,0,0
2018-05-13 04:30:00+00:00,0,0,0,0,0,0
2018-05-13 05:00:00+00:00,0,0,0,0,0,0
2018-05-13 05:30:00+00:00,0,0,0,0,0,0
2018-05-13 06:00:00+00:00,0,0,0,0,0,0
2018-05-13 06:30:00+00:00,0,0,0,0,0,0
2018-05-13 07:00:00+00:00,0,0,0,0,0,0
2018-05-13 07:30:00+00:00,0,0,0,0,0,0
2018-05-13 08:00:00+00:00,0,0,0,0,0,0
2018-05-13 08:30:00+00:00,0,0,0,0,0,0
2018-05-13 09:00:00+00:00,0,0,0,0,0,0
2018-05-13 09:30:00+00:00,0,0,0,0,0,0
2018-05-13 10:00:00+00:00,0,0,0,0,0,0
2018-05-13 10:30:00+00:00,0,0,0,0,0,0
2018-05-13 11:00:00+00:00,0,0,0,0,0,0
2018-05-13 11:30:00+00:00,0,0,0,0,0,0
2018-05-13 12:00:00+00:00,0,0,0,0,0,0
2018-05-13 12:30:00+00:00,0,0,0,0,0,0
2018-05-13 13:00:00+00:00,0,0,0,0,0,0
2018-05-13 13:30:00+00:00,0,0,0,0,0,0
2018-05-13 14:00:00+00:00,0,0,0,0,0,0
2018-05-13 14:30:00+00:00,0,0,0,0,0,0
2018-05-13 15:00:00+00:00,0,0,0,0,0,0
2018-05-13 15:30:00+00:00,0,0,0,0,0,0
2018-05-13 16:00:00+00:00,0,0,0,0,0,0
2018-05-13 16:30:00+00:00,0,0,0,0,0,0
2018-05-13 17:00:00+00:00,0,0,0,0,0,0
2018-05-13 17:30:00+00:00,0,0,0,0,0,0
2018-05-13 18:00:00+00:00,0,0,0,0,0,0
2018-05-13 18:30:00+00:00,0,0,0,0,0,0
2018-05-13 19:00:00+00:00,0,0,0,0,0,0
2018-05-13 19:30:00+00:00,0,0,0,0,0,0
2018-05-13 20:00:00+00:00,0,0,0,0,0,0
2018-05-13 20:30:00+00:00,0,0,0,0,0,0
2018-05-13 21:00:00+00:00,0,0,0,0,0,0
2018-05-13 21:30:00+00:00,0,0,0,0,0,0
2018-05-13 22:00:00+00:00,0,0,0,0,0,0
2018-05-13 22:30:00+00:00,0,0,0,0,0,0
2018-05-13 23:00:00+00:00,0,0,0,0,0,0
2018-05-13 23:30:00+00:00,0,0,0,0,0,0
2018-05-14 00:00:00+00:00,0,0,0,0,0,0
2018-05-14 00:30:00+00:00,0,0,0,0,0,0
2018-05-14 01:00:00+00:00,0,0,0,0,0,0
2018-05-14 01:30:00+00:00,0,0,0,0,0,0
2018-05-14 02:00:00+00:00,0,0,0,0,0,0
2018-05-14 02:30:00+00:00,0,0,0,0,0,0
2018-05-14 03:00:00+00:00,0,0,0,0,0,0
2018-05-14 03:30:00+00:00,0,0,0,0,0,0
2018-05-14 04:00:00+00:00,0,0,0,18,0,18
2018-05-14 04:30:00+00:00,0,19,4,19,0,42
2018-05-14 05:00:00+00:00,0,0,2,0,0,2
2018-05-14 05:30:00+00:00,0,0,10,4,0,14
2018-05-14 06:00:00+00:00,0,59,13,6,0,78
2018-05-14 06:30:00+00:00,0,38,9,4,0,51
2018-05-14 07:00:00+00:00,0,6,19,11,0,36
2018-05-14 07:30:00+00:00,0,29,13,9,0,51
2018-05-14 08:00:00+00:00,0,32,33,3,0,68
2018-05-14 08:30:00+00:00,0,14,26,3,0,43
2018-05-14 09:00:00+00:00,0,79,16,8,0,103
2018-05-14 09:30:00+00:00,0,39,18,12,0,69
2018-05-14 10:00:00+00:00,0,31,11,10,0,52
2018-05-14 10:30:00+00:00,0,5,5,93,0,103
2018-05-14 11:00:00+00:00,0,3,33,33,0,69
2018-05-14 11:30:00+00:00,0,15,52,3,0,70
2018-05-14 12:00:00+00:00,0,19,62,1,0,82
2018-05-14 12:30:00+00:00,0,11,13,0,0,24
2018-05-14 13:00:00+00:00,0,36,21,0,0,57
2018-05-14 13:30:00+00:00,0,1,7,0,0,8
2018-05-14 14:00:00+00:00,0,2,11,22,0,35
2018-05-14 14:30:00+00:00,0,3,25,14,0,42
2018-05-14 15:00:00+00:00,0,8,5,14,0,27
2018-05-14 15:30:00+00:00,0,9,0,33,0,42
2018-05-14 16:00:00+00:00,0,13,104,9,0,126
2018-05-14 16:30:00+00:00,0,0,0,0,0,0
2018-05-14 17:00:00+00:00,0,0,6,0,0,6
2018-05-14 17:30:00+00:00,0,0,11,0,0,11
2018-05-14 18:00:00+00:00,0,0,3,0,0,3
2018-05-14 18:30:00+00:00,0,0,2,0,0,2
2018-05-14 19:00:00+00:00,0,0,0,0,0,0
2018-05-14 19:30:00+00:00,0,0,0,0,0,0
2018-05-14 20:00:00+00:00,0,0,0,0,0,0
2018-05-14 20:30:00+00:00,0,0,0,0,0,0
2018-05-14 21:00:00+00:00,0,0,0,0,0,0
2018-05-14 21:30:00+00:00,0,0,22,0,525,547
2018-05-14 22:00:00+00:00,0,0,0,0,0,0
2018-05-14 22:30:00+00:00,0,0,0,0,0,0
2018-05-14 23:00:00+00:00,0,0,0,0,0,0
2018-05-14 23:30:00+00:00,0,0,0,0,0,0
2018-05-15 00:00:00+00:00,0,0,0,0,0,0
2018-05-15 00:30:00+00:00,0,0,0,0,0,0
2018-05-15 01:00:00+00:00,0,0,0,0,0,0
2018-05-15 01:30:00+00:00,0,0,0,0,0,0
2018-05-15 02:00:00+00:00,0,0,0,0,0,0
2018-05-15 02:30:00+00:00,0,0,0,0,0,0
2018-05-15 03:00:00+00:00,0,0,0,0,0,0
2018-05-15 03:30:00+00:00,0,0,0,0,0,0
2018-05-15 04:00:00+00:00,0,0,0,0,0,0
2018-05-15 04:30:00+00:00,0,4,7,1,0,12
2018-05-15 05:00:00+00:00,0,11,14,0,0,25
2018-05-15 05:30:00+00:00,0,14,5,1,0,20
2018-05-15 06:00:00+00:00,0,58,24,0,0,82
2018-05-15 06:30:00+00:00,0,57,8,0,0,65
2018-05-15 07:00:00+00:00,0,20,16,0,0,36
2018-05-15 07:30:00+00:00,0,47,39,0,0,86
2018-05-15 08:00:00+00:00,0,59,12,4,0,75
2018-05-15 08:30:00+00:00,0,36,24,0,0,60
2018-05-15 09:00:00+00:00,0,64,1,35,0,100
2018-05-15 09:30:00+00:00,0,107,4,34,0,145
2018-05-15 10:00:00+00:00,141,10,28,8,0,187
2018-05-15 10:30:00+00:00,0,11,49,37,0,97
2018-05-15 11:00:00+00:00,0,14,15,13,0,42
2018-05-15 11:30:00+00:00,0,39,14,0,0,53
2018-05-15 12:00:00+00:00,0,74,15,4,0,93
2018-05-15 12:30:00+00:00,0,18,37,44,0,99
2018-05-15 13:00:00+00:00,0,23,12,93,0,128
2018-05-15 13:30:00+00:00,0,13,15,98,0,126
2018-05-15 14:00:00+00:00,0,35,9,27,0,71
2018-05-15 14:30:00+00:00,0,59,21,55,0,135
2018-05-15 15:00:00+00:00,0,27,13,64,0,104
2018-05-15 15:30:00+00:00,0,20,2,10,0,32
2018-05-15 16:00:00+00:00,0,0,40,7,0,47
2018-05-15 16:30:00+00:00,0,0,101,0,0,101
2018-05-15 17:00:00+00:00,0,2,1,0,0,3
2018-05-15 17:30:00+00:00,0,0,0,0,0,0
2018-05-15 18:00:00+00:00,0,0,0,0,0,0
2018-05-15 18:30:00+00:00,0,0,0,0,0,0
2018-05-15 19:00:00+00:00,0,0,0,0,0,0
2018-05-15 19:30:00+00:00,0,19,1,0,0,20
2018-05-15 20:00:00+00:00,0,0,1,0,0,1
2018-05-15 20:30:00+00:00,0,0,0,0,0,0
2018-05-15 21:00:00+00:00,0,0,0,0,0,0
2018-05-15 21:30:00+00:00,0,0,0,0,389,389
2018-05-15 22:00:00+00:00,0,0,0,0,0,0
2018-05-15 22:30:00+00:00,0,0,0,0,0,0
2018-05-15 23:00:00+00:00,0,0,0,0,0,0
2018-05-15 23:30:00+00:00,0,0,0,0,0,0
2018-05-16 00:00:00+00:00,0,0,0,0,0,0
2018-05-16 00:30:00+00:00,0,0,0,0,0,0
2018-05-16 01:00:00+00:00,0,0,0,0,0,0
2018-05-16 01:30:00+00:00,0,0,0,0,0,0
2018-05-16 02:00:00+00:00,0,0,0,0,0,0
2018-05-16 02:30:00+00:00,0,0,0,0,0,0
2018-05-16 03:00:00+00:00,0,0,0,0,0,0
2018-05-16 03:30:00+00:00,0,8,0,0,0,8
2018-05-16 04:00:00+00:00,0,0,2,0,0,2
2018-05-16 04:30:00+00:00,0,0,3,0,0,3
2018-05-16 05:00:00+00:00,0,0,21,0,0,21
2018-05-16 05:30:00+00:00,0,0,17,0,0,17
2018-05-16 06:00:00+00:00,0,49,2,0,0,51
2018-05-16 06:30:00+00:00,0,66,28,0,0,94
2018-05-16 07:00:00+00:00,0,18,34,0,0,52
2018-05-16 07:30:00+00:00,0,15,22,31,0,68
2018-05-16 08:00:00+00:00,0,10,14,48,0,72
2018-05-16 08:30:00+00:00,0,28,12,4,0,44
2018-05-16 09:00:00+00:00,0,25,34,13,0,72
2018-05-16 09:30:00+00:00,0,10,35,15,0,60
2018-05-16 10:00:00+00:00,0,11,33,4,0,48
2018-05-16 10:30:00+00:00,0,20,40,13,0,73
2018-05-16 11:00:00+00:00,0,12,9,5,0,26
2018-05-16 11:30:00+00:00,0,12,26,0,0,38
2018-05-16 12:00:00+00:00,0,21,43,40,0,104
2018-05-16 12:30:00+00:00,0,5,41,45,0,91
2018-05-16 13:00:00+00:00,0,17,22,13,0,52
2018-05-16 13:30:00+00:00,0,8,5,17,0,30
2018-05-16 14:00:00+00:00,0,11,2,47,0,60
2018-05-16 14:30:00+00:00,0,5,4,48,0,57
2018-05-16 15:00:00+00:00,0,19,4,37,0,60
2018-05-16 15:30:00+00:00,0,1,3,9,0,13
2018-05-16 16:00:00+00:00,0,11,89,0,0,100
2018-05-16 16:30:00+00:00,0,10,3,0,0,13
2018-05-16 17:00:00+00:00,0,0,0,0,0,0
2018-05-16 17:30:00+00:00,0,0,8,0,0,8
2018-05-16 18:00:00+00:00,0,0,2,0,0,2
2018-05-16 18:30:00+00:00,0,0,1,0,0,1
2018-05-16 19:00:00+00:00,0,2,0,0,0,2
2018-05-16 19:30:00+00:00,0,2,0,0,0,2
2018-05-16 20:00:00+00:00,0,0,1,0,0,1
2018-05-16 20:30:00+00:00,0,0,0,0,0,0
2018-05-16 21:00:00+00:00,0,0,0,0,0,0
2018-05-16 21:30:00+00:00,0,0,0,0,491,491
2018-05-16 22:00:00+00:00,0,0,0,0,0,0
2018-05-16 22:30:00+00:00,0,0,0,0,0,0
2018-05-16 23:00:00+00:00,0,0,0,0,0,0
2018-05-16 23:30:00+00:00,0,0,0,0,0,0
2018-05-17 00:00:00+00:00,0,0,0,0,0,0
2018-05-17 00:30:00+00:00,0,0,0,0,0,0
2018-05-17 01:00:00+00:00,0,0,0,0,0,0
2018-05-17 01:30:00+00:00,0,0,0,0,0,0
2018-05-17 02:00:00+00:00,0,0,2,0,0,2
2018-05-17 02:30:00+00:00,0,0,0,0,0,0
2018-05-17 03:00:00+00:00,0,4,0,0,0,4
2018-05-17 03:30:00+00:00,0,0,0,0,0,0
2018-05-17 04:00:00+00:00,0,0,0,0,0,0
2018-05-17 04:30:00+00:00,0,0,0,0,0,0
2018-05-17 05:00:00+00:00,0,53,3,0,0,56
2018-05-17 05:30:00+00:00,0,2,1,0,0,3
2018-05-17 06:00:00+00:00,0,9,8,0,0,17
2018-05-17 06:30:00+00:00,0,14,10,0,0,24
2018-05-17 07:00:00+00:00,0,130,23,0,0,153
2018-05-17 07:30:00+00:00,0,8,22,8,0,38
2018-05-17 08:00:00+00:00,0,30,10,10,0,50
2018-05-17 08:30:00+00:00,0,43,9,0,0,52
2018-05-17 09:00:00+00:00,0,46,33,12,0,91
2018-05-17 09:30:00+00:00,0,14,21,6,0,41
2018-05-17 10:00:00+00:00,0,3,39,5,0,47
2018-05-17 10:30:00+00:00,0,1,14,5,0,20
2018-05-17 11:00:00+00:00,0,9,41,16,0,66
2018-05-17 11:30:00+00:00,0,34,22,20,0,76
2018-05-17 12:00:00+00:00,0,4,24,55,0,83
2018-05-17 12:30:00+00:00,406,90,10,1,0,507
2018-05-17 13:00:00+00:00,0,22,18,16,0,56
2018-05-17 13:30:00+00:00,0,81,19,14,0,114
2018-05-17 14:00:00+00:00,2,13,7,74,0,96
2018-05-17 14:30:00+00:00,0,4,14,4,0,22
2018-05-17 15:00:00+00:00,0,1,7,2,0,10
2018-05-17 15:30:00+00:00,0,0,0,5,0,5
2018-05-17 16:00:00+00:00,0,0,39,5,0,44
2018-05-17 16:30:00+00:00,0,0,0,0,0,0
2018-05-17 17:00:00+00:00,0,0,0,0,0,0
2018-05-17 17:30:00+00:00,0,0,1,0,0,1
2018-05-17 18:00:00+00:00,0,0,0,0,0,0
2018-05-17 18:30:00+00:00,0,0,1,0,0,1
2018-05-17 19:00:00+00:00,0,0,1,0,0,1
2018-05-17 19:30:00+00:00,0,0,0,0,0,0
2018-05-17 20:00:00+00:00,0,0,0,0,0,0
2018-05-17 20:30:00+00:00,0,0,0,0,0,0
2018-05-17 21:00:00+00:00,0,0,0,0,0,0
2018-05-17 21:30:00+00:00,0,0,0,0,386,386
2018-05-17 22:00:00+00:00,0,0,0,0,0,0
2018-05-17 22:30:00+00:00,0,0,0,0,0,0
2018-05-17 23:00:00+00:00,0,0,0,0,0,0
2018-05-17 23:30:00+00:00,0,0,0,0,0,0
2018-05-18 00:00:00+00:00,0,0,0,0,0,0
2018-05-18 00:30:00+00:00,0,1,0,0,0,1
2018-05-18 01:00:00+00:00,0,0,0,0,0,0
2018-05-18 01:30:00+00:00,0,0,0,0,0,0
2018-05-18 02:00:00+00:00,0,0,0,0,0,0
2018-05-18 02:30:00+00:00,0,0,0,0,0,0
2018-05-18 03:00:00+00:00,0,0,0,0,0,0
2018-05-18 03:30:00+00:00,0,0,0,0,0,0
2018-05-18 04:00:00+00:00,0,3,0,0,0,3
2018-05-18 04:30:00+00:00,0,22,0,0,0,22
2018-05-18 05:00:00+00:00,0,30,1,0,0,31
2018-05-18 05:30:00+00:00,0,33,51,0,0,84
2018-05-18 06:00:00+00:00,0,41,10,5,0,56
2018-05-18 06:30:00+00:00,0,50,42,1,0,93
2018-05-18 07:00:00+00:00,0,15,9,0,0,24
2018-05-18 07:30:00+00:00,0,15,20,0,0,35
2018-05-18 08:00:00+00:00,7,9,10,7,0,33
2018-05-18 08:30:00+00:00,0,12,36,2,0,50
2018-05-18 09:00:00+00:00,0,15,19,0,0,34
2018-05-18 09:30:00+00:00,0,33,57,21,0,111
2018-05-18 10:00:00+00:00,0,6,3,1,0,10
2018-05-18 10:30:00+00:00,0,44,14,22,0,80
2018-05-18 11:00:00+00:00,0,5,34,3,0,42
2018-05-18 11:30:00+00:00,0,19,43,45,0,107
2018-05-18 12:00:00+00:00,0,4,7,1,0,12
2018-05-18 12:30:00+00:00,0,17,7,2,0,26
2018-05-18 13:00:00+00:00,0,7,2,19,0,28
2018-05-18 13:30:00+00:00,0,2,12,25,0,39
2018-05-18 14:00:00+00:00,0,17,7,23,0,47
2018-05-18 14:30:00+00:00,0,13,1,27,0,41
2018-05-18 15:00:00+00:00,0,3,18,60,0,81
2018-05-18 15:30:00+00:00,0,1,234,38,0,273
2018-05-18 16:00:00+00:00,0,0,4,3,0,7
2018-05-18 16:30:00+00:00,0,0,2,0,0,2
2018-05-18 17:00:00+00:00,0,0,1,0,0,1
2018-05-18 17:30:00+00:00,0,0,1,0,0,1
2018-05-18 18:00:00+00:00,0,0,0,0,0,0
2018-05-18 18:30:00+00:00,0,0,0,0,0,0
2018-05-18 19:00:00+00:00,0,0,1,0,0,1
2018-05-18 19:30:00+00:00,0,0,0,0,0,0
2018-05-18 20:00:00+00:00,0,0,0,0,0,0
2018-05-18 20:30:00+00:00,0,0,0,0,0,0
2018-05-18 21:00:00+00:00,0,0,0,0,0,0
2018-05-18 21:30:00+00:00,0,0,0,0,404,404
2018-05-18 22:00:00+00:00,0,0,0,0,0,0
2018-05-18 22:30:00+00:00,0,0,1,0,0,1
2018-05-18 23:00:00+00:00,0,0,0,0,0,0
2018-05-18 23:30:00+00:00,0,0,0,0,0,0
2018-05-19 00:00:00+00:00,0,0,0,0,0,0
2018-05-19 00:30:00+00:00,0,0,0,0,0,0
2018-05-19 01:00:00+00:00,0,0,0,0,0,0
2018-05-19 01:30:00+00:00,0,0,0,0,0,0
2018-05-19 02:00:00+00:00,0,0,0,0,0,0
2018-05-19 02:30:00+00:00,0,0,0,0,0,0
2018-05-19 03:00:00+00:00,0,0,0,0,0,0
2018-05-19 03:30:00+00:00,0,0,0,0,0,0
2018-05-19 04:00:00+00:00,0,0,0,0,0,0
2018-05-19 04:30:00+00:00,0,0,0,0,0,0
2018-05-19 05:00:00+00:00,0,0,0,0,0,0
2018-05-19 05:30:00+00:00,0,0,0,0,0,0
2018-05-19 06:00:00+00:00,0,0,0,0,0,0
2018-05-19 06:30:00+00:00,0,0,0,0,0,0
2018-05-19 07:00:00+00:00,0,0,0,0,0,0
2018-05-19 07:30:00+00:00,0,0,0,0,0,0
2018-05-19 08:00:00+00:00,0,0,0,0,0,0
2018-05-19 08:30:00+00:00,0,0,0,0,0,0
2018-05-19 09:00:00+00:00,0,0,0,0,0,0
2018-05-19 09:30:00+00:00,0,0,0,0,0,0
2018-05-19 10:00:00+00:00,0,0,0,0,0,0
2018-05-19 10:30:00+00:00,0,0,1,0,0,1
2018-05-19 11:00:00+00:00,0,0,0,0,0,0
2018-05-19 11:30:00+00:00,0,0,0,0,0,0
2018-05-19 12:00:00+00:00,0,0,0,0,0,0
2018-05-19 12:30:00+00:00,0,0,0,0,0,0
2018-05-19 13:00:00+00:00,0,0,0,0,0,0
2018-05-19 13:30:00+00:00,0,0,0,0,0,0
2018-05-19 14:00:00+00:00,0,0,0,0,0,0
2018-05-19 14:30:00+00:00,0,0,0,0,0,0
2018-05-19 15:00:00+00:00,0,0,0,0,0,0
2018-05-19 15:30:00+00:00,0,0,0,0,0,0
2018-05-19 16:00:00+00:00,0,0,0,0,0,0
2018-05-19 16:30:00+00:00,0,0,0,0,0,0
2018-05-19 17:00:00+00:00,0,0,0,0,0,0
2018-05-19 17:30:00+00:00,0,0,0,0,0,0
2018-05-19 18:00:00+00:00,0,0,0,0,0,0
2018-05-19 18:30:00+00:00,0,0,0,0,0,0
2018-05-19 19:00:00+00:00,0,0,0,0,0,0
2018-05-19 19:30:00+00:00,0,0,0,0,0,0
2018-05-19 20:00:00+00:00,0,0,0,0,0,0
2018-05-19 20:30:00+00:00,0,0,0,0,0,0
2018-05-19 21:00:00+00:00,0,0,0,0,0,0
2018-05-19 21:30:00+00:00,0,0,0,0,10,10
2018-05-19 22:00:00+00:00,0,0,0,0,0,0
2018-05-19 22:30:00+00:00,0,0,0,0,0,0
2018-05-19 23:00:00+00:00,0,0,0,0,0,0
2018-05-19 23:30:00+00:00,0,0,0,0,0,0
2018-05-20 00:00:00+00:00,0,0,0,0,0,0
2018-05-20 00:30:00+00:00,0,0,0,0,0,0
2018-05-20 01:00:00+00:00,0,0,0,0,0,0
2018-05-20 01:30:00+00:00,0,0,0,0,0,0
2018-05-20 02:00:00+00:00,0,0,0,0,0,0
2018-05-20 02:30:00+00:00,0,0,0,0,0,0
2018-05-20 03:00:00+00:00,0,0,0,0,0,0
2018-05-20 03:30:00+00:00,0,0,0,0,0,0
2018-05-20 04:00:00+00:00,0,0,0,0,0,0
2018-05-20 04:30:00+00:00,0,0,0,0,0,0
2018-05-20 05:00:00+00:00,0,0,0,0,0,0
2018-05-20 05:30:00+00:00,0,0,0,0,0,0
2018-05-20 06:00:00+00:00,0,0,0,0,0,0
2018-05-20 06:30:00+00:00,0,0,0,0,0,0
2018-05-20 07:00:00+00:00,0,0,0,0,0,0
2018-05-20 07:30:00+00:00,0,0,0,0,0,0
2018-05-20 08:00:00+00:00,0,0,0,0,0,0
2018-05-20 08:30:00+00:00,0,0,0,0,0,0
2018-05-20 09:00:00+00:00,0,0,0,0,0,0
2018-05-20 09:30:00+00:00,0,0,0,0,0,0
2018-05-20 10:00:00+00:00,0,0,0,0,0,0
2018-05-20 10:30:00+00:00,0,0,0,0,0,0
2018-05-20 11:00:00+00:00,0,0,0,0,0,0
2018-05-20 11:30:00+00:00,0,0,0,0,0,0
2018-05-20 12:00:00+00:00,0,0,0,0,0,0
2018-05-20 12:30:00+00:00,0,0,0,0,0,0
2018-05-20 13:00:00+00:00,0,0,0,0,0,0
2018-05-20 13:30:00+00:00,0,0,0,0,0,0
2018-05-20 14:00:00+00:00,0,0,0,0,0,0
2018-05-20 14:30:00+00:00,0,0,0,0,0,0
2018-05-20 15:00:00+00:00,0,0,0,0,0,0
2018-05-20 15:30:00+00:00,0,0,0,0,0,0
2018-05-20 16:00:00+00:00,0,0,0,0,0,0
2018-05-20 16:30:00+00:00,0,0,0,0,0,0
2018-05-20 17:00:00+00:00,0,0,0,0,0,0
2018-05-20 17:30:00+00:00,0,0,0,0,0,0
2018-05-20 18:00:00+00:00,0,0,3,0,0,3
2018-05-20 18:30:00+00:00,0,0,0,0,0,0
2018-05-20 19:00:00+00:00,0,0,0,0,0,0
2018-05-20 19:30:00+00:00,0,0,0,0,0,0
2018-05-20 20:00:00+00:00,0,0,0,0,0,0
2018-05-20 20:30:00+00:00,0,0,0,0,0,0
2018-05-20 21:00:00+00:00,0,0,0,0,0,0
2018-05-20 21:30:00+00:00,0,0,0,0,1,1
2018-05-20 22:00:00+00:00,0,0,0,0,0,0
2018-05-20 22:30:00+00:00,0,0,0,0,0,0
2018-05-20 23:00:00+00:00,0,0,0,0,0,0
2018-05-20 23:30:00+00:00,0,0,0,0,0,0
2018-05-21 00:00:00+00:00,0,0,0,0,0,0
2018-05-21 00:30:00+00:00,0,0,0,0,0,0
2018-05-21 01:00:00+00:00,0,0,0,0,0,0
2018-05-21 01:30:00+00:00,0,0,0,0,0,0
2018-05-21 02:00:00+00:00,0,0,0,0,0,0
2018-05-21 02:30:00+00:00,0,0,0,0,0,0
2018-05-21 03:00:00+00:00,0,0,0,0,0,0
2018-05-21 03:30:00+00:00,0,0,0,0,0,0
2018-05-21 04:00:00+00:00,0,3,0,0,0,3
2018-05-21 04:30:00+00:00,0,0,0,0,0,0
2018-05-21 05:00:00+00:00,0,0,1,0,0,1
2018-05-21 05:30:00+00:00,0,0,11,0,0,11
2018-05-21 06:00:00+00:00,0,0,1,0,0,1
2018-05-21 06:30:00+00:00,0,0,3,0,0,3
2018-05-21 07:00:00+00:00,0,11,1,0,0,12
2018-05-21 07:30:00+00:00,0,20,5,10,0,35
2018-05-21 08:00:00+00:00,0,28,5,38,0,71
2018-05-21 08:30:00+00:00,0,16,12,13,0,41
2018-05-21 09:00:00+00:00,0,11,11,14,0,36
2018-05-21 09:30:00+00:00,0,2,6,9,0,17
2018-05-21 10:00:00+00:00,0,13,20,41,0,74
2018-05-21 10:30:00+00:00,0,8,3,13,0,24
2018-05-21 11:00:00+00:00,0,0,9,15,0,24
2018-05-21 11:30:00+00:00,0,0,6,29,0,35
2018-05-21 12:00:00+00:00,0,0,5,29,0,34
2018-05-21 12:30:00+00:00,0,0,5,36,0,41
2018-05-21 13:00:00+00:00,0,3,9,73,0,85
2018-05-21 13:30:00+00:00,0,0,2,14,0,16
2018-05-21 14:00:00+00:00,0,0,3,61,0,64
2018-05-21 14:30:00+00:00,0,0,1,23,0,24
2018-05-21 15:00:00+00:00,0,3,0,28,0,31
2018-05-21 15:30:00+00:00,0,0,13,5,0,18
2018-05-21 16:00:00+00:00,0,1,0,1,0,2
2018-05-21 16:30:00+00:00,0,0,0,0,0,0
2018-05-21 17:00:00+00:00,0,0,0,0,0,0
2018-05-21 17:30:00+00:00,0,0,3,0,0,3
2018-05-21 18:00:00+00:00,0,0,10,0,0,10
2018-05-21 18:30:00+00:00,0,0,0,0,0,0
2018-05-21 19:00:00+00:00,0,0,1,0,0,1
2018-05-21 19:30:00+00:00,0,0,0,0,0,0
2018-05-21 20:00:00+00:00,0,0,0,0,0,0
2018-05-21 20:30:00+00:00,0,0,0,0,0,0
2018-05-21 21:00:00+00:00,0,0,0,0,0,0
2018-05-21 21:30:00+00:00,0,0,0,0,157,157
2018-05-21 22:00:00+00:00,0,0,0,0,0,0
2018-05-21 22:30:00+00:00,0,0,0,0,0,0
2018-05-21 23:00:00+00:00,0,0,0,0,0,0
2018-05-21 23:30:00+00:00,0,0,0,0,0,0
2018-05-22 00:00:00+00:00,0,0,0,0,0,0
2018-05-22 00:30:00+00:00,0,0,0,0,0,0
2018-05-22 01:00:00+00:00,0,0,0,0,0,0
2018-05-22 01:30:00+00:00,0,0,0,0,0,0
2018-05-22 02:00:00+00:00,0,0,0,0,0,0
2018-05-22 02:30:00+00:00,0,0,0,0,0,0
2018-05-22 03:00:00+00:00,0,0,0,0,0,0
2018-05-22 03:30:00+00:00,0,0,0,0,0,0
2018-05-22 04:00:00+00:00,0,5,0,0,0,5
2018-05-22 04:30:00+00:00,0,0,0,0,0,0
2018-05-22 05:00:00+00:00,0,0,0,0,0,0
2018-05-22 05:30:00+00:00,0,10,47,0,0,57
2018-05-22 06:00:00+00:00,0,68,54,0,0,122
2018-05-22 06:30:00+00:00,0,116,8,0,0,124
2018-05-22 07:00:00+00:00,0,9,3,0,0,12
2018-05-22 07:30:00+00:00,0,40,16,0,0,56
2018-05-22 08:00:00+00:00,0,17,8,26,0,51
2018-05-22 08:30:00+00:00,0,74,23,2,0,99
2018-05-22 09:00:00+00:00,0,10,19,59,0,88
2018-05-22 09:30:00+00:00,0,35,24,14,0,73
2018-05-22 10:00:00+00:00,0,55,22,10,0,87
2018-05-22 10:30:00+00:00,0,1,19,23,0,43
2018-05-22 11:00:00+00:00,0,13,25,1,0,39
2018-05-22 11:30:00+00:00,0,27,8,2,0,37
2018-05-22 12:00:00+00:00,0,33,44,12,0,89
2018-05-22 12:30:00+00:00,0,3,4,9,0,16
2018-05-22 13:00:00+00:00,0,22,12,35,0,69
2018-05-22 13:30:00+00:00,0,20,16,5,0,41
2018-05-22 14:00:00+00:00,0,50,15,13,0,78
2018-05-22 14:30:00+00:00,0,14,14,59,0,87
2018-05-22 15:00:00+00:00,0,9,11,22,0,42
2018-05-22 15:30:00+00:00,0,1,64,42,0,107
2018-05-22 16:00:00+00:00,0,0,1,7,0,8
2018-05-22 16:30:00+00:00,0,0,31,0,0,31
2018-05-22 17:00:00+00:00,0,0,0,0,0,0
2018-05-22 17:30:00+00:00,0,0,0,0,0,0
2018-05-22 18:00:00+00:00,0,1,0,0,0,1
2018-05-22 18:30:00+00:00,0,2,3,0,0,5
2018-05-22 19:00:00+00:00,0,0,0,0,0,0
2018-05-22 19:30:00+00:00,0,0,0,0,0,0
2018-05-22 20:00:00+00:00,0,0,0,0,0,0
2018-05-22 20:30:00+00:00,0,0,1,0,0,1
2018-05-22 21:00:00+00:00,0,0,0,0,0,0
2018-05-22 21:30:00+00:00,0,0,0,0,322,322
2018-05-22 22:00:00+00:00,0,0,0,0,0,0
2018-05-22 22:30:00+00:00,0,0,0,0,0,0
2018-05-22 23:00:00+00:00,0,0,0,0,0,0
2018-05-22 23:30:00+00:00,0,0,0,0,0,0
2018-05-23 00:00:00+00:00,0,0,0,0,0,0
2018-05-23 00:30:00+00:00,0,0,0,0,0,0
2018-05-23 01:00:00+00:00,0,0,0,0,0,0
2018-05-23 01:30:00+00:00,0,0,0,0,0,0
2018-05-23 02:00:00+00:00,0,0,0,0,0,0
2018-05-23 02:30:00+00:00,0,0,0,0,0,0
2018-05-23 03:00:00+00:00,0,0,0,0,0,0
2018-05-23 03:30:00+00:00,0,0,0,0,0,0
2018-05-23 04:00:00+00:00,0,18,0,0,0,18
2018-05-23 04:30:00+00:00,0,11,7,0,0,18
2018-05-23 05:00:00+00:00,0,0,12,0,0,12
2018-05-23 05:30:00+00:00,0,24,31,0,0,55
2018-05-23 06:00:00+00:00,0,66,9,0,0,75
2018-05-23 06:30:00+00:00,0,99,6,0,0,105
2018-05-23 07:00:00+00:00,0,3,15,0,0,18
2018-05-23 07:30:00+00:00,0,48,21,1,0,70
2018-05-23 08:00:00+00:00,0,15,48,12,0,75
2018-05-23 08:30:00+00:00,0,20,6,11,0,37
2018-05-23 09:00:00+00:00,0,64,1,6,0,71
2018-05-23 09:30:00+00:00,0,29,0,40,0,69
2018-05-23 10:00:00+00:00,0,1,15,37,0,53
2018-05-23 10:30:00+00:00,0,0,19,45,0,64
2018-05-23 11:00:00+00:00,12,37,41,36,0,126
2018-05-23 11:30:00+00:00,0,11,48,15,0,74
2018-05-23 12:00:00+00:00,0,16,56,27,0,99
2018-05-23 12:30:00+00:00,0,116,24,7,0,147
2018-05-23 13:00:00+00:00,0,54,18,24,0,96
2018-05-23 13:30:00+00:00,0,50,24,66,0,140
2018-05-23 14:00:00+00:00,0,18,5,28,0,51
2018-05-23 14:30:00+00:00,0,49,3,120,0,172
2018-05-23 15:00:00+00:00,0,7,2,50,0,59
2018-05-23 15:30:00+00:00,0,0,0,98,0,98
2018-05-23 16:00:00+00:00,0,17,31,22,0,70
2018-05-23 16:30:00+00:00,0,0,96,0,0,96
2018-05-23 17:00:00+00:00,0,0,0,0,0,0
2018-05-23 17:30:00+00:00,0,0,0,0,0,0
2018-05-23 18:00:00+00:00,0,0,0,0,0,0
2018-05-23 18:30:00+00:00,0,0,1,0,0,1
2018-05-23 19:00:00+00:00,0,0,0,0,0,0
2018-05-23 19:30:00+00:00,0,0,0,0,0,0
2018-05-23 20:00:00+00:00,0,0,0,0,0,0
2018-05-23 20:30:00+00:00,0,0,0,0,0,0
2018-05-23 21:00:00+00:00,0,0,0,0,0,0
2018-05-23 21:30:00+00:00,0,0,0,0,590,590
2018-05-23 22:00:00+00:00,0,0,0,0,0,0
2018-05-23 22:30:00+00:00,0,0,0,0,0,0
2018-05-23 23:00:00+00:00,0,0,0,0,0,0
2018-05-23 23:30:00+00:00,0,0,0,0,0,0
2018-05-24 00:00:00+00:00,0,0,0,0,0,0
2018-05-24 00:30:00+00:00,0,0,0,0,0,0
2018-05-24 01:00:00+00:00,0,0,0,0,0,0
2018-05-24 01:30:00+00:00,0,0,0,0,0,0
2018-05-24 02:00:00+00:00,0,0,0,0,0,0
2018-05-24 02:30:00+00:00,0,0,0,0,0,0
2018-05-24 03:00:00+00:00,0,0,0,0,0,0
2018-05-24 03:30:00+00:00,0,2,0,0,0,2
2018-05-24 04:00:00+00:00,0,0,0,0,0,0
2018-05-24 04:30:00+00:00,0,0,0,0,0,0
2018-05-24 05:00:00+00:00,0,17,10,0,0,27
2018-05-24 05:30:00+00:00,0,14,23,0,0,37
2018-05-24 06:00:00+00:00,0,11,9,7,0,27
2018-05-24 06:30:00+00:00,0,70,4,1,0,75
2018-05-24 07:00:00+00:00,0,42,20,1,0,63
2018-05-24 07:30:00+00:00,0,18,25,0,0,43
2018-05-24 08:00:00+00:00,0,12,31,47,0,90
2018-05-24 08:30:00+00:00,1,55,43,2,0,101
2018-05-24 09:00:00+00:00,0,54,14,5,0,73
2018-05-24 09:30:00+00:00,0,3,14,24,0,41
2018-05-24 10:00:00+00:00,0,8,10,10,0,28
2018-05-24 10:30:00+00:00,0,8,9,12,0,29
2018-05-24 11:00:00+00:00,0,2,10,17,0,29
2018-05-24 11:30:00+00:00,4645,54,29,6,0,4734
2018-05-24 12:00:00+00:00,0,5,6,3,0,14
2018-05-24 12:30:00+00:00,0,11,18,26,0,55
2018-05-24 13:00:00+00:00,0,17,14,10,0,41
2018-05-24 13:30:00+00:00,0,35,5,17,0,57
2018-05-24 14:00:00+00:00,0,51,18,25,0,94
2018-05-24 14:30:00+00:00,0,35,8,62,0,105
2018-05-24 15:00:00+00:00,0,7,1,24,0,32
2018-05-24 15:30:00+00:00,0,4,152,55,0,211
2018-05-24 16:00:00+00:00,0,0,2,2,0,4
2018-05-24 16:30:00+00:00,0,0,1,0,0,1
2018-05-24 17:00:00+00:00,0,0,22,0,0,22
2018-05-24 17:30:00+00:00,0,1,23,0,0,24
2018-05-24 18:00:00+00:00,0,0,0,0,0,0
2018-05-24 18:30:00+00:00,0,0,1,0,0,1
2018-05-24 19:00:00+00:00,0,3,6,0,0,9
2018-05-24 19:30:00+00:00,0,15,0,0,0,15
2018-05-24 20:00:00+00:00,0,13,0,0,0,13
2018-05-24 20:30:00+00:00,0,8,0,0,0,8
2018-05-24 21:00:00+00:00,0,20,0,0,0,20
2018-05-24 21:30:00+00:00,0,2,0,0,452,454
2018-05-24 22:00:00+00:00,0,1,0,0,0,1
2018-05-24 22:30:00+00:00,0,0,0,0,0,0
2018-05-24 23:00:00+00:00,0,1,1,0,0,2
2018-05-24 23:30:00+00:00,0,0,0,0,0,0
2018-05-25 00:00:00+00:00,0,0,0,0,0,0
2018-05-25 00:30:00+00:00,0,0,0,0,0,0
2018-05-25 01:00:00+00:00,0,0,0,0,0,0
2018-05-25 01:30:00+00:00,0,0,0,0,0,0
2018-05-25 02:00:00+00:00,0,0,0,0,0,0
2018-05-25 02:30:00+00:00,0,0,0,0,0,0
2018-05-25 03:00:00+00:00,0,0,0,0,0,0
2018-05-25 03:30:00+00:00,0,0,0,0,0,0
2018-05-25 04:00:00+00:00,0,0,2,0,0,2
2018-05-25 04:30:00+00:00,0,0,0,0,0,0
2018-05-25 05:00:00+00:00,0,6,4,0,0,10
2018-05-25 05:30:00+00:00,0,60,12,0,0,72
2018-05-25 06:00:00+00:00,0,28,13,11,0,52
2018-05-25 06:30:00+00:00,0,22,9,2,0,33
2018-05-25 07:00:00+00:00,0,64,16,11,0,91
2018-05-25 07:30:00+00:00,0,111,19,7,0,137
2018-05-25 08:00:00+00:00,0,161,42,19,0,222
2018-05-25 08:30:00+00:00,0,41,20,18,0,79
2018-05-25 09:00:00+00:00,0,11,16,16,0,43
2018-05-25 09:30:00+00:00,0,16,20,68,0,104
2018-05-25 10:00:00+00:00,80,4,28,41,0,153
2018-05-25 10:30:00+00:00,0,2,29,44,0,75
2018-05-25 11:00:00+00:00,0,54,10,46,0,110
2018-05-25 11:30:00+00:00,0,20,15,7,0,42
2018-05-25 12:00:00+00:00,0,6,9,14,0,29
2018-05-25 12:30:00+00:00,0,11,16,17,0,44
2018-05-25 13:00:00+00:00,0,13,11,5,0,29
2018-05-25 13:30:00+00:00,0,17,13,9,0,39
2018-05-25 14:00:00+00:00,0,0,50,2,0,52
2018-05-25 14:30:00+00:00,0,10,1,39,0,50
2018-05-25 15:00:00+00:00,0,3,14,3,0,20
2018-05-25 15:30:00+00:00,0,2,138,3,0,143
2018-05-25 16:00:00+00:00,0,26,1,0,0,27
2018-05-25 16:30:00+00:00,0,7,0,0,0,7
2018-05-25 17:00:00+00:00,0,0,1,0,0,1
2018-05-25 17:30:00+00:00,0,0,2,0,0,2
2018-05-25 18:00:00+00:00,0,0,0,0,0,0
2018-05-25 18:30:00+00:00,0,0,1,0,0,1
2018-05-25 19:00:00+00:00,0,0,0,0,0,0
2018-05-25 19:30:00+00:00,0,0,0,0,0,0
2018-05-25 20:00:00+00:00,0,0,0,0,0,0
2018-05-25 20:30:00+00:00,0,0,1,0,0,1
2018-05-25 21:00:00+00:00,0,0,0,0,0,0
2018-05-25 21:30:00+00:00,0,0,0,0,476,476
2018-05-25 22:00:00+00:00,0,0,0,0,0,0
2018-05-25 22:30:00+00:00,0,0,0,0,0,0
2018-05-25 23:00:00+00:00,0,0,0,0,0,0
2018-05-25 23:30:00+00:00,0,0,0,0,0,0
2018-05-26 00:00:00+00:00,0,0,0,0,0,0
2018-05-26 00:30:00+00:00,0,0,0,0,0,0
2018-05-26 01:00:00+00:00,0,0,0,0,0,0
2018-05-26 01:30:00+00:00,0,0,0,0,0,0
2018-05-26 02:00:00+00:00,0,0,0,0,0,0
2018-05-26 02:30:00+00:00,0,0,0,0,0,0
2018-05-26 03:00:00+00:00,0,0,0,0,0,0
2018-05-26 03:30:00+00:00,0,0,1,0,0,1
2018-05-26 04:00:00+00:00,0,0,1,0,0,1
2018-05-26 04:30:00+00:00,0,0,0,0,0,0
2018-05-26 05:00:00+00:00,0,0,0,0,0,0
2018-05-26 05:30:00+00:00,0,0,20,0,0,20
2018-05-26 06:00:00+00:00,0,0,0,0,0,0
2018-05-26 06:30:00+00:00,0,0,0,0,0,0
2018-05-26 07:00:00+00:00,0,0,0,0,0,0
2018-05-26 07:30:00+00:00,0,0,0,0,0,0
2018-05-26 08:00:00+00:00,0,0,0,0,0,0
2018-05-26 08:30:00+00:00,0,0,0,0,0,0
2018-05-26 09:00:00+00:00,0,0,0,0,0,0
2018-05-26 09:30:00+00:00,0,0,0,0,0,0
2018-05-26 10:00:00+00:00,0,0,0,0,0,0
2018-05-26 10:30:00+00:00,0,0,0,0,0,0
2018-05-26 11:00:00+00:00,0,0,0,0,0,0
2018-05-26 11:30:00+00:00,0,0,0,0,0,0
2018-05-26 12:00:00+00:00,0,0,0,0,0,0
2018-05-26 12:30:00+00:00,0,0,0,0,0,0
2018-05-26 13:00:00+00:00,0,0,0,0,0,0
2018-05-26 13:30:00+00:00,0,0,0,0,0,0
2018-05-26 14:00:00+00:00,0,0,0,0,0,0
2018-05-26 14:30:00+00:00,0,0,0,0,0,0
2018-05-26 15:00:00+00:00,0,0,0,0,0,0
2018-05-26 15:30:00+00:00,0,0,0,0,0,0
2018-05-26 16:00:00+00:00,0,0,0,0,0,0
2018-05-26 16:30:00+00:00,0,0,0,0,0,0
2018-05-26 17:00:00+00:00,0,0,0,0,0,0
2018-05-26 17:30:00+00:00,0,0,0,0,0,0
2018-05-26 18:00:00+00:00,0,0,0,0,0,0
2018-05-26 18:30:00+00:00,0,0,0,0,0,0
2018-05-26 19:00:00+00:00,0,0,0,0,0,0
2018-05-26 19:30:00+00:00,0,0,0,0,0,0
2018-05-26 20:00:00+00:00,0,0,0,0,0,0
2018-05-26 20:30:00+00:00,0,0,0,0,0,0
2018-05-26 21:00:00+00:00,0,0,0,0,0,0
2018-05-26 21:30:00+00:00,0,0,0,0,50,50
2018-05-26 22:00:00+00:00,0,0,0,0,0,0
2018-05-26 22:30:00+00:00,0,0,0,0,0,0
2018-05-26 23:00:00+00:00,0,0,0,0,0,0
2018-05-26 23:30:00+00:00,0,0,0,0,0,0
2018-05-27 00:00:00+00:00,0,0,0,0,0,0
2018-05-27 00:30:00+00:00,0,0,0,0,0,0
2018-05-27 01:00:00+00:00,0,0,0,0,0,0
2018-05-27 01:30:00+00:00,0,0,0,0,0,0
2018-05-27 02:00:00+00:00,0,0,0,0,0,0
2018-05-27 02:30:00+00:00,0,0,0,0,0,0
2018-05-27 03:00:00+00:00,0,0,0,0,0,0
2018-05-27 03:30:00+00:00,0,0,0,0,0,0
2018-05-27 04:00:00+00:00,0,0,0,0,0,0
2018-05-27 04:30:00+00:00,0,0,0,0,0,0
2018-05-27 05:00:00+00:00,0,0,0,0,0,0
2018-05-27 05:30:00+00:00,0,0,0,0,0,0
2018-05-27 06:00:00+00:00,0,0,0,0,0,0
2018-05-27 06:30:00+00:00,0,0,0,0,0,0
2018-05-27 07:00:00+00:00,0,0,0,0,0,0
2018-05-27 07:30:00+00:00,0,0,0,0,0,0
2018-05-27 08:00:00+00:00,0,0,0,0,0,0
2018-05-27 08:30:00+00:00,0,0,0,0,0,0
2018-05-27 09:00:00+00:00,0,0,0,0,0,0
2018-05-27 09:30:00+00:00,0,0,0,0,0,0
2018-05-27 10:00:00+00:00,0,0,0,0,0,0
2018-05-27 10:30:00+00:00,0,0,0,0,0,0
2018-05-27 11:00:00+00:00,0,0,0,0,0,0
2018-05-27 11:30:00+00:00,0,0,0,0,0,0
2018-05-27 12:00:00+00:00,0,0,0,0,0,0
2018-05-27 12:30:00+00:00,0,0,0,0,0,0
2018-05-27 13:00:00+00:00,0,0,0,0,0,0
2018-05-27 13:30:00+00:00,0,0,0,0,0,0
2018-05-27 14:00:00+00:00,0,0,0,0,0,0
2018-05-27 14:30:00+00:00,0,0,0,0,0,0
2018-05-27 15:00:00+00:00,0,0,0,0,0,0
2018-05-27 15:30:00+00:00,0,0,0,0,0,0
2018-05-27 16:00:00+00:00,0,0,0,0,0,0
2018-05-27 16:30:00+00:00,0,0,0,0,0,0
2018-05-27 17:00:00+00:00,0,0,0,0,0,0
2018-05-27 17:30:00+00:00,0,0,0,0,0,0
2018-05-27 18:00:00+00:00,0,0,0,0,0,0
2018-05-27 18:30:00+00:00,0,0,0,0,0,0
2018-05-27 19:00:00+00:00,0,0,0,0,0,0
2018-05-27 19:30:00+00:00,0,0,0,0,0,0
2018-05-27 20:00:00+00:00,0,0,0,0,0,0
2018-05-27 20:30:00+00:00,0,0,0,0,0,0
2018-05-27 21:00:00+00:00,0,0,0,0,0,0
2018-05-27 21:30:00+00:00,0,0,0,0,0,0
2018-05-27 22:00:00+00:00,0,0,0,0,0,0
2018-05-27 22:30:00+00:00,0,0,0,0,0,0
2018-05-27 23:00:00+00:00,0,0,0,0,0,0
2018-05-27 23:30:00+00:00,0,0,0,0,0,0
2018-05-28 00:00:00+00:00,0,0,0,0,0,0
2018-05-28 00:30:00+00:00,0,0,0,0,0,0
2018-05-28 01:00:00+00:00,0,0,0,0,0,0
2018-05-28 01:30:00+00:00,0,0,1,0,0,1
2018-05-28 02:00:00+00:00,0,0,0,0,0,0
2018-05-28 02:30:00+00:00,0,0,0,0,0,0
2018-05-28 03:00:00+00:00,0,1,0,0,0,1
2018-05-28 03:30:00+00:00,0,0,0,0,0,0
2018-05-28 04:00:00+00:00,0,5,0,0,0,5
2018-05-28 04:30:00+00:00,0,12,4,0,0,16
2018-05-28 05:00:00+00:00,0,6,19,0,0,25
2018-05-28 05:30:00+00:00,0,77,70,0,0,147
2018-05-28 06:00:00+00:00,0,26,16,0,0,42
2018-05-28 06:30:00+00:00,0,6,13,0,0,19
2018-05-28 07:00:00+00:00,0,30,17,2,0,49
2018-05-28 07:30:00+00:00,0,36,13,4,0,53
2018-05-28 08:00:00+00:00,0,9,34,14,0,57
2018-05-28 08:30:00+00:00,0,23,23,1,0,47
2018-05-28 09:00:00+00:00,0,9,14,5,0,28
2018-05-28 09:30:00+00:00,0,16,14,16,0,46
2018-05-28 10:00:00+00:00,0,9,7,23,0,39
2018-05-28 10:30:00+00:00,0,14,26,10,0,50
2018-05-28 11:00:00+00:00,0,29,14,14,0,57
2018-05-28 11:30:00+00:00,0,20,40,40,0,100
2018-05-28 12:00:00+00:00,0,16,40,4,0,60
2018-05-28 12:30:00+00:00,0,15,34,18,0,67
2018-05-28 13:00:00+00:00,0,9,23,0,0,32
2018-05-28 13:30:00+00:00,0,45,2,18,0,65
2018-05-28 14:00:00+00:00,0,72,7,42,0,121
2018-05-28 14:30:00+00:00,0,66,0,58,0,124
2018-05-28 15:00:00+00:00,0,2,5,16,0,23
2018-05-28 15:30:00+00:00,0,4,0,55,0,59
2018-05-28 16:00:00+00:00,0,0,48,1,0,49
2018-05-28 16:30:00+00:00,0,0,1,0,0,1
2018-05-28 17:00:00+00:00,0,0,0,0,0,0
2018-05-28 17:30:00+00:00,0,0,0,0,0,0
2018-05-28 18:00:00+00:00,0,0,12,0,0,12
2018-05-28 18:30:00+00:00,0,0,2,0,0,2
2018-05-28 19:00:00+00:00,0,0,0,0,0,0
2018-05-28 19:30:00+00:00,0,0,5,0,0,5
2018-05-28 20:00:00+00:00,0,0,0,0,0,0
2018-05-28 20:30:00+00:00,0,0,0,0,0,0
2018-05-28 21:00:00+00:00,0,0,0,0,0,0
2018-05-28 21:30:00+00:00,0,1,0,0,627,628
2018-05-28 22:00:00+00:00,0,0,0,0,0,0
2018-05-28 22:30:00+00:00,0,72,0,0,0,72
2018-05-28 23:00:00+00:00,0,0,38,0,0,38
2018-05-28 23:30:00+00:00,0,0,0,0,0,0
2018-05-29 00:00:00+00:00,0,0,0,0,0,0
2018-05-29 00:30:00+00:00,0,0,0,0,0,0
2018-05-29 01:00:00+00:00,0,0,0,0,0,0
2018-05-29 01:30:00+00:00,0,0,0,0,0,0
2018-05-29 02:00:00+00:00,0,0,0,0,0,0
2018-05-29 02:30:00+00:00,0,0,2,0,0,2
2018-05-29 03:00:00+00:00,0,0,0,0,0,0
2018-05-29 03:30:00+00:00,0,0,0,0,0,0
2018-05-29 04:00:00+00:00,0,3,0,0,0,3
2018-05-29 04:30:00+00:00,0,0,1,0,0,1
2018-05-29 05:00:00+00:00,0,13,3,0,0,16
2018-05-29 05:30:00+00:00,0,36,103,0,0,139
2018-05-29 06:00:00+00:00,0,42,19,0,0,61
2018-05-29 06:30:00+00:00,0,74,24,0,0,98
2018-05-29 07:00:00+00:00,0,36,13,0,0,49
2018-05-29 07:30:00+00:00,0,26,21,10,0,57
2018-05-29 08:00:00+00:00,0,10,20,23,0,53
2018-05-29 08:30:00+00:00,0,15,17,16,0,48
2018-05-29 09:00:00+00:00,0,60,28,5,0,93
2018-05-29 09:30:00+00:00,0,116,16,5,0,137
2018-05-29 10:00:00+00:00,0,9,11,18,0,38
2018-05-29 10:30:00+00:00,0,28,6,25,0,59
2018-05-29 11:00:00+00:00,0,21,13,82,0,116
2018-05-29 11:30:00+00:00,0,7,28,54,0,89
2018-05-29 12:00:00+00:00,0,26,19,6,0,51
2018-05-29 12:30:00+00:00,0,2,47,35,0,84
2018-05-29 13:00:00+00:00,0,6,25,3,0,34
2018-05-29 13:30:00+00:00,0,10,15,0,0,25
2018-05-29 14:00:00+00:00,0,11,2,11,0,24
2018-05-29 14:30:00+00:00,0,35,6,29,0,70
2018-05-29 15:00:00+00:00,0,8,16,141,0,165
2018-05-29 15:30:00+00:00,0,12,74,97,0,183
2018-05-29 16:00:00+00:00,0,0,3,31,0,34
2018-05-29 16:30:00+00:00,0,0,11,0,0,11
2018-05-29 17:00:00+00:00,0,0,0,0,0,0
2018-05-29 17:30:00+00:00,0,2,0,0,0,2
2018-05-29 18:00:00+00:00,0,1,0,0,0,1
2018-05-29 18:30:00+00:00,0,0,2,0,0,2
2018-05-29 19:00:00+00:00,0,0,0,0,0,0
2018-05-29 19:30:00+00:00,0,0,3,0,0,3
2018-05-29 20:00:00+00:00,0,0,0,0,0,0
2018-05-29 20:30:00+00:00,0,0,0,0,0,0
2018-05-29 21:00:00+00:00,0,0,0,0,0,0
2018-05-29 21:30:00+00:00,0,0,0,0,341,341
2018-05-29 22:00:00+00:00,0,0,0,0,0,0
2018-05-29 22:30:00+00:00,0,0,0,0,0,0
2018-05-29 23:00:00+00:00,0,0,0,0,0,0
2018-05-29 23:30:00+00:00,0,0,0,0,0,0
2018-05-30 00:00:00+00:00,0,0,0,0,0,0
2018-05-30 00:30:00+00:00,0,0,0,0,0,0
2018-05-30 01:00:00+00:00,0,0,0,0,0,0
2018-05-30 01:30:00+00:00,0,0,0,0,0,0
2018-05-30 02:00:00+00:00,0,0,0,0,0,0
2018-05-30 02:30:00+00:00,0,0,0,0,0,0
2018-05-30 03:00:00+00:00,0,0,0,0,0,0
2018-05-30 03:30:00+00:00,0,2,0,0,0,2
2018-05-30 04:00:00+00:00,0,0,0,0,0,0
2018-05-30 04:30:00+00:00,0,0,4,0,0,4
2018-05-30 05:00:00+00:00,0,0,3,0,0,3
2018-05-30 05:30:00+00:00,0,21,3,0,0,24
2018-05-30 06:00:00+00:00,0,83,6,0,0,89
2018-05-30 06:30:00+00:00,0,60,6,0,0,66
2018-05-30 07:00:00+00:00,0,60,38,1,0,99
2018-05-30 07:30:00+00:00,0,11,10,4,0,25
2018-05-30 08:00:00+00:00,0,11,8,6,0,25
2018-05-30 08:30:00+00:00,0,83,60,5,0,148
2018-05-30 09:00:00+00:00,0,26,59,1,0,86
2018-05-30 09:30:00+00:00,0,39,76,21,0,136
2018-05-30 10:00:00+00:00,0,40,19,8,0,67
2018-05-30 10:30:00+00:00,0,8,12,16,0,36
2018-05-30 11:00:00+00:00,0,4,6,3,0,13
2018-05-30 11:30:00+00:00,0,7,45,14,0,66
2018-05-30 12:00:00+00:00,0,12,55,0,0,67
2018-05-30 12:30:00+00:00,0,81,10,1,0,92
2018-05-30 13:00:00+00:00,0,5,7,8,0,20
2018-05-30 13:30:00+00:00,0,13,3,32,0,48
2018-05-30 14:00:00+00:00,0,10,7,17,0,34
2018-05-30 14:30:00+00:00,0,3,4,3,0,10
2018-05-30 15:00:00+00:00,0,0,0,2,0,2
2018-05-30 15:30:00+00:00,0,1,58,2,0,61
2018-05-30 16:00:00+00:00,0,0,2,2,0,4
2018-05-30 16:30:00+00:00,0,0,0,0,0,0
2018-05-30 17:00:00+00:00,0,0,13,0,0,13
2018-05-30 17:30:00+00:00,0,0,0,0,0,0
2018-05-30 18:00:00+00:00,0,0,2,0,0,2
2018-05-30 18:30:00+00:00,0,0,30,0,0,30
2018-05-30 19:00:00+00:00,0,0,0,0,0,0
2018-05-30 19:30:00+00:00,0,1,44,0,0,45
2018-05-30 20:00:00+00:00,0,0,20,0,0,20
2018-05-30 20:30:00+00:00,0,0,0,0,0,0
2018-05-30 21:00:00+00:00,0,0,0,0,0,0
2018-05-30 21:30:00+00:00,0,0,0,0,704,704
2018-05-30 22:00:00+00:00,0,0,0,0,0,0
2018-05-30 22:30:00+00:00,0,0,0,0,0,0
2018-05-30 23:00:00+00:00,0,0,0,0,0,0
2018-05-30 23:30:00+00:00,0,0,0,0,0,0
2018-05-31 00:00:00+00:00,0,0,0,0,0,0
2018-05-31 00:30:00+00:00,0,0,0,0,0,0
2018-05-31 01:00:00+00:00,0,0,0,0,0,0
2018-05-31 01:30:00+00:00,0,0,0,0,0,0
2018-05-31 02:00:00+00:00,0,0,0,0,0,0
2018-05-31 02:30:00+00:00,0,0,0,0,0,0
2018-05-31 03:00:00+00:00,0,0,0,0,0,0
2018-05-31 03:30:00+00:00,0,0,0,0,0,0
2018-05-31 04:00:00+00:00,0,0,1,0,0,1
2018-05-31 04:30:00+00:00,0,0,5,0,0,5
2018-05-31 05:00:00+00:00,0,0,3,0,0,3
2018-05-31 05:30:00+00:00,0,4,9,0,0,13
2018-05-31 06:00:00+00:00,0,32,13,0,0,45
2018-05-31 06:30:00+00:00,0,52,12,0,0,64
2018-05-31 07:00:00+00:00,0,40,0,0,0,40
2018-05-31 07:30:00+00:00,0,15,15,8,0,38
2018-05-31 08:00:00+00:00,1,17,17,9,0,44
2018-05-31 08:30:00+00:00,0,1,17,21,0,39
2018-05-31 09:00:00+00:00,0,27,44,20,0,91
2018-05-31 09:30:00+00:00,0,15,39,1,0,55
2018-05-31 10:00:00+00:00,0,10,22,4,0,36
2018-05-31 10:30:00+00:00,557,5,18,18,0,598
2018-05-31 11:00:00+00:00,0,9,24,82,0,115
2018-05-31 11:30:00+00:00,0,8,21,52,0,81
2018-05-31 12:00:00+00:00,0,3,18,12,0,33
2018-05-31 12:30:00+00:00,0,14,7,4,0,25
2018-05-31 13:00:00+00:00,0,6,22,26,0,54
2018-05-31 13:30:00+00:00,0,2,7,13,0,22
2018-05-31 14:00:00+00:00,0,0,9,50,0,59
2018-05-31 14:30:00+00:00,0,1,9,36,0,46
2018-05-31 15:00:00+00:00,1,5,2,11,0,19
2018-05-31 15:30:00+00:00,0,18,124,18,0,160
2018-05-31 16:00:00+00:00,0,0,45,22,0,67
2018-05-31 16:30:00+00:00,0,0,0,0,0,0
2018-05-31 17:00:00+00:00,0,4,0,0,0,4
2018-05-31 17:30:00+00:00,0,2,0,0,0,2
2018-05-31 18:00:00+00:00,0,0,1,0,0,1
2018-05-31 18:30:00+00:00,0,0,0,0,0,0
2018-05-31 19:00:00+00:00,0,0,0,0,0,0
2018-05-31 19:30:00+00:00,0,0,0,0,0,0
2018-05-31 20:00:00+00:00,0,0,0,0,0,0
2018-05-31 20:30:00+00:00,0,0,0,0,0,0
2018-05-31 21:00:00+00:00,0,0,2,0,0,2
2018-05-31 21:30:00+00:00,0,0,1,0,999,1000
2018-05-31 22:00:00+00:00,0,0,0,0,0,0
2018-05-31 22:30:00+00:00,0,0,0,0,0,0
2018-05-31 23:00:00+00:00,0,0,0,0,0,0
2018-05-31 23:30:00+00:00,0,0,0,0,0,0
2018-06-01 00:00:00+00:00,0,0,0,0,0,0
2018-06-01 00:30:00+00:00,0,0,0,0,0,0
2018-06-01 01:00:00+00:00,0,0,0,0,0,0
2018-06-01 01:30:00+00:00,0,0,0,0,0,0
2018-06-01 02:00:00+00:00,0,0,0,0,0,0
2018-06-01 02:30:00+00:00,0,0,0,0,0,0
2018-06-01 03:00:00+00:00,0,0,0,0,0,0
2018-06-01 03:30:00+00:00,0,1,0,0,0,1
2018-06-01 04:00:00+00:00,0,0,0,0,0,0
2018-06-01 04:30:00+00:00,0,0,6,0,0,6
2018-06-01 05:00:00+00:00,0,11,1,0,0,12
2018-06-01 05:30:00+00:00,0,79,82,0,0,161
2018-06-01 06:00:00+00:00,0,3,6,0,0,9
2018-06-01 06:30:00+00:00,0,50,22,0,0,72
2018-06-01 07:00:00+00:00,0,21,31,21,0,73
2018-06-01 07:30:00+00:00,0,2,12,17,0,31
2018-06-01 08:00:00+00:00,0,23,10,6,0,39
2018-06-01 08:30:00+00:00,0,14,20,4,0,38
2018-06-01 09:00:00+00:00,0,9,5,18,0,32
2018-06-01 09:30:00+00:00,1,41,5,3,0,50
2018-06-01 10:00:00+00:00,0,84,7,4,0,95
2018-06-01 10:30:00+00:00,0,21,7,15,0,43
2018-06-01 11:00:00+00:00,0,8,27,51,0,86
2018-06-01 11:30:00+00:00,0,2,6,20,0,28
2018-06-01 12:00:00+00:00,0,18,13,5,0,36
2018-06-01 12:30:00+00:00,0,9,22,10,0,41
2018-06-01 13:00:00+00:00,0,13,4,5,0,22
2018-06-01 13:30:00+00:00,0,8,5,1,0,14
2018-06-01 14:00:00+00:00,0,8,0,10,0,18
2018-06-01 14:30:00+00:00,0,19,1,10,0,30
2018-06-01 15:00:00+00:00,0,13,0,13,0,26
2018-06-01 15:30:00+00:00,0,5,113,40,0,158
2018-06-01 16:00:00+00:00,0,2,2,10,0,14
2018-06-01 16:30:00+00:00,0,0,1,0,0,1
2018-06-01 17:00:00+00:00,0,1,30,0,0,31
2018-06-01 17:30:00+00:00,0,2,0,0,0,2
2018-06-01 18:00:00+00:00,0,1,0,0,0,1
2018-06-01 18:30:00+00:00,0,2,0,0,0,2
2018-06-01 19:00:00+00:00,0,0,0,0,0,0
2018-06-01 19:30:00+00:00,0,0,0,0,0,0
2018-06-01 20:00:00+00:00,0,0,0,0,0,0
2018-06-01 20:30:00+00:00,0,0,0,0,0,0
2018-06-01 21:00:00+00:00,0,0,0,0,0,0
2018-06-01 21:30:00+00:00,0,0,0,0,280,280
2018-06-01 22:00:00+00:00,0,0,0,0,0,0
2018-06-01 22:30:00+00:00,0,0,0,0,0,0
2018-06-01 23:00:00+00:00,0,0,0,0,0,0
2018-06-01 23:30:00+00:00,0,0,23,0,0,23
2018-06-02 00:00:00+00:00,0,0,0,0,0,0
2018-06-02 00:30:00+00:00,0,0,0,0,0,0
2018-06-02 01:00:00+00:00,0,0,0,0,0,0
2018-06-02 01:30:00+00:00,0,0,0,0,0,0
2018-06-02 02:00:00+00:00,0,0,0,0,0,0
2018-06-02 02:30:00+00:00,0,0,0,0,0,0
2018-06-02 03:00:00+00:00,0,0,0,0,0,0
2018-06-02 03:30:00+00:00,0,0,0,0,0,0
2018-06-02 04:00:00+00:00,0,0,0,0,0,0
2018-06-02 04:30:00+00:00,0,0,0,0,0,0
2018-06-02 05:00:00+00:00,0,0,0,0,0,0
2018-06-02 05:30:00+00:00,0,0,0,0,0,0
2018-06-02 06:00:00+00:00,0,0,0,0,0,0
2018-06-02 06:30:00+00:00,0,0,0,0,0,0
2018-06-02 07:00:00+00:00,0,0,0,0,0,0
2018-06-02 07:30:00+00:00,0,0,0,0,0,0
2018-06-02 08:00:00+00:00,0,0,0,0,0,0
2018-06-02 08:30:00+00:00,0,0,0,0,0,0
2018-06-02 09:00:00+00:00,0,0,0,0,0,0
2018-06-02 09:30:00+00:00,0,0,0,0,0,0
2018-06-02 10:00:00+00:00,0,0,0,0,0,0
2018-06-02 10:30:00+00:00,0,0,0,0,0,0
2018-06-02 11:00:00+00:00,0,0,0,0,0,0
2018-06-02 11:30:00+00:00,0,0,0,0,0,0
2018-06-02 12:00:00+00:00,0,0,0,0,0,0
2018-06-02 12:30:00+00:00,0,0,0,0,0,0
2018-06-02 13:00:00+00:00,0,0,0,0,0,0
2018-06-02 13:30:00+00:00,0,0,0,0,0,0
2018-06-02 14:00:00+00:00,0,0,0,0,0,0
2018-06-02 14:30:00+00:00,0,0,0,0,0,0
2018-06-02 15:00:00+00:00,0,0,0,0,0,0
2018-06-02 15:30:00+00:00,0,0,0,0,0,0
2018-06-02 16:00:00+00:00,0,0,0,0,0,0
2018-06-02 16:30:00+00:00,0,0,0,0,0,0
2018-06-02 17:00:00+00:00,0,0,0,0,0,0
2018-06-02 17:30:00+00:00,0,0,0,0,0,0
2018-06-02 18:00:00+00:00,0,0,0,0,0,0
2018-06-02 18:30:00+00:00,0,0,0,0,0,0
2018-06-02 19:00:00+00:00,0,0,0,0,0,0
2018-06-02 19:30:00+00:00,0,0,0,0,0,0
2018-06-02 20:00:00+00:00,0,0,0,0,0,0
2018-06-02 20:30:00+00:00,0,0,0,0,0,0
2018-06-02 21:00:00+00:00,0,0,0,0,0,0
2018-06-02 21:30:00+00:00,0,0,0,0,21,21
2018-06-02 22:00:00+00:00,0,0,0,0,0,0
2018-06-02 22:30:00+00:00,0,0,0,0,0,0
2018-06-02 23:00:00+00:00,0,0,0,0,0,0
2018-06-02 23:30:00+00:00,0,0,0,0,0,0
2018-06-03 00:00:00+00:00,0,0,0,0,0,0
2018-06-03 00:30:00+00:00,0,0,0,0,0,0
2018-06-03 01:00:00+00:00,0,0,0,0,0,0
2018-06-03 01:30:00+00:00,0,0,0,0,0,0
2018-06-03 02:00:00+00:00,0,0,0,0,0,0
2018-06-03 02:30:00+00:00,0,0,0,0,0,0
2018-06-03 03:00:00+00:00,0,0,0,0,0,0
2018-06-03 03:30:00+00:00,0,0,0,0,0,0
2018-06-03 04:00:00+00:00,0,0,0,0,0,0
2018-06-03 04:30:00+00:00,0,0,0,0,0,0
2018-06-03 05:00:00+00:00,0,0,0,0,0,0
2018-06-03 05:30:00+00:00,0,0,0,0,0,0
2018-06-03 06:00:00+00:00,0,0,0,0,0,0
2018-06-03 06:30:00+00:00,0,0,0,0,0,0
2018-06-03 07:00:00+00:00,0,0,0,0,0,0
2018-06-03 07:30:00+00:00,0,0,0,0,0,0
2018-06-03 08:00:00+00:00,0,0,0,0,0,0
2018-06-03 08:30:00+00:00,0,0,0,0,0,0
2018-06-03 09:00:00+00:00,0,0,0,0,0,0
2018-06-03 09:30:00+00:00,0,0,0,0,0,0
2018-06-03 10:00:00+00:00,0,0,0,0,0,0
2018-06-03 10:30:00+00:00,0,0,0,0,0,0
2018-06-03 11:00:00+00:00,0,0,0,0,0,0
2018-06-03 11:30:00+00:00,0,0,0,0,0,0
2018-06-03 12:00:00+00:00,0,0,0,0,0,0
2018-06-03 12:30:00+00:00,0,0,0,0,0,0
2018-06-03 13:00:00+00:00,0,0,0,0,0,0
2018-06-03 13:30:00+00:00,0,0,0,0,0,0
2018-06-03 14:00:00+00:00,0,0,0,0,0,0
2018-06-03 14:30:00+00:00,0,0,0,0,0,0
2018-06-03 15:00:00+00:00,0,0,0,0,0,0
2018-06-03 15:30:00+00:00,0,0,0,0,0,0
2018-06-03 16:00:00+00:00,0,0,0,0,0,0
2018-06-03 16:30:00+00:00,0,0,0,0,0,0
2018-06-03 17:00:00+00:00,0,0,0,0,0,0
2018-06-03 17:30:00+00:00,0,0,0,0,0,0
2018-06-03 18:00:00+00:00,0,0,0,0,0,0
2018-06-03 18:30:00+00:00,0,0,0,0,0,0
2018-06-03 19:00:00+00:00,0,0,0,0,0,0
2018-06-03 19:30:00+00:00,0,0,0,0,0,0
2018-06-03 20:00:00+00:00,0,0,0,0,0,0
2018-06-03 20:30:00+00:00,0,0,0,0,0,0
2018-06-03 21:00:00+00:00,0,0,0,0,0,0
2018-06-03 21:30:00+00:00,0,0,0,0,0,0
2018-06-03 22:00:00+00:00,0,0,0,0,0,0
2018-06-03 22:30:00+00:00,0,0,0,0,0,0
2018-06-03 23:00:00+00:00,0,0,0,0,0,0
2018-06-03 23:30:00+00:00,0,0,0,0,0,0
2018-06-04 00:00:00+00:00,0,0,0,0,0,0
2018-06-04 00:30:00+00:00,0,0,0,0,0,0
2018-06-04 01:00:00+00:00,0,0,0,0,0,0
2018-06-04 01:30:00+00:00,0,0,0,0,0,0
2018-06-04 02:00:00+00:00,0,0,0,0,0,0
2018-06-04 02:30:00+00:00,0,0,0,0,0,0
2018-06-04 03:00:00+00:00,0,0,0,0,0,0
2018-06-04 03:30:00+00:00,0,0,0,0,0,0
2018-06-04 04:00:00+00:00,0,0,1,0,0,1
2018-06-04 04:30:00+00:00,0,0,2,0,0,2
2018-06-04 05:00:00+00:00,0,0,5,0,0,5
2018-06-04 05:30:00+00:00,0,37,0,0,0,37
2018-06-04 06:00:00+00:00,0,67,14,0,0,81
2018-06-04 06:30:00+00:00,0,42,18,0,0,60
2018-06-04 07:00:00+00:00,0,21,25,0,0,46
2018-06-04 07:30:00+00:00,0,39,17,5,0,61
2018-06-04 08:00:00+00:00,0,34,82,1,0,117
2018-06-04 08:30:00+00:00,0,26,14,13,0,53
2018-06-04 09:00:00+00:00,0,124,18,9,0,151
2018-06-04 09:30:00+00:00,0,37,14,8,0,59
2018-06-04 10:00:00+00:00,0,6,6,37,0,49
2018-06-04 10:30:00+00:00,0,6,34,10,0,50
2018-06-04 11:00:00+00:00,0,84,41,7,0,132
2018-06-04 11:30:00+00:00,0,58,43,17,0,118
2018-06-04 12:00:00+00:00,0,21,27,1,0,49
2018-06-04 12:30:00+00:00,0,17,7,12,0,36
2018-06-04 13:00:00+00:00,0,17,38,24,0,79
2018-06-04 13:30:00+00:00,0,43,7,1,0,51
2018-06-04 14:00:00+00:00,0,2,9,35,0,46
2018-06-04 14:30:00+00:00,0,19,3,75,0,97
2018-06-04 15:00:00+00:00,0,50,7,23,0,80
2018-06-04 15:30:00+00:00,0,1,33,17,0,51
2018-06-04 16:00:00+00:00,0,0,47,35,0,82
2018-06-04 16:30:00+00:00,0,0,1,0,0,1
2018-06-04 17:00:00+00:00,0,0,0,0,0,0
2018-06-04 17:30:00+00:00,0,0,0,0,0,0
2018-06-04 18:00:00+00:00,0,0,1,0,0,1
2018-06-04 18:30:00+00:00,0,0,0,0,0,0
2018-06-04 19:00:00+00:00,0,0,1,0,0,1
2018-06-04 19:30:00+00:00,0,2,30,0,0,32
2018-06-04 20:00:00+00:00,0,1,0,0,0,1
2018-06-04 20:30:00+00:00,0,0,0,0,0,0
2018-06-04 21:00:00+00:00,0,8,0,0,0,8
2018-06-04 21:30:00+00:00,0,0,0,0,394,394
2018-06-04 22:00:00+00:00,0,0,0,0,0,0
2018-06-04 22:30:00+00:00,0,0,0,0,0,0
2018-06-04 23:00:00+00:00,0,0,0,0,0,0
2018-06-04 23:30:00+00:00,0,0,1,0,0,1
2018-06-05 00:00:00+00:00,0,0,23,0,0,23
2018-06-05 00:30:00+00:00,0,0,0,0,0,0
2018-06-05 01:00:00+00:00,0,0,0,0,0,0
2018-06-05 01:30:00+00:00,0,0,0,0,0,0
2018-06-05 02:00:00+00:00,0,0,0,0,0,0
2018-06-05 02:30:00+00:00,0,0,0,0,0,0
2018-06-05 03:00:00+00:00,0,0,0,0,0,0
2018-06-05 03:30:00+00:00,0,2,0,0,0,2
2018-06-05 04:00:00+00:00,0,0,4,0,0,4
2018-06-05 04:30:00+00:00,0,0,4,0,0,4
2018-06-05 05:00:00+00:00,0,0,4,0,0,4
2018-06-05 05:30:00+00:00,0,120,9,0,0,129
2018-06-05 06:00:00+00:00,0,37,15,0,0,52
2018-06-05 06:30:00+00:00,0,5,26,0,0,31
2018-06-05 07:00:00+00:00,0,8,20,16,0,44
2018-06-05 07:30:00+00:00,0,9,31,28,0,68
2018-06-05 08:00:00+00:00,0,13,13,25,0,51
2018-06-05 08:30:00+00:00,0,24,57,15,0,96
2018-06-05 09:00:00+00:00,0,5,21,34,0,60
2018-06-05 09:30:00+00:00,0,12,13,13,0,38
2018-06-05 10:00:00+00:00,0,24,13,24,0,61
2018-06-05 10:30:00+00:00,0,8,30,10,0,48
2018-06-05 11:00:00+00:00,0,116,27,3,0,146
2018-06-05 11:30:00+00:00,0,60,98,8,0,166
2018-06-05 12:00:00+00:00,0,16,47,13,0,76
2018-06-05 12:30:00+00:00,0,29,35,10,0,74
2018-06-05 13:00:00+00:00,4,8,32,14,0,58
2018-06-05 13:30:00+00:00,0,9,4,36,0,49
2018-06-05 14:00:00+00:00,0,9,17,43,0,69
2018-06-05 14:30:00+00:00,0,6,7,75,0,88
2018-06-05 15:00:00+00:00,0,6,14,52,0,72
2018-06-05 15:30:00+00:00,0,0,123,8,0,131
2018-06-05 16:00:00+00:00,0,0,28,45,0,73
2018-06-05 16:30:00+00:00,0,0,0,0,0,0
2018-06-05 17:00:00+00:00,0,0,3,0,0,3
2018-06-05 17:30:00+00:00,0,0,0,0,0,0
2018-06-05 18:00:00+00:00,0,0,1,0,0,1
2018-06-05 18:30:00+00:00,0,0,2,0,0,2
2018-06-05 19:00:00+00:00,0,0,0,0,0,0
2018-06-05 19:30:00+00:00,0,0,0,0,0,0
2018-06-05 20:00:00+00:00,0,18,0,0,0,18
2018-06-05 20:30:00+00:00,0,0,34,0,0,34
2018-06-05 21:00:00+00:00,0,0,0,0,0,0
2018-06-05 21:30:00+00:00,0,0,0,0,364,364
2018-06-05 22:00:00+00:00,0,0,0,0,0,0
2018-06-05 22:30:00+00:00,0,0,1,0,0,1
2018-06-05 23:00:00+00:00,0,0,0,0,0,0
2018-06-05 23:30:00+00:00,0,0,0,0,0,0
2018-06-06 00:00:00+00:00,0,0,0,0,0,0
2018-06-06 00:30:00+00:00,0,0,0,0,0,0
2018-06-06 01:00:00+00:00,0,0,0,0,0,0
2018-06-06 01:30:00+00:00,0,0,0,0,0,0
2018-06-06 02:00:00+00:00,0,0,0,0,0,0
2018-06-06 02:30:00+00:00,0,0,0,0,0,0
2018-06-06 03:00:00+00:00,0,7,0,0,0,7
2018-06-06 03:30:00+00:00,0,0,0,0,0,0
2018-06-06 04:00:00+00:00,0,0,0,0,0,0
2018-06-06 04:30:00+00:00,0,0,0,0,0,0
2018-06-06 05:00:00+00:00,0,0,72,0,0,72
2018-06-06 05:30:00+00:00,0,21,14,0,0,35
2018-06-06 06:00:00+00:00,0,72,4,0,0,76
2018-06-06 06:30:00+00:00,0,290,16,0,0,306
2018-06-06 07:00:00+00:00,0,25,7,5,0,37
2018-06-06 07:30:00+00:00,0,11,15,20,0,46
2018-06-06 08:00:00+00:00,0,7,48,40,0,95
2018-06-06 08:30:00+00:00,0,15,23,16,0,54
2018-06-06 09:00:00+00:00,0,12,15,2,0,29
2018-06-06 09:30:00+00:00,0,48,21,14,0,83
2018-06-06 10:00:00+00:00,0,12,1,12,0,25
2018-06-06 10:30:00+00:00,0,15,23,11,0,49
2018-06-06 11:00:00+00:00,0,8,19,12,0,39
2018-06-06 11:30:00+00:00,0,6,26,19,0,51
2018-06-06 12:00:00+00:00,0,5,7,10,0,22
2018-06-06 12:30:00+00:00,0,8,9,5,0,22
2018-06-06 13:00:00+00:00,0,94,37,0,0,131
2018-06-06 13:30:00+00:00,0,20,6,0,0,26
2018-06-06 14:00:00+00:00,0,19,19,31,0,69
2018-06-06 14:30:00+00:00,0,1,1,114,0,116
2018-06-06 15:00:00+00:00,0,13,15,13,0,41
2018-06-06 15:30:00+00:00,0,17,79,23,0,119
2018-06-06 16:00:00+00:00,0,0,0,7,0,7
2018-06-06 16:30:00+00:00,0,0,25,0,0,25
2018-06-06 17:00:00+00:00,0,0,1,0,0,1
2018-06-06 17:30:00+00:00,0,0,0,0,0,0
2018-06-06 18:00:00+00:00,0,0,0,0,0,0
2018-06-06 18:30:00+00:00,0,0,0,0,0,0
2018-06-06 19:00:00+00:00,0,0,0,0,0,0
2018-06-06 19:30:00+00:00,0,0,19,0,0,19
2018-06-06 20:00:00+00:00,0,0,28,0,0,28
2018-06-06 20:30:00+00:00,0,0,0,0,0,0
2018-06-06 21:00:00+00:00,0,0,0,0,0,0
2018-06-06 21:30:00+00:00,0,0,0,0,545,545
2018-06-06 22:00:00+00:00,0,0,0,0,0,0
2018-06-06 22:30:00+00:00,0,0,0,0,0,0
2018-06-06 23:00:00+00:00,0,0,0,0,0,0
2018-06-06 23:30:00+00:00,0,0,0,0,0,0
2018-06-07 00:00:00+00:00,0,0,0,0,0,0
2018-06-07 00:30:00+00:00,0,0,0,0,0,0
2018-06-07 01:00:00+00:00,0,0,0,0,0,0
2018-06-07 01:30:00+00:00,0,0,0,0,0,0
2018-06-07 02:00:00+00:00,0,0,0,0,0,0
2018-06-07 02:30:00+00:00,0,0,2,0,0,2
2018-06-07 03:00:00+00:00,0,0,0,0,0,0
2018-06-07 03:30:00+00:00,0,10,0,0,0,10
2018-06-07 04:00:00+00:00,0,0,0,0,0,0
2018-06-07 04:30:00+00:00,0,0,2,0,0,2
2018-06-07 05:00:00+00:00,0,4,3,1,0,8
2018-06-07 05:30:00+00:00,0,30,5,1,0,36
2018-06-07 06:00:00+00:00,0,52,9,0,0,61
2018-06-07 06:30:00+00:00,0,39,23,2,0,64
2018-06-07 07:00:00+00:00,0,32,12,0,0,44
2018-06-07 07:30:00+00:00,0,14,21,31,0,66
2018-06-07 08:00:00+00:00,0,29,17,25,0,71
2018-06-07 08:30:00+00:00,0,20,40,11,0,71
2018-06-07 09:00:00+00:00,0,46,7,15,0,68
2018-06-07 09:30:00+00:00,0,5,16,15,0,36
2018-06-07 10:00:00+00:00,0,15,27,64,0,106
2018-06-07 10:30:00+00:00,0,6,8,25,0,39
2018-06-07 11:00:00+00:00,3792,130,26,26,0,3974
2018-06-07 11:30:00+00:00,0,8,38,5,0,51
2018-06-07 12:00:00+00:00,0,12,11,3,0,26
2018-06-07 12:30:00+00:00,0,13,19,5,0,37
2018-06-07 13:00:00+00:00,0,40,19,0,0,59
2018-06-07 13:30:00+00:00,0,27,13,3,0,43
2018-06-07 14:00:00+00:00,0,15,1,4,0,20
2018-06-07 14:30:00+00:00,0,9,11,31,0,51
2018-06-07 15:00:00+00:00,0,20,2,7,0,29
2018-06-07 15:30:00+00:00,0,79,41,8,0,128
2018-06-07 16:00:00+00:00,0,0,31,4,0,35
2018-06-07 16:30:00+00:00,0,0,1,0,0,1
2018-06-07 17:00:00+00:00,0,0,14,0,0,14
2018-06-07 17:30:00+00:00,0,0,0,0,0,0
2018-06-07 18:00:00+00:00,0,4,10,0,0,14
2018-06-07 18:30:00+00:00,0,0,0,0,0,0
2018-06-07 19:00:00+00:00,0,0,7,0,0,7
2018-06-07 19:30:00+00:00,0,0,10,0,0,10
2018-06-07 20:00:00+00:00,0,0,22,0,0,22
2018-06-07 20:30:00+00:00,0,0,2,0,0,2
2018-06-07 21:00:00+00:00,0,0,0,0,0,0
2018-06-07 21:30:00+00:00,0,0,1,0,517,518
2018-06-07 22:00:00+00:00,0,0,0,0,0,0
2018-06-07 22:30:00+00:00,0,0,0,0,0,0
2018-06-07 23:00:00+00:00,0,0,0,0,0,0
2018-06-07 23:30:00+00:00,0,0,0,0,0,0
2018-06-08 00:00:00+00:00,0,0,0,0,0,0
2018-06-08 00:30:00+00:00,0,0,0,0,0,0
2018-06-08 01:00:00+00:00,0,0,0,0,0,0
2018-06-08 01:30:00+00:00,0,0,0,0,0,0
2018-06-08 02:00:00+00:00,0,0,0,0,0,0
2018-06-08 02:30:00+00:00,0,0,0,0,0,0
2018-06-08 03:00:00+00:00,0,0,0,0,0,0
2018-06-08 03:30:00+00:00,0,0,0,4,0,4
2018-06-08 04:00:00+00:00,0,2,0,0,0,2
2018-06-08 04:30:00+00:00,0,1,1,0,0,2
2018-06-08 05:00:00+00:00,0,40,58,0,0,98
2018-06-08 05:30:00+00:00,0,25,16,0,0,41
2018-06-08 06:00:00+00:00,0,100,21,0,0,121
2018-06-08 06:30:00+00:00,0,31,22,6,0,59
2018-06-08 07:00:00+00:00,0,17,15,0,0,32
2018-06-08 07:30:00+00:00,26,14,25,0,0,65
2018-06-08 08:00:00+00:00,0,20,31,6,0,57
2018-06-08 08:30:00+00:00,0,16,17,26,0,59
2018-06-08 09:00:00+00:00,0,37,14,1,0,52
2018-06-08 09:30:00+00:00,0,15,7,0,0,22
2018-06-08 10:00:00+00:00,0,52,21,46,0,119
2018-06-08 10:30:00+00:00,0,20,12,34,0,66
2018-06-08 11:00:00+00:00,0,5,22,64,0,91
2018-06-08 11:30:00+00:00,0,18,21,2,0,41
2018-06-08 12:00:00+00:00,0,42,16,49,0,107
2018-06-08 12:30:00+00:00,0,4,47,5,0,56
2018-06-08 13:00:00+00:00,0,8,4,0,0,12
2018-06-08 13:30:00+00:00,0,36,1,2,0,39
2018-06-08 14:00:00+00:00,0,6,8,11,0,25
2018-06-08 14:30:00+00:00,0,0,0,27,0,27
2018-06-08 15:00:00+00:00,0,0,2,71,0,73
2018-06-08 15:30:00+00:00,0,14,82,0,0,96
2018-06-08 16:00:00+00:00,0,0,47,9,0,56
2018-06-08 16:30:00+00:00,0,0,0,0,0,0
2018-06-08 17:00:00+00:00,0,0,0,0,0,0
2018-06-08 17:30:00+00:00,0,0,0,0,0,0
2018-06-08 18:00:00+00:00,0,0,0,0,0,0
2018-06-08 18:30:00+00:00,0,0,22,0,0,22
2018-06-08 19:00:00+00:00,0,0,7,0,0,7
2018-06-08 19:30:00+00:00,0,0,19,0,0,19
2018-06-08 20:00:00+00:00,0,0,0,0,0,0
2018-06-08 20:30:00+00:00,0,0,1,0,0,1
2018-06-08 21:00:00+00:00,0,0,0,0,0,0
2018-06-08 21:30:00+00:00,0,0,0,0,651,651
2018-06-08 22:00:00+00:00,0,0,0,0,0,0
2018-06-08 22:30:00+00:00,0,0,0,0,0,0
2018-06-08 23:00:00+00:00,0,0,0,0,0,0
2018-06-08 23:30:00+00:00,0,0,0,0,0,0
2018-06-09 00:00:00+00:00,0,0,0,0,0,0
2018-06-09 00:30:00+00:00,0,0,0,0,0,0
2018-06-09 01:00:00+00:00,0,0,0,0,0,0
2018-06-09 01:30:00+00:00,0,0,14,0,0,14
2018-06-09 02:00:00+00:00,0,0,0,0,0,0
2018-06-09 02:30:00+00:00,0,0,0,0,0,0
2018-06-09 03:00:00+00:00,0,0,0,0,0,0
2018-06-09 03:30:00+00:00,0,0,0,0,0,0
2018-06-09 04:00:00+00:00,0,0,0,0,0,0
2018-06-09 04:30:00+00:00,0,0,0,0,0,0
2018-06-09 05:00:00+00:00,0,0,0,0,0,0
2018-06-09 05:30:00+00:00,0,0,2,0,0,2
2018-06-09 06:00:00+00:00,0,0,2,0,0,2
2018-06-09 06:30:00+00:00,0,0,0,0,0,0
2018-06-09 07:00:00+00:00,0,0,0,0,0,0
2018-06-09 07:30:00+00:00,0,0,0,0,0,0
2018-06-09 08:00:00+00:00,0,0,0,0,0,0
2018-06-09 08:30:00+00:00,0,0,0,0,0,0
2018-06-09 09:00:00+00:00,0,0,0,0,0,0
2018-06-09 09:30:00+00:00,0,0,0,0,0,0
2018-06-09 10:00:00+00:00,0,0,0,0,0,0
2018-06-09 10:30:00+00:00,0,0,0,0,0,0
2018-06-09 11:00:00+00:00,0,0,0,0,0,0
2018-06-09 11:30:00+00:00,0,0,0,0,0,0
2018-06-09 12:00:00+00:00,0,0,0,0,0,0
2018-06-09 12:30:00+00:00,0,0,0,0,0,0
2018-06-09 13:00:00+00:00,0,7,0,0,0,7
2018-06-09 13:30:00+00:00,0,0,0,0,0,0
2018-06-09 14:00:00+00:00,0,0,0,0,0,0
2018-06-09 14:30:00+00:00,0,0,0,0,0,0
2018-06-09 15:00:00+00:00,0,0,0,0,0,0
2018-06-09 15:30:00+00:00,0,0,0,0,0,0
2018-06-09 16:00:00+00:00,0,0,0,0,0,0
2018-06-09 16:30:00+00:00,0,0,0,0,0,0
2018-06-09 17:00:00+00:00,0,0,0,0,0,0
2018-06-09 17:30:00+00:00,0,0,0,0,0,0
2018-06-09 18:00:00+00:00,0,0,0,0,0,0
2018-06-09 18:30:00+00:00,0,0,0,0,0,0
2018-06-09 19:00:00+00:00,0,0,0,0,0,0
2018-06-09 19:30:00+00:00,0,0,0,0,0,0
2018-06-09 20:00:00+00:00,0,0,0,0,0,0
2018-06-09 20:30:00+00:00,0,0,0,0,0,0
2018-06-09 21:00:00+00:00,0,0,0,0,0,0
2018-06-09 21:30:00+00:00,0,0,0,0,3,3
2018-06-09 22:00:00+00:00,0,0,0,0,0,0
2018-06-09 22:30:00+00:00,0,0,0,0,0,0
2018-06-09 23:00:00+00:00,0,0,0,0,0,0
2018-06-09 23:30:00+00:00,0,0,0,0,0,0
2018-06-10 00:00:00+00:00,0,0,0,0,0,0
2018-06-10 00:30:00+00:00,0,0,0,0,0,0
2018-06-10 01:00:00+00:00,0,0,0,0,0,0
2018-06-10 01:30:00+00:00,0,0,0,0,0,0
2018-06-10 02:00:00+00:00,0,0,0,0,0,0
2018-06-10 02:30:00+00:00,0,0,0,0,0,0
2018-06-10 03:00:00+00:00,0,0,0,0,0,0
2018-06-10 03:30:00+00:00,0,0,0,0,0,0
2018-06-10 04:00:00+00:00,0,0,0,0,0,0
2018-06-10 04:30:00+00:00,0,0,0,0,0,0
2018-06-10 05:00:00+00:00,0,0,0,0,0,0
2018-06-10 05:30:00+00:00,0,0,0,0,0,0
2018-06-10 06:00:00+00:00,0,0,0,0,0,0
2018-06-10 06:30:00+00:00,0,0,0,0,0,0
2018-06-10 07:00:00+00:00,0,0,0,0,0,0
2018-06-10 07:30:00+00:00,0,0,0,0,0,0
2018-06-10 08:00:00+00:00,0,0,0,0,0,0
2018-06-10 08:30:00+00:00,0,0,0,0,0,0
2018-06-10 09:00:00+00:00,0,0,0,0,0,0
2018-06-10 09:30:00+00:00,0,0,0,0,0,0
2018-06-10 10:00:00+00:00,0,0,0,0,0,0
2018-06-10 10:30:00+00:00,0,0,0,0,0,0
2018-06-10 11:00:00+00:00,0,0,0,0,0,0
2018-06-10 11:30:00+00:00,0,0,0,0,0,0
2018-06-10 12:00:00+00:00,0,0,0,0,0,0
2018-06-10 12:30:00+00:00,0,0,0,0,0,0
2018-06-10 13:00:00+00:00,0,0,0,0,0,0
2018-06-10 13:30:00+00:00,0,0,0,0,0,0
2018-06-10 14:00:00+00:00,0,0,0,0,0,0
2018-06-10 14:30:00+00:00,0,0,0,0,0,0
2018-06-10 15:00:00+00:00,0,0,0,0,0,0
2018-06-10 15:30:00+00:00,0,0,0,0,0,0
2018-06-10 16:00:00+00:00,0,0,0,0,0,0
2018-06-10 16:30:00+00:00,0,0,0,0,0,0
2018-06-10 17:00:00+00:00,0,0,0,0,0,0
2018-06-10 17:30:00+00:00,0,0,0,0,0,0
2018-06-10 18:00:00+00:00,0,0,0,0,0,0
2018-06-10 18:30:00+00:00,0,0,0,0,0,0
2018-06-10 19:00:00+00:00,0,0,0,0,0,0
2018-06-10 19:30:00+00:00,0,0,0,0,0,0
2018-06-10 20:00:00+00:00,0,0,0,0,0,0
2018-06-10 20:30:00+00:00,0,0,0,0,0,0
2018-06-10 21:00:00+00:00,0,0,0,0,0,0
2018-06-10 21:30:00+00:00,0,0,0,0,1,1
2018-06-10 22:00:00+00:00,0,0,0,0,0,0
2018-06-10 22:30:00+00:00,0,0,0,0,0,0
2018-06-10 23:00:00+00:00,0,0,0,0,0,0
2018-06-10 23:30:00+00:00,0,0,0,0,0,0
2018-06-11 00:00:00+00:00,0,0,0,0,0,0
2018-06-11 00:30:00+00:00,0,0,0,0,0,0
2018-06-11 01:00:00+00:00,0,0,0,0,0,0
2018-06-11 01:30:00+00:00,0,0,0,0,0,0
2018-06-11 02:00:00+00:00,0,0,0,0,0,0
2018-06-11 02:30:00+00:00,0,0,0,0,0,0
2018-06-11 03:00:00+00:00,0,5,0,17,0,22
2018-06-11 03:30:00+00:00,0,0,0,4,0,4
2018-06-11 04:00:00+00:00,0,0,0,0,0,0
2018-06-11 04:30:00+00:00,0,0,0,0,0,0
2018-06-11 05:00:00+00:00,0,0,0,0,0,0
2018-06-11 05:30:00+00:00,0,10,9,0,0,19
2018-06-11 06:00:00+00:00,0,6,6,0,0,12
2018-06-11 06:30:00+00:00,0,71,10,0,0,81
2018-06-11 07:00:00+00:00,0,26,15,0,0,41
2018-06-11 07:30:00+00:00,0,14,43,20,0,77
2018-06-11 08:00:00+00:00,0,13,19,35,0,67
2018-06-11 08:30:00+00:00,0,78,9,65,0,152
2018-06-11 09:00:00+00:00,0,53,21,8,0,82
2018-06-11 09:30:00+00:00,0,57,15,43,0,115
2018-06-11 10:00:00+00:00,0,5,16,13,0,34
2018-06-11 10:30:00+00:00,0,2,15,15,0,32
2018-06-11 11:00:00+00:00,0,14,21,19,0,54
2018-06-11 11:30:00+00:00,0,19,59,37,0,115
2018-06-11 12:00:00+00:00,0,7,21,11,0,39
2018-06-11 12:30:00+00:00,0,13,12,42,0,67
2018-06-11 13:00:00+00:00,0,14,15,2,0,31
2018-06-11 13:30:00+00:00,0,8,28,1,0,37
2018-06-11 14:00:00+00:00,0,11,3,0,0,14
2018-06-11 14:30:00+00:00,0,0,23,20,0,43
2018-06-11 15:00:00+00:00,0,0,61,3,0,64
2018-06-11 15:30:00+00:00,0,1,12,38,0,51
2018-06-11 16:00:00+00:00,0,0,0,0,0,0
2018-06-11 16:30:00+00:00,0,0,0,0,0,0
2018-06-11 17:00:00+00:00,0,0,0,0,0,0
2018-06-11 17:30:00+00:00,0,0,0,0,0,0
2018-06-11 18:00:00+00:00,0,0,0,0,0,0
2018-06-11 18:30:00+00:00,0,0,0,0,0,0
2018-06-11 19:00:00+00:00,0,0,0,0,0,0
2018-06-11 19:30:00+00:00,0,0,0,0,0,0
2018-06-11 20:00:00+00:00,0,0,0,0,0,0
2018-06-11 20:30:00+00:00,0,0,0,0,0,0
2018-06-11 21:00:00+00:00,0,0,0,0,0,0
2018-06-11 21:30:00+00:00,0,0,0,0,435,435
2018-06-11 22:00:00+00:00,0,0,0,0,0,0
2018-06-11 22:30:00+00:00,0,0,0,0,0,0
2018-06-11 23:00:00+00:00,0,0,0,0,0,0
2018-06-11 23:30:00+00:00,0,0,0,0,0,0
2018-06-12 00:00:00+00:00,0,0,0,0,0,0
2018-06-12 00:30:00+00:00,0,0,0,0,0,0
2018-06-12 01:00:00+00:00,0,0,0,0,0,0
2018-06-12 01:30:00+00:00,0,0,0,0,0,0
2018-06-12 02:00:00+00:00,0,0,0,0,0,0
2018-06-12 02:30:00+00:00,0,0,0,0,0,0
2018-06-12 03:00:00+00:00,0,0,0,72,0,72
2018-06-12 03:30:00+00:00,0,0,0,7,0,7
2018-06-12 04:00:00+00:00,0,5,0,16,0,21
2018-06-12 04:30:00+00:00,0,0,0,0,0,0
2018-06-12 05:00:00+00:00,0,26,25,17,0,68
2018-06-12 05:30:00+00:00,0,9,5,2,0,16
2018-06-12 06:00:00+00:00,0,8,7,3,0,18
2018-06-12 06:30:00+00:00,0,5,20,0,0,25
2018-06-12 07:00:00+00:00,0,114,12,38,0,164
2018-06-12 07:30:00+00:00,0,157,14,3,0,174
2018-06-12 08:00:00+00:00,0,17,34,28,0,79
2018-06-12 08:30:00+00:00,0,53,4,48,0,105
2018-06-12 09:00:00+00:00,0,11,28,143,0,182
2018-06-12 09:30:00+00:00,0,25,23,63,0,111
2018-06-12 10:00:00+00:00,98,34,19,16,0,167
2018-06-12 10:30:00+00:00,0,3,44,28,0,75
2018-06-12 11:00:00+00:00,0,89,19,5,0,113
2018-06-12 11:30:00+00:00,0,8,81,11,0,100
2018-06-12 12:00:00+00:00,0,31,17,7,0,55
2018-06-12 12:30:00+00:00,0,17,10,24,0,51
2018-06-12 13:00:00+00:00,0,18,8,17,0,43
2018-06-12 13:30:00+00:00,0,27,14,22,0,63
2018-06-12 14:00:00+00:00,0,44,3,6,0,53
2018-06-12 14:30:00+00:00,0,29,36,45,0,110
2018-06-12 15:00:00+00:00,0,25,18,8,0,51
2018-06-12 15:30:00+00:00,0,7,55,2,0,64
2018-06-12 16:00:00+00:00,0,13,0,2,0,15
2018-06-12 16:30:00+00:00,0,0,0,0,0,0
2018-06-12 17:00:00+00:00,0,0,2,0,0,2
2018-06-12 17:30:00+00:00,0,0,0,0,0,0
2018-06-12 18:00:00+00:00,0,0,0,0,0,0
2018-06-12 18:30:00+00:00,0,0,1,0,0,1
2018-06-12 19:00:00+00:00,0,0,0,0,0,0
2018-06-12 19:30:00+00:00,0,0,0,0,0,0
2018-06-12 20:00:00+00:00,0,25,0,0,0,25
2018-06-12 20:30:00+00:00,0,24,0,0,0,24
2018-06-12 21:00:00+00:00,0,0,0,0,0,0
2018-06-12 21:30:00+00:00,0,0,0,0,412,412
2018-06-12 22:00:00+00:00,0,2,0,0,0,2
2018-06-12 22:30:00+00:00,0,0,0,0,0,0
2018-06-12 23:00:00+00:00,0,0,0,0,0,0
2018-06-12 23:30:00+00:00,0,0,0,0,0,0
2018-06-13 00:00:00+00:00,0,0,0,0,0,0
2018-06-13 00:30:00+00:00,0,0,0,0,0,0
2018-06-13 01:00:00+00:00,0,0,0,0,0,0
2018-06-13 01:30:00+00:00,0,0,0,0,0,0
2018-06-13 02:00:00+00:00,0,0,0,0,0,0
2018-06-13 02:30:00+00:00,0,0,0,0,0,0
2018-06-13 03:00:00+00:00,0,0,0,0,0,0
2018-06-13 03:30:00+00:00,0,0,0,0,0,0
2018-06-13 04:00:00+00:00,0,0,1,0,0,1
2018-06-13 04:30:00+00:00,0,0,1,46,0,47
2018-06-13 05:00:00+00:00,0,0,76,39,0,115
2018-06-13 05:30:00+00:00,0,75,7,6,0,88
2018-06-13 06:00:00+00:00,0,49,11,0,0,60
2018-06-13 06:30:00+00:00,0,32,26,0,0,58
2018-06-13 07:00:00+00:00,0,4,10,31,0,45
2018-06-13 07:30:00+00:00,0,33,9,57,0,99
2018-06-13 08:00:00+00:00,0,18,8,23,0,49
2018-06-13 08:30:00+00:00,0,25,11,54,0,90
2018-06-13 09:00:00+00:00,0,27,243,14,0,284
2018-06-13 09:30:00+00:00,0,14,23,13,0,50
2018-06-13 10:00:00+00:00,0,8,16,20,0,44
2018-06-13 10:30:00+00:00,0,4,41,107,0,152
2018-06-13 11:00:00+00:00,0,11,67,15,0,93
2018-06-13 11:30:00+00:00,0,27,44,1,0,72
2018-06-13 12:00:00+00:00,0,29,57,7,0,93
2018-06-13 12:30:00+00:00,0,53,36,20,0,109
2018-06-13 13:00:00+00:00,0,54,25,10,0,89
2018-06-13 13:30:00+00:00,0,7,30,92,0,129
2018-06-13 14:00:00+00:00,0,11,16,23,0,50
2018-06-13 14:30:00+00:00,0,6,35,47,0,88
2018-06-13 15:00:00+00:00,0,0,70,26,0,96
2018-06-13 15:30:00+00:00,0,0,106,1,0,107
2018-06-13 16:00:00+00:00,0,0,0,20,0,20
2018-06-13 16:30:00+00:00,0,0,5,0,0,5
2018-06-13 17:00:00+00:00,0,0,0,0,0,0
2018-06-13 17:30:00+00:00,0,0,1,0,0,1
2018-06-13 18:00:00+00:00,0,0,1,0,0,1
2018-06-13 18:30:00+00:00,0,0,3,0,0,3
2018-06-13 19:00:00+00:00,0,0,3,0,0,3
2018-06-13 19:30:00+00:00,0,0,0,0,0,0
2018-06-13 20:00:00+00:00,0,0,0,0,0,0
2018-06-13 20:30:00+00:00,0,0,0,0,0,0
2018-06-13 21:00:00+00:00,0,0,0,0,0,0
2018-06-13 21:30:00+00:00,0,0,0,0,525,525
2018-06-13 22:00:00+00:00,0,0,0,0,0,0
2018-06-13 22:30:00+00:00,0,1,0,0,0,1
2018-06-13 23:00:00+00:00,0,0,0,0,0,0
2018-06-13 23:30:00+00:00,0,0,0,0,0,0
2018-06-14 00:00:00+00:00,0,0,0,0,0,0
2018-06-14 00:30:00+00:00,0,0,0,0,0,0
2018-06-14 01:00:00+00:00,0,0,0,0,0,0
2018-06-14 01:30:00+00:00,0,0,0,0,0,0
2018-06-14 02:00:00+00:00,0,0,0,0,0,0
2018-06-14 02:30:00+00:00,0,0,0,0,0,0
2018-06-14 03:00:00+00:00,0,0,0,20,0,20
2018-06-14 03:30:00+00:00,0,0,0,12,0,12
2018-06-14 04:00:00+00:00,0,12,2,0,0,14
2018-06-14 04:30:00+00:00,0,0,0,8,0,8
2018-06-14 05:00:00+00:00,0,0,2,19,0,21
2018-06-14 05:30:00+00:00,0,19,16,10,0,45
2018-06-14 06:00:00+00:00,0,5,45,35,0,85
2018-06-14 06:30:00+00:00,0,39,24,0,0,63
2018-06-14 07:00:00+00:00,0,18,28,8,0,54
2018-06-14 07:30:00+00:00,0,60,64,18,0,142
2018-06-14 08:00:00+00:00,0,49,44,9,0,102
2018-06-14 08:30:00+00:00,0,29,23,45,0,97
2018-06-14 09:00:00+00:00,0,8,16,20,0,44
2018-06-14 09:30:00+00:00,0,54,8,13,0,75
2018-06-14 10:00:00+00:00,0,2,38,25,0,65
2018-06-14 10:30:00+00:00,0,11,29,18,0,58
2018-06-14 11:00:00+00:00,0,4,50,7,0,61
2018-06-14 11:30:00+00:00,0,9,8,24,0,41
2018-06-14 12:00:00+00:00,0,65,17,2,0,84
2018-06-14 12:30:00+00:00,0,16,25,27,0,68
2018-06-14 13:00:00+00:00,472,21,29,19,0,541
2018-06-14 13:30:00+00:00,0,15,20,14,0,49
2018-06-14 14:00:00+00:00,0,14,7,5,0,26
2018-06-14 14:30:00+00:00,0,84,3,16,0,103
2018-06-14 15:00:00+00:00,0,12,42,8,0,62
2018-06-14 15:30:00+00:00,0,11,80,9,0,100
2018-06-14 16:00:00+00:00,0,0,7,2,0,9
2018-06-14 16:30:00+00:00,0,0,1,0,0,1
2018-06-14 17:00:00+00:00,0,0,26,0,0,26
2018-06-14 17:30:00+00:00,0,0,3,0,0,3
2018-06-14 18:00:00+00:00,0,0,0,0,0,0
2018-06-14 18:30:00+00:00,0,0,0,0,0,0
2018-06-14 19:00:00+00:00,0,0,0,0,0,0
2018-06-14 19:30:00+00:00,0,0,1,0,0,1
2018-06-14 20:00:00+00:00,0,0,2,0,0,2
2018-06-14 20:30:00+00:00,0,0,0,0,0,0
2018-06-14 21:00:00+00:00,0,1,0,0,0,1
2018-06-14 21:30:00+00:00,0,0,0,0,395,395
2018-06-14 22:00:00+00:00,0,0,16,0,0,16
2018-06-14 22:30:00+00:00,0,0,0,0,0,0
2018-06-14 23:00:00+00:00,0,0,0,0,0,0
2018-06-14 23:30:00+00:00,0,0,0,0,0,0
2018-06-15 00:00:00+00:00,0,0,0,0,0,0
2018-06-15 00:30:00+00:00,0,0,0,0,0,0
2018-06-15 01:00:00+00:00,0,0,0,0,0,0
2018-06-15 01:30:00+00:00,0,0,0,0,0,0
2018-06-15 02:00:00+00:00,0,0,0,0,0,0
2018-06-15 02:30:00+00:00,0,0,0,0,0,0
2018-06-15 03:00:00+00:00,0,0,0,0,0,0
2018-06-15 03:30:00+00:00,0,0,2,1,0,3
2018-06-15 04:00:00+00:00,0,0,0,2,0,2
2018-06-15 04:30:00+00:00,0,1,22,0,0,23
2018-06-15 05:00:00+00:00,0,32,43,0,0,75
2018-06-15 05:30:00+00:00,0,56,5,15,0,76
2018-06-15 06:00:00+00:00,0,51,9,2,0,62
2018-06-15 06:30:00+00:00,0,91,20,0,0,111
2018-06-15 07:00:00+00:00,0,12,15,1,0,28
2018-06-15 07:30:00+00:00,0,9,19,26,0,54
2018-06-15 08:00:00+00:00,0,6,6,5,0,17
2018-06-15 08:30:00+00:00,0,17,17,34,0,68
2018-06-15 09:00:00+00:00,4,16,26,43,0,89
2018-06-15 09:30:00+00:00,6,13,8,45,0,72
2018-06-15 10:00:00+00:00,0,8,14,10,0,32
2018-06-15 10:30:00+00:00,0,8,39,41,0,88
2018-06-15 11:00:00+00:00,0,92,57,12,0,161
2018-06-15 11:30:00+00:00,0,2,35,1,0,38
2018-06-15 12:00:00+00:00,0,5,7,7,0,19
2018-06-15 12:30:00+00:00,0,10,10,49,0,69
2018-06-15 13:00:00+00:00,0,8,19,1,0,28
2018-06-15 13:30:00+00:00,0,5,21,3,0,29
2018-06-15 14:00:00+00:00,0,7,7,1,0,15
2018-06-15 14:30:00+00:00,0,7,58,1,0,66
2018-06-15 15:00:00+00:00,0,24,0,0,0,24
2018-06-15 15:30:00+00:00,0,25,110,2,0,137
2018-06-15 16:00:00+00:00,0,0,1,0,0,1
2018-06-15 16:30:00+00:00,0,0,0,0,0,0
2018-06-15 17:00:00+00:00,0,0,0,0,0,0
2018-06-15 17:30:00+00:00,0,19,3,0,0,22
2018-06-15 18:00:00+00:00,0,0,0,0,0,0
2018-06-15 18:30:00+00:00,0,0,2,0,0,2
2018-06-15 19:00:00+00:00,0,0,0,0,0,0
2018-06-15 19:30:00+00:00,0,0,0,0,0,0
2018-06-15 20:00:00+00:00,0,1,2,0,0,3
2018-06-15 20:30:00+00:00,0,0,0,0,0,0
2018-06-15 21:00:00+00:00,0,0,0,0,0,0
2018-06-15 21:30:00+00:00,0,0,0,0,458,458
2018-06-15 22:00:00+00:00,0,0,0,0,0,0
2018-06-15 22:30:00+00:00,0,0,0,0,0,0
2018-06-15 23:00:00+00:00,0,0,0,0,0,0
2018-06-15 23:30:00+00:00,0,0,1,0,0,1
2018-06-16 00:00:00+00:00,0,0,0,0,0,0
2018-06-16 00:30:00+00:00,0,0,0,0,0,0
2018-06-16 01:00:00+00:00,0,0,0,0,0,0
2018-06-16 01:30:00+00:00,0,0,0,0,0,0
2018-06-16 02:00:00+00:00,0,0,0,0,0,0
2018-06-16 02:30:00+00:00,0,0,0,0,0,0
2018-06-16 03:00:00+00:00,0,0,0,0,0,0
2018-06-16 03:30:00+00:00,0,0,0,0,0,0
2018-06-16 04:00:00+00:00,0,0,0,0,0,0
2018-06-16 04:30:00+00:00,0,0,0,0,0,0
2018-06-16 05:00:00+00:00,0,0,0,0,0,0
2018-06-16 05:30:00+00:00,0,0,0,0,0,0
2018-06-16 06:00:00+00:00,0,0,0,0,0,0
2018-06-16 06:30:00+00:00,0,0,1,0,0,1
2018-06-16 07:00:00+00:00,0,0,0,0,0,0
2018-06-16 07:30:00+00:00,0,0,0,0,0,0
2018-06-16 08:00:00+00:00,0,0,0,0,0,0
2018-06-16 08:30:00+00:00,0,0,0,0,0,0
2018-06-16 09:00:00+00:00,0,0,0,0,0,0
2018-06-16 09:30:00+00:00,0,0,0,0,0,0
2018-06-16 10:00:00+00:00,0,0,2,0,0,2
2018-06-16 10:30:00+00:00,0,0,0,0,0,0
2018-06-16 11:00:00+00:00,0,0,0,0,0,0
2018-06-16 11:30:00+00:00,0,0,0,0,0,0
2018-06-16 12:00:00+00:00,0,0,0,0,0,0
2018-06-16 12:30:00+00:00,0,0,0,0,0,0
2018-06-16 13:00:00+00:00,0,0,0,0,0,0
2018-06-16 13:30:00+00:00,0,0,0,0,0,0
2018-06-16 14:00:00+00:00,0,0,0,0,0,0
2018-06-16 14:30:00+00:00,0,0,0,0,0,0
2018-06-16 15:00:00+00:00,0,0,0,0,0,0
2018-06-16 15:30:00+00:00,0,0,0,0,0,0
2018-06-16 16:00:00+00:00,0,0,0,0,0,0
2018-06-16 16:30:00+00:00,0,0,0,0,0,0
2018-06-16 17:00:00+00:00,0,0,0,0,0,0
2018-06-16 17:30:00+00:00,0,0,0,0,0,0
2018-06-16 18:00:00+00:00,0,0,0,0,0,0
2018-06-16 18:30:00+00:00,0,0,0,0,0,0
2018-06-16 19:00:00+00:00,0,0,0,0,0,0
2018-06-16 19:30:00+00:00,0,0,0,0,0,0
2018-06-16 20:00:00+00:00,0,0,0,0,0,0
2018-06-16 20:30:00+00:00,0,0,0,0,0,0
2018-06-16 21:00:00+00:00,0,0,0,0,0,0
2018-06-16 21:30:00+00:00,0,0,0,0,16,16
2018-06-16 22:00:00+00:00,0,0,0,0,0,0
2018-06-16 22:30:00+00:00,0,0,0,0,0,0
2018-06-16 23:00:00+00:00,0,0,0,0,0,0
2018-06-16 23:30:00+00:00,0,0,0,0,0,0
2018-06-17 00:00:00+00:00,0,0,0,0,0,0
2018-06-17 00:30:00+00:00,0,0,0,0,0,0
2018-06-17 01:00:00+00:00,0,0,0,0,0,0
2018-06-17 01:30:00+00:00,0,0,0,0,0,0
2018-06-17 02:00:00+00:00,0,0,0,0,0,0
2018-06-17 02:30:00+00:00,0,0,0,0,0,0
2018-06-17 03:00:00+00:00,0,0,0,0,0,0
2018-06-17 03:30:00+00:00,0,0,0,0,0,0
2018-06-17 04:00:00+00:00,0,0,0,0,0,0
2018-06-17 04:30:00+00:00,0,0,0,0,0,0
2018-06-17 05:00:00+00:00,0,0,0,0,0,0
2018-06-17 05:30:00+00:00,0,0,0,0,0,0
2018-06-17 06:00:00+00:00,0,0,0,0,0,0
2018-06-17 06:30:00+00:00,0,0,0,0,0,0
2018-06-17 07:00:00+00:00,0,0,0,0,0,0
2018-06-17 07:30:00+00:00,0,0,0,0,0,0
2018-06-17 08:00:00+00:00,0,0,0,0,0,0
2018-06-17 08:30:00+00:00,0,0,0,0,0,0
2018-06-17 09:00:00+00:00,0,0,0,0,0,0
2018-06-17 09:30:00+00:00,0,0,0,0,0,0
2018-06-17 10:00:00+00:00,0,0,0,0,0,0
2018-06-17 10:30:00+00:00,0,0,0,0,0,0
2018-06-17 11:00:00+00:00,0,0,0,0,0,0
2018-06-17 11:30:00+00:00,0,0,0,0,0,0
2018-06-17 12:00:00+00:00,0,0,0,0,0,0
2018-06-17 12:30:00+00:00,0,0,0,0,0,0
2018-06-17 13:00:00+00:00,0,0,0,0,0,0
2018-06-17 13:30:00+00:00,0,0,0,0,0,0
2018-06-17 14:00:00+00:00,0,0,0,0,0,0
2018-06-17 14:30:00+00:00,0,0,0,0,0,0
2018-06-17 15:00:00+00:00,0,0,0,0,0,0
2018-06-17 15:30:00+00:00,0,0,0,0,0,0
2018-06-17 16:00:00+00:00,0,0,0,0,0,0
2018-06-17 16:30:00+00:00,0,0,0,0,0,0
2018-06-17 17:00:00+00:00,0,0,0,0,0,0
2018-06-17 17:30:00+00:00,0,0,0,0,0,0
2018-06-17 18:00:00+00:00,0,0,0,0,0,0
2018-06-17 18:30:00+00:00,0,0,0,0,0,0
2018-06-17 19:00:00+00:00,0,0,0,0,0,0
2018-06-17 19:30:00+00:00,0,0,0,0,0,0
2018-06-17 20:00:00+00:00,0,0,0,0,0,0
2018-06-17 20:30:00+00:00,0,0,0,0,0,0
2018-06-17 21:00:00+00:00,0,0,0,0,0,0
2018-06-17 21:30:00+00:00,0,0,0,0,0,0
2018-06-17 22:00:00+00:00,0,0,0,0,0,0
2018-06-17 22:30:00+00:00,0,1,0,0,0,1
2018-06-17 23:00:00+00:00,0,0,0,0,0,0
2018-06-17 23:30:00+00:00,0,0,0,0,0,0
2018-06-18 00:00:00+00:00,0,0,0,0,0,0
2018-06-18 00:30:00+00:00,0,0,0,0,0,0
2018-06-18 01:00:00+00:00,0,0,0,0,0,0
2018-06-18 01:30:00+00:00,0,0,0,0,0,0
2018-06-18 02:00:00+00:00,0,0,0,0,0,0
2018-06-18 02:30:00+00:00,0,0,0,0,0,0
2018-06-18 03:00:00+00:00,0,0,0,0,0,0
2018-06-18 03:30:00+00:00,0,0,0,2,0,2
2018-06-18 04:00:00+00:00,0,0,2,0,0,2
2018-06-18 04:30:00+00:00,0,0,4,0,0,4
2018-06-18 05:00:00+00:00,0,3,8,0,0,11
2018-06-18 05:30:00+00:00,0,19,49,0,0,68
2018-06-18 06:00:00+00:00,0,10,15,0,0,25
2018-06-18 06:30:00+00:00,0,94,16,0,0,110
2018-06-18 07:00:00+00:00,0,21,14,0,0,35
2018-06-18 07:30:00+00:00,0,41,11,9,0,61
2018-06-18 08:00:00+00:00,0,46,22,2,0,70
2018-06-18 08:30:00+00:00,0,30,28,15,0,73
2018-06-18 09:00:00+00:00,0,26,25,68,0,119
2018-06-18 09:30:00+00:00,0,45,17,43,0,105
2018-06-18 10:00:00+00:00,0,29,13,77,0,119
2018-06-18 10:30:00+00:00,0,30,17,69,0,116
2018-06-18 11:00:00+00:00,0,36,49,1,0,86
2018-06-18 11:30:00+00:00,0,20,32,0,0,52
2018-06-18 12:00:00+00:00,0,10,24,21,0,55
2018-06-18 12:30:00+00:00,0,2,13,4,0,19
2018-06-18 13:00:00+00:00,0,8,13,2,0,23
2018-06-18 13:30:00+00:00,0,13,31,1,0,45
2018-06-18 14:00:00+00:00,0,0,18,1,0,19
2018-06-18 14:30:00+00:00,0,20,20,14,0,54
2018-06-18 15:00:00+00:00,0,6,10,23,0,39
2018-06-18 15:30:00+00:00,0,0,21,31,0,52
2018-06-18 16:00:00+00:00,0,0,22,10,0,32
2018-06-18 16:30:00+00:00,0,0,2,0,0,2
2018-06-18 17:00:00+00:00,0,0,2,0,0,2
2018-06-18 17:30:00+00:00,0,0,1,0,0,1
2018-06-18 18:00:00+00:00,0,0,5,0,0,5
2018-06-18 18:30:00+00:00,0,0,6,0,0,6
2018-06-18 19:00:00+00:00,0,0,0,0,0,0
2018-06-18 19:30:00+00:00,0,0,0,0,0,0
2018-06-18 20:00:00+00:00,0,0,0,0,0,0
2018-06-18 20:30:00+00:00,0,0,0,0,0,0
2018-06-18 21:00:00+00:00,0,0,0,0,0,0
2018-06-18 21:30:00+00:00,0,0,0,0,661,661
2018-06-18 22:00:00+00:00,0,0,0,0,0,0
2018-06-18 22:30:00+00:00,0,0,0,0,0,0
2018-06-18 23:00:00+00:00,0,0,0,0,0,0
2018-06-18 23:30:00+00:00,0,0,0,0,0,0
2018-06-19 00:00:00+00:00,0,0,0,0,0,0
2018-06-19 00:30:00+00:00,0,0,0,0,0,0
2018-06-19 01:00:00+00:00,0,0,0,0,0,0
2018-06-19 01:30:00+00:00,0,0,0,0,0,0
2018-06-19 02:00:00+00:00,0,0,0,0,0,0
2018-06-19 02:30:00+00:00,0,0,0,0,0,0
2018-06-19 03:00:00+00:00,0,0,0,0,0,0
2018-06-19 03:30:00+00:00,0,8,0,13,0,21
2018-06-19 04:00:00+00:00,0,0,0,0,0,0
2018-06-19 04:30:00+00:00,0,0,0,0,0,0
2018-06-19 05:00:00+00:00,0,3,76,2,0,81
2018-06-19 05:30:00+00:00,0,86,19,0,0,105
2018-06-19 06:00:00+00:00,0,4,8,0,0,12
2018-06-19 06:30:00+00:00,0,4,50,0,0,54
2018-06-19 07:00:00+00:00,0,73,24,6,0,103
2018-06-19 07:30:00+00:00,0,56,19,1,0,76
2018-06-19 08:00:00+00:00,0,33,10,7,0,50
2018-06-19 08:30:00+00:00,0,9,19,36,0,64
2018-06-19 09:00:00+00:00,0,7,31,22,0,60
2018-06-19 09:30:00+00:00,0,13,22,36,0,71
2018-06-19 10:00:00+00:00,0,7,21,16,0,44
2018-06-19 10:30:00+00:00,0,4,22,19,0,45
2018-06-19 11:00:00+00:00,0,6,9,8,0,23
2018-06-19 11:30:00+00:00,0,8,19,12,0,39
2018-06-19 12:00:00+00:00,0,24,19,0,0,43
2018-06-19 12:30:00+00:00,0,10,21,1,0,32
2018-06-19 13:00:00+00:00,0,19,22,0,0,41
2018-06-19 13:30:00+00:00,0,38,38,38,0,114
2018-06-19 14:00:00+00:00,0,19,9,6,0,34
2018-06-19 14:30:00+00:00,0,15,5,10,0,30
2018-06-19 15:00:00+00:00,0,73,0,16,0,89
2018-06-19 15:30:00+00:00,0,0,108,31,0,139
2018-06-19 16:00:00+00:00,0,0,0,3,0,3
2018-06-19 16:30:00+00:00,0,0,0,0,0,0
2018-06-19 17:00:00+00:00,0,0,2,0,0,2
2018-06-19 17:30:00+00:00,0,0,0,0,0,0
2018-06-19 18:00:00+00:00,0,0,0,0,0,0
2018-06-19 18:30:00+00:00,0,0,10,0,0,10
2018-06-19 19:00:00+00:00,0,0,1,0,0,1
2018-06-19 19:30:00+00:00,0,0,14,0,0,14
2018-06-19 20:00:00+00:00,0,1,0,0,0,1
2018-06-19 20:30:00+00:00,0,0,0,0,0,0
2018-06-19 21:00:00+00:00,0,0,0,0,0,0
2018-06-19 21:30:00+00:00,0,0,0,0,389,389
2018-06-19 22:00:00+00:00,0,0,0,0,0,0
2018-06-19 22:30:00+00:00,0,0,0,0,0,0
2018-06-19 23:00:00+00:00,0,0,0,0,0,0
2018-06-19 23:30:00+00:00,0,0,0,0,0,0
2018-06-20 00:00:00+00:00,0,0,0,0,0,0
2018-06-20 00:30:00+00:00,0,0,0,0,0,0
2018-06-20 01:00:00+00:00,0,0,0,0,0,0
2018-06-20 01:30:00+00:00,0,0,0,0,0,0
2018-06-20 02:00:00+00:00,0,0,0,0,0,0
2018-06-20 02:30:00+00:00,0,0,0,0,0,0
2018-06-20 03:00:00+00:00,0,0,0,1,0,1
2018-06-20 03:30:00+00:00,0,0,0,2,0,2
2018-06-20 04:00:00+00:00,0,0,0,0,0,0
2018-06-20 04:30:00+00:00,0,0,2,0,0,2
2018-06-20 05:00:00+00:00,0,4,34,1,0,39
2018-06-20 05:30:00+00:00,0,74,4,0,0,78
2018-06-20 06:00:00+00:00,0,23,9,0,0,32
2018-06-20 06:30:00+00:00,0,37,8,0,0,45
2018-06-20 07:00:00+00:00,0,33,9,0,0,42
2018-06-20 07:30:00+00:00,0,12,14,23,0,49
2018-06-20 08:00:00+00:00,0,7,18,4,0,29
2018-06-20 08:30:00+00:00,0,11,16,10,0,37
2018-06-20 09:00:00+00:00,0,21,14,49,0,84
2018-06-20 09:30:00+00:00,0,6,25,37,0,68
2018-06-20 10:00:00+00:00,0,3,22,38,0,63
2018-06-20 10:30:00+00:00,0,0,9,16,0,25
2018-06-20 11:00:00+00:00,0,6,71,7,0,84
2018-06-20 11:30:00+00:00,0,2,5,6,0,13
2018-06-20 12:00:00+00:00,0,11,24,32,0,67
2018-06-20 12:30:00+00:00,0,8,25,13,0,46
2018-06-20 13:00:00+00:00,0,15,18,8,0,41
2018-06-20 13:30:00+00:00,0,16,41,17,0,74
2018-06-20 14:00:00+00:00,0,18,10,39,0,67
2018-06-20 14:30:00+00:00,0,0,3,27,0,30
2018-06-20 15:00:00+00:00,0,5,28,10,0,43
2018-06-20 15:30:00+00:00,0,2,53,13,0,68
2018-06-20 16:00:00+00:00,0,0,5,4,0,9
2018-06-20 16:30:00+00:00,0,0,0,0,0,0
2018-06-20 17:00:00+00:00,0,0,1,0,0,1
2018-06-20 17:30:00+00:00,0,0,0,0,0,0
2018-06-20 18:00:00+00:00,0,0,2,0,0,2
2018-06-20 18:30:00+00:00,0,0,0,0,0,0
2018-06-20 19:00:00+00:00,0,0,0,0,0,0
2018-06-20 19:30:00+00:00,0,0,0,0,0,0
2018-06-20 20:00:00+00:00,0,7,19,0,0,26
2018-06-20 20:30:00+00:00,0,39,103,0,0,142
2018-06-20 21:00:00+00:00,0,0,0,0,0,0
2018-06-20 21:30:00+00:00,0,0,0,0,705,705
2018-06-20 22:00:00+00:00,0,0,0,0,0,0
2018-06-20 22:30:00+00:00,0,0,0,0,0,0
2018-06-20 23:00:00+00:00,0,0,0,0,0,0
2018-06-20 23:30:00+00:00,0,0,0,0,0,0
2018-06-21 00:00:00+00:00,0,0,0,0,0,0
2018-06-21 00:30:00+00:00,0,0,0,0,0,0
2018-06-21 01:00:00+00:00,0,0,0,0,0,0
2018-06-21 01:30:00+00:00,0,0,0,0,0,0
2018-06-21 02:00:00+00:00,0,0,0,0,0,0
2018-06-21 02:30:00+00:00,0,0,0,0,0,0
2018-06-21 03:00:00+00:00,0,0,0,0,0,0
2018-06-21 03:30:00+00:00,0,0,0,1,0,1
2018-06-21 04:00:00+00:00,0,5,0,0,0,5
2018-06-21 04:30:00+00:00,0,0,4,0,0,4
2018-06-21 05:00:00+00:00,0,14,0,0,0,14
2018-06-21 05:30:00+00:00,0,0,9,0,0,9
2018-06-21 06:00:00+00:00,0,6,23,0,0,29
2018-06-21 06:30:00+00:00,0,67,6,4,0,77
2018-06-21 07:00:00+00:00,0,9,4,3,0,16
2018-06-21 07:30:00+00:00,0,27,37,11,0,75
2018-06-21 08:00:00+00:00,0,9,64,27,0,100
2018-06-21 08:30:00+00:00,0,46,8,39,0,93
2018-06-21 09:00:00+00:00,0,29,31,2,0,62
2018-06-21 09:30:00+00:00,0,19,11,36,0,66
2018-06-21 10:00:00+00:00,0,25,23,11,0,59
2018-06-21 10:30:00+00:00,337,20,22,44,0,423
2018-06-21 11:00:00+00:00,0,19,9,16,0,44
2018-06-21 11:30:00+00:00,0,22,38,14,0,74
2018-06-21 12:00:00+00:00,0,14,7,19,0,40
2018-06-21 12:30:00+00:00,0,38,11,33,0,82
2018-06-21 13:00:00+00:00,0,25,12,11,0,48
2018-06-21 13:30:00+00:00,0,4,32,22,0,58
2018-06-21 14:00:00+00:00,0,5,3,32,0,40
2018-06-21 14:30:00+00:00,0,1,12,22,0,35
2018-06-21 15:00:00+00:00,0,0,21,8,0,29
2018-06-21 15:30:00+00:00,0,1,6,4,0,11
2018-06-21 16:00:00+00:00,0,0,99,0,0,99
2018-06-21 16:30:00+00:00,0,0,15,0,0,15
2018-06-21 17:00:00+00:00,0,0,1,0,0,1
2018-06-21 17:30:00+00:00,0,0,2,0,0,2
2018-06-21 18:00:00+00:00,0,0,1,0,0,1
2018-06-21 18:30:00+00:00,0,0,0,0,0,0
2018-06-21 19:00:00+00:00,0,0,0,0,0,0
2018-06-21 19:30:00+00:00,0,0,1,0,0,1
2018-06-21 20:00:00+00:00,0,0,0,0,0,0
2018-06-21 20:30:00+00:00,0,0,0,0,0,0
2018-06-21 21:00:00+00:00,0,0,0,0,0,0
2018-06-21 21:30:00+00:00,0,0,0,0,521,521
2018-06-21 22:00:00+00:00,0,0,0,0,0,0
2018-06-21 22:30:00+00:00,0,0,0,0,0,0
2018-06-21 23:00:00+00:00,0,0,0,0,0,0
2018-06-21 23:30:00+00:00,0,0,0,0,0,0
2018-06-22 00:00:00+00:00,0,0,0,0,0,0
2018-06-22 00:30:00+00:00,0,0,0,0,0,0
2018-06-22 01:00:00+00:00,0,0,0,0,0,0
2018-06-22 01:30:00+00:00,0,0,0,0,0,0
2018-06-22 02:00:00+00:00,0,0,0,0,0,0
2018-06-22 02:30:00+00:00,0,0,0,0,0,0
2018-06-22 03:00:00+00:00,0,0,0,0,0,0
2018-06-22 03:30:00+00:00,0,0,0,0,0,0
2018-06-22 04:00:00+00:00,0,0,0,0,0,0
2018-06-22 04:30:00+00:00,0,0,13,1,0,14
2018-06-22 05:00:00+00:00,0,17,22,0,0,39
2018-06-22 05:30:00+00:00,0,146,11,2,0,159
2018-06-22 06:00:00+00:00,0,0,12,17,0,29
2018-06-22 06:30:00+00:00,0,37,16,8,0,61
2018-06-22 07:00:00+00:00,0,8,11,3,0,22
2018-06-22 07:30:00+00:00,0,0,52,0,0,52
2018-06-22 08:00:00+00:00,0,7,77,7,0,91
2018-06-22 08:30:00+00:00,0,21,3,4,0,28
2018-06-22 09:00:00+00:00,16,26,2,28,0,72
2018-06-22 09:30:00+00:00,0,37,31,37,0,105
2018-06-22 10:00:00+00:00,0,46,1,0,0,47
2018-06-22 10:30:00+00:00,0,19,6,0,0,25
2018-06-22 11:00:00+00:00,0,4,2,23,0,29
2018-06-22 11:30:00+00:00,0,3,1,57,0,61
2018-06-22 12:00:00+00:00,0,1,0,73,0,74
2018-06-22 12:30:00+00:00,0,3,12,88,0,103
2018-06-22 13:00:00+00:00,0,11,3,18,0,32
2018-06-22 13:30:00+00:00,0,9,1,45,0,55
2018-06-22 14:00:00+00:00,0,10,6,23,0,39
2018-06-22 14:30:00+00:00,0,10,6,0,0,16
2018-06-22 15:00:00+00:00,0,3,1,3,0,7
2018-06-22 15:30:00+00:00,0,9,132,10,0,151
2018-06-22 16:00:00+00:00,0,0,1,0,0,1
2018-06-22 16:30:00+00:00,0,0,0,0,0,0
2018-06-22 17:00:00+00:00,0,0,7,0,0,7
2018-06-22 17:30:00+00:00,0,0,0,0,0,0
2018-06-22 18:00:00+00:00,0,0,0,0,0,0
2018-06-22 18:30:00+00:00,0,0,0,0,0,0
2018-06-22 19:00:00+00:00,0,0,0,0,0,0
2018-06-22 19:30:00+00:00,0,0,0,0,0,0
2018-06-22 20:00:00+00:00,0,0,0,0,0,0
2018-06-22 20:30:00+00:00,0,0,0,0,0,0
2018-06-22 21:00:00+00:00,0,0,0,0,0,0
2018-06-22 21:30:00+00:00,0,0,0,0,416,416
2018-06-22 22:00:00+00:00,0,0,0,0,0,0
2018-06-22 22:30:00+00:00,0,0,22,0,0,22
2018-06-22 23:00:00+00:00,0,0,0,0,0,0
2018-06-22 23:30:00+00:00,0,0,0,0,0,0
2018-06-23 00:00:00+00:00,0,0,0,0,0,0
2018-06-23 00:30:00+00:00,0,0,0,0,0,0
2018-06-23 01:00:00+00:00,0,0,0,0,0,0
2018-06-23 01:30:00+00:00,0,0,0,0,0,0
2018-06-23 02:00:00+00:00,0,0,0,0,0,0
2018-06-23 02:30:00+00:00,0,0,0,0,0,0
2018-06-23 03:00:00+00:00,0,0,0,0,0,0
2018-06-23 03:30:00+00:00,0,0,0,0,0,0
2018-06-23 04:00:00+00:00,0,0,0,4,0,4
2018-06-23 04:30:00+00:00,0,0,0,9,0,9
2018-06-23 05:00:00+00:00,0,0,0,3,0,3
2018-06-23 05:30:00+00:00,0,0,0,0,0,0
2018-06-23 06:00:00+00:00,0,0,0,29,0,29
2018-06-23 06:30:00+00:00,0,0,0,17,0,17
2018-06-23 07:00:00+00:00,0,0,0,11,0,11
2018-06-23 07:30:00+00:00,0,0,1,15,0,16
2018-06-23 08:00:00+00:00,0,3,0,40,0,43
2018-06-23 08:30:00+00:00,0,3,0,10,0,13
2018-06-23 09:00:00+00:00,0,0,0,11,0,11
2018-06-23 09:30:00+00:00,0,0,0,4,0,4
2018-06-23 10:00:00+00:00,0,0,0,3,0,3
2018-06-23 10:30:00+00:00,0,0,0,21,0,21
2018-06-23 11:00:00+00:00,0,0,0,66,0,66
2018-06-23 11:30:00+00:00,0,0,0,34,0,34
2018-06-23 12:00:00+00:00,0,0,0,27,0,27
2018-06-23 12:30:00+00:00,0,0,0,42,0,42
2018-06-23 13:00:00+00:00,0,0,0,14,0,14
2018-06-23 13:30:00+00:00,0,0,0,0,0,0
2018-06-23 14:00:00+00:00,0,0,0,0,0,0
2018-06-23 14:30:00+00:00,0,0,0,0,0,0
2018-06-23 15:00:00+00:00,0,0,0,0,0,0
2018-06-23 15:30:00+00:00,0,0,0,0,0,0
2018-06-23 16:00:00+00:00,0,0,0,0,0,0
2018-06-23 16:30:00+00:00,0,0,0,0,0,0
2018-06-23 17:00:00+00:00,0,0,0,0,0,0
2018-06-23 17:30:00+00:00,0,0,0,0,0,0
2018-06-23 18:00:00+00:00,0,0,0,0,0,0
2018-06-23 18:30:00+00:00,0,0,0,0,0,0
2018-06-23 19:00:00+00:00,0,0,0,0,0,0
2018-06-23 19:30:00+00:00,0,0,0,0,0,0
2018-06-23 20:00:00+00:00,0,0,0,0,0,0
2018-06-23 20:30:00+00:00,0,0,0,0,0,0
2018-06-23 21:00:00+00:00,0,0,0,0,0,0
2018-06-23 21:30:00+00:00,0,0,0,0,10,10
2018-06-23 22:00:00+00:00,0,0,0,0,0,0
2018-06-23 22:30:00+00:00,0,0,0,0,0,0
2018-06-23 23:00:00+00:00,0,0,0,0,0,0
2018-06-23 23:30:00+00:00,0,0,0,0,0,0
2018-06-24 00:00:00+00:00,0,0,0,0,0,0
2018-06-24 00:30:00+00:00,0,0,0,0,0,0
2018-06-24 01:00:00+00:00,0,0,0,0,0,0
2018-06-24 01:30:00+00:00,0,0,0,0,0,0
2018-06-24 02:00:00+00:00,0,0,0,0,0,0
2018-06-24 02:30:00+00:00,0,0,0,0,0,0
2018-06-24 03:00:00+00:00,0,0,0,0,0,0
2018-06-24 03:30:00+00:00,0,0,0,0,0,0
2018-06-24 04:00:00+00:00,0,0,0,0,0,0
2018-06-24 04:30:00+00:00,0,0,0,0,0,0
2018-06-24 05:00:00+00:00,0,0,0,0,0,0
2018-06-24 05:30:00+00:00,0,0,0,0,0,0
2018-06-24 06:00:00+00:00,0,0,0,0,0,0
2018-06-24 06:30:00+00:00,0,0,0,0,0,0
2018-06-24 07:00:00+00:00,0,0,0,0,0,0
2018-06-24 07:30:00+00:00,0,0,0,0,0,0
2018-06-24 08:00:00+00:00,0,0,0,0,0,0
2018-06-24 08:30:00+00:00,0,0,0,0,0,0
2018-06-24 09:00:00+00:00,0,0,0,0,0,0
2018-06-24 09:30:00+00:00,0,0,0,0,0,0
2018-06-24 10:00:00+00:00,0,6,0,0,0,6
2018-06-24 10:30:00+00:00,0,0,0,0,0,0
2018-06-24 11:00:00+00:00,0,0,0,0,0,0
2018-06-24 11:30:00+00:00,0,0,0,0,0,0
2018-06-24 12:00:00+00:00,0,0,0,0,0,0
2018-06-24 12:30:00+00:00,0,0,0,0,0,0
2018-06-24 13:00:00+00:00,0,0,0,0,0,0
2018-06-24 13:30:00+00:00,0,0,0,0,0,0
2018-06-24 14:00:00+00:00,0,0,0,0,0,0
2018-06-24 14:30:00+00:00,0,0,0,0,0,0
2018-06-24 15:00:00+00:00,0,0,0,0,0,0
2018-06-24 15:30:00+00:00,0,0,0,0,0,0
2018-06-24 16:00:00+00:00,0,0,0,0,0,0
2018-06-24 16:30:00+00:00,0,0,0,0,0,0
2018-06-24 17:00:00+00:00,0,0,0,0,0,0
2018-06-24 17:30:00+00:00,0,0,0,0,0,0
2018-06-24 18:00:00+00:00,0,0,0,0,0,0
2018-06-24 18:30:00+00:00,0,4,0,0,0,4
2018-06-24 19:00:00+00:00,0,4,0,0,0,4
2018-06-24 19:30:00+00:00,0,14,0,0,0,14
2018-06-24 20:00:00+00:00,0,11,0,0,0,11
2018-06-24 20:30:00+00:00,0,0,0,0,0,0
2018-06-24 21:00:00+00:00,0,0,0,0,0,0
2018-06-24 21:30:00+00:00,0,0,0,0,0,0
2018-06-24 22:00:00+00:00,0,0,0,0,0,0
2018-06-24 22:30:00+00:00,0,0,0,0,0,0
2018-06-24 23:00:00+00:00,0,0,0,0,0,0
2018-06-24 23:30:00+00:00,0,0,0,0,0,0
2018-06-25 00:00:00+00:00,0,0,0,0,0,0
2018-06-25 00:30:00+00:00,0,0,0,0,0,0
2018-06-25 01:00:00+00:00,0,0,0,0,0,0
2018-06-25 01:30:00+00:00,0,0,0,0,0,0
2018-06-25 02:00:00+00:00,0,0,0,0,0,0
2018-06-25 02:30:00+00:00,0,0,0,0,0,0
2018-06-25 03:00:00+00:00,0,0,0,0,0,0
2018-06-25 03:30:00+00:00,0,0,0,1,0,1
2018-06-25 04:00:00+00:00,0,0,0,1,0,1
2018-06-25 04:30:00+00:00,0,0,0,13,0,13
2018-06-25 05:00:00+00:00,0,3,0,6,0,9
2018-06-25 05:30:00+00:00,0,39,40,0,0,79
2018-06-25 06:00:00+00:00,0,16,10,0,0,26
2018-06-25 06:30:00+00:00,0,60,17,0,0,77
2018-06-25 07:00:00+00:00,0,33,12,0,0,45
2018-06-25 07:30:00+00:00,0,15,23,1,0,39
2018-06-25 08:00:00+00:00,0,22,19,13,0,54
2018-06-25 08:30:00+00:00,0,10,23,4,0,37
2018-06-25 09:00:00+00:00,0,17,26,11,0,54
2018-06-25 09:30:00+00:00,0,13,8,28,0,49
2018-06-25 10:00:00+00:00,0,15,14,49,0,78
2018-06-25 10:30:00+00:00,0,47,37,37,0,121
2018-06-25 11:00:00+00:00,0,11,36,61,0,108
2018-06-25 11:30:00+00:00,0,11,47,26,0,84
2018-06-25 12:00:00+00:00,0,25,18,9,0,52
2018-06-25 12:30:00+00:00,0,34,28,3,0,65
2018-06-25 13:00:00+00:00,0,11,44,5,0,60
2018-06-25 13:30:00+00:00,0,4,29,11,0,44
2018-06-25 14:00:00+00:00,0,10,5,18,0,33
2018-06-25 14:30:00+00:00,0,6,5,41,0,52
2018-06-25 15:00:00+00:00,0,9,13,20,0,42
2018-06-25 15:30:00+00:00,0,6,63,16,0,85
2018-06-25 16:00:00+00:00,0,1,2,0,0,3
2018-06-25 16:30:00+00:00,0,0,0,0,0,0
2018-06-25 17:00:00+00:00,0,0,0,0,0,0
2018-06-25 17:30:00+00:00,0,0,3,0,0,3
2018-06-25 18:00:00+00:00,0,0,0,0,0,0
2018-06-25 18:30:00+00:00,0,0,1,0,0,1
2018-06-25 19:00:00+00:00,0,0,0,0,0,0
2018-06-25 19:30:00+00:00,0,0,0,0,0,0
2018-06-25 20:00:00+00:00,0,50,0,0,0,50
2018-06-25 20:30:00+00:00,0,2,1,0,0,3
2018-06-25 21:00:00+00:00,0,0,6,0,0,6
2018-06-25 21:30:00+00:00,0,0,0,0,485,485
2018-06-25 22:00:00+00:00,0,0,0,0,0,0
2018-06-25 22:30:00+00:00,0,0,0,0,0,0
2018-06-25 23:00:00+00:00,0,0,0,0,0,0
2018-06-25 23:30:00+00:00,0,0,0,0,0,0
2018-06-26 00:00:00+00:00,0,0,0,0,0,0
2018-06-26 00:30:00+00:00,0,0,0,0,0,0
2018-06-26 01:00:00+00:00,0,0,0,0,0,0
2018-06-26 01:30:00+00:00,0,0,0,0,0,0
2018-06-26 02:00:00+00:00,0,0,0,0,0,0
2018-06-26 02:30:00+00:00,0,0,21,0,0,21
2018-06-26 03:00:00+00:00,0,0,1,4,0,5
2018-06-26 03:30:00+00:00,0,5,0,14,0,19
2018-06-26 04:00:00+00:00,0,0,3,0,0,3
2018-06-26 04:30:00+00:00,0,0,0,0,0,0
2018-06-26 05:00:00+00:00,0,20,30,0,0,50
2018-06-26 05:30:00+00:00,0,47,11,4,0,62
2018-06-26 06:00:00+00:00,0,0,27,0,0,27
2018-06-26 06:30:00+00:00,0,44,18,0,0,62
2018-06-26 07:00:00+00:00,0,10,30,0,0,40
2018-06-26 07:30:00+00:00,0,25,10,9,0,44
2018-06-26 08:00:00+00:00,0,10,28,1,0,39
2018-06-26 08:30:00+00:00,0,166,28,6,0,200
2018-06-26 09:00:00+00:00,0,67,32,7,0,106
2018-06-26 09:30:00+00:00,0,27,19,52,0,98
2018-06-26 10:00:00+00:00,0,7,10,81,0,98
2018-06-26 10:30:00+00:00,0,1,28,24,0,53
2018-06-26 11:00:00+00:00,0,55,24,16,0,95
2018-06-26 11:30:00+00:00,0,15,54,4,0,73
2018-06-26 12:00:00+00:00,0,1,31,19,0,51
2018-06-26 12:30:00+00:00,0,15,19,11,0,45
2018-06-26 13:00:00+00:00,0,16,16,0,0,32
2018-06-26 13:30:00+00:00,0,0,19,0,0,19
2018-06-26 14:00:00+00:00,0,8,4,13,0,25
2018-06-26 14:30:00+00:00,0,3,4,33,0,40
2018-06-26 15:00:00+00:00,0,1,4,8,0,13
2018-06-26 15:30:00+00:00,0,1,118,9,0,128
2018-06-26 16:00:00+00:00,0,0,0,1,0,1
2018-06-26 16:30:00+00:00,0,0,11,0,0,11
2018-06-26 17:00:00+00:00,0,0,0,0,0,0
2018-06-26 17:30:00+00:00,0,0,1,0,0,1
2018-06-26 18:00:00+00:00,0,0,0,0,0,0
2018-06-26 18:30:00+00:00,0,0,0,0,0,0
2018-06-26 19:00:00+00:00,0,0,0,0,0,0
2018-06-26 19:30:00+00:00,0,0,0,0,0,0
2018-06-26 20:00:00+00:00,0,0,0,0,0,0
2018-06-26 20:30:00+00:00,0,0,0,0,0,0
2018-06-26 21:00:00+00:00,0,0,0,0,0,0
2018-06-26 21:30:00+00:00,0,0,0,0,444,444
2018-06-26 22:00:00+00:00,0,0,0,0,0,0
2018-06-26 22:30:00+00:00,0,0,0,0,0,0
2018-06-26 23:00:00+00:00,0,0,0,0,0,0
2018-06-26 23:30:00+00:00,0,0,0,0,0,0
2018-06-27 00:00:00+00:00,0,0,0,0,0,0
2018-06-27 00:30:00+00:00,0,0,0,0,0,0
2018-06-27 01:00:00+00:00,0,0,0,0,0,0
2018-06-27 01:30:00+00:00,0,0,0,0,0,0
2018-06-27 02:00:00+00:00,0,0,0,0,0,0
2018-06-27 02:30:00+00:00,0,0,0,0,0,0
2018-06-27 03:00:00+00:00,0,3,0,0,0,3
2018-06-27 03:30:00+00:00,0,0,0,1,0,1
2018-06-27 04:00:00+00:00,0,0,0,0,0,0
2018-06-27 04:30:00+00:00,0,0,7,25,0,32
2018-06-27 05:00:00+00:00,0,14,10,0,0,24
2018-06-27 05:30:00+00:00,0,40,8,0,0,48
2018-06-27 06:00:00+00:00,0,10,10,0,0,20
2018-06-27 06:30:00+00:00,0,52,9,0,0,61
2018-06-27 07:00:00+00:00,0,10,2,8,0,20
2018-06-27 07:30:00+00:00,0,18,36,1,0,55
2018-06-27 08:00:00+00:00,0,40,47,11,0,98
2018-06-27 08:30:00+00:00,0,42,26,20,0,88
2018-06-27 09:00:00+00:00,0,63,20,19,0,102
2018-06-27 09:30:00+00:00,0,30,9,34,0,73
2018-06-27 10:00:00+00:00,0,4,8,25,0,37
2018-06-27 10:30:00+00:00,0,3,16,45,0,64
2018-06-27 11:00:00+00:00,0,5,22,27,0,54
2018-06-27 11:30:00+00:00,0,5,44,13,0,62
2018-06-27 12:00:00+00:00,0,23,70,93,0,186
2018-06-27 12:30:00+00:00,0,20,4,11,0,35
2018-06-27 13:00:00+00:00,0,38,8,17,0,63
2018-06-27 13:30:00+00:00,0,10,17,62,0,89
2018-06-27 14:00:00+00:00,0,8,14,9,0,31
2018-06-27 14:30:00+00:00,0,4,19,3,0,26
2018-06-27 15:00:00+00:00,0,3,11,0,0,14
2018-06-27 15:30:00+00:00,0,2,122,3,0,127
2018-06-27 16:00:00+00:00,0,0,1,5,0,6
2018-06-27 16:30:00+00:00,0,21,6,0,0,27
2018-06-27 17:00:00+00:00,0,4,0,0,0,4
2018-06-27 17:30:00+00:00,0,0,31,0,0,31
2018-06-27 18:00:00+00:00,0,0,2,0,0,2
2018-06-27 18:30:00+00:00,0,0,0,0,0,0
2018-06-27 19:00:00+00:00,0,17,0,0,0,17
2018-06-27 19:30:00+00:00,0,0,7,0,0,7
2018-06-27 20:00:00+00:00,0,0,0,0,0,0
2018-06-27 20:30:00+00:00,0,0,0,0,0,0
2018-06-27 21:00:00+00:00,0,0,0,0,0,0
2018-06-27 21:30:00+00:00,0,0,0,0,474,474
2018-06-27 22:00:00+00:00,0,0,0,0,0,0
2018-06-27 22:30:00+00:00,0,0,0,0,0,0
2018-06-27 23:00:00+00:00,0,0,0,0,0,0
2018-06-27 23:30:00+00:00,0,0,0,0,0,0
2018-06-28 00:00:00+00:00,0,0,0,0,0,0
2018-06-28 00:30:00+00:00,0,0,0,0,0,0
2018-06-28 01:00:00+00:00,0,0,0,0,0,0
2018-06-28 01:30:00+00:00,0,0,0,0,0,0
2018-06-28 02:00:00+00:00,0,0,0,0,0,0
2018-06-28 02:30:00+00:00,0,8,0,0,0,8
2018-06-28 03:00:00+00:00,0,0,0,0,0,0
2018-06-28 03:30:00+00:00,0,0,0,0,0,0
2018-06-28 04:00:00+00:00,0,0,0,0,0,0
2018-06-28 04:30:00+00:00,0,0,0,0,0,0
2018-06-28 05:00:00+00:00,0,2,1,0,0,3
2018-06-28 05:30:00+00:00,0,5,17,0,0,22
2018-06-28 06:00:00+00:00,0,38,22,0,0,60
2018-06-28 06:30:00+00:00,0,56,2,0,0,58
2018-06-28 07:00:00+00:00,0,54,22,17,0,93
2018-06-28 07:30:00+00:00,0,35,5,7,0,47
2018-06-28 08:00:00+00:00,0,18,19,53,0,90
2018-06-28 08:30:00+00:00,0,49,52,5,0,106
2018-06-28 09:00:00+00:00,0,75,13,3,0,91
2018-06-28 09:30:00+00:00,0,16,38,12,0,66
2018-06-28 10:00:00+00:00,0,14,7,118,0,139
2018-06-28 10:30:00+00:00,0,134,10,7,0,151
2018-06-28 11:00:00+00:00,0,5,8,56,0,69
2018-06-28 11:30:00+00:00,0,12,37,44,0,93
2018-06-28 12:00:00+00:00,4525,7,26,4,0,4562
2018-06-28 12:30:00+00:00,0,14,45,50,0,109
2018-06-28 13:00:00+00:00,0,10,31,3,0,44
2018-06-28 13:30:00+00:00,0,10,6,40,0,56
2018-06-28 14:00:00+00:00,0,5,5,27,0,37
2018-06-28 14:30:00+00:00,0,9,0,10,0,19
2018-06-28 15:00:00+00:00,0,1,0,24,0,25
2018-06-28 15:30:00+00:00,0,0,61,76,0,137
2018-06-28 16:00:00+00:00,0,0,0,0,0,0
2018-06-28 16:30:00+00:00,0,0,1,0,0,1
2018-06-28 17:00:00+00:00,0,0,0,0,0,0
2018-06-28 17:30:00+00:00,0,0,5,0,0,5
2018-06-28 18:00:00+00:00,0,0,1,0,0,1
2018-06-28 18:30:00+00:00,0,0,0,0,0,0
2018-06-28 19:00:00+00:00,0,17,0,0,0,17
2018-06-28 19:30:00+00:00,0,0,14,0,0,14
2018-06-28 20:00:00+00:00,0,0,0,0,0,0
2018-06-28 20:30:00+00:00,0,0,0,0,0,0
2018-06-28 21:00:00+00:00,0,0,0,0,0,0
2018-06-28 21:30:00+00:00,0,0,0,0,335,335
2018-06-28 22:00:00+00:00,0,0,0,0,0,0
2018-06-28 22:30:00+00:00,0,0,0,0,0,0
2018-06-28 23:00:00+00:00,0,0,0,0,0,0
2018-06-28 23:30:00+00:00,0,0,2,0,0,2
2018-06-29 00:00:00+00:00,0,0,0,0,0,0
2018-06-29 00:30:00+00:00,0,0,0,0,0,0
2018-06-29 01:00:00+00:00,0,0,0,0,0,0
2018-06-29 01:30:00+00:00,0,0,0,0,0,0
2018-06-29 02:00:00+00:00,0,0,0,0,0,0
2018-06-29 02:30:00+00:00,0,0,0,0,0,0
2018-06-29 03:00:00+00:00,0,0,0,0,0,0
2018-06-29 03:30:00+00:00,0,0,0,0,0,0
2018-06-29 04:00:00+00:00,0,0,0,3,0,3
2018-06-29 04:30:00+00:00,0,0,0,17,0,17
2018-06-29 05:00:00+00:00,0,21,0,0,0,21
2018-06-29 05:30:00+00:00,0,8,30,0,0,38
2018-06-29 06:00:00+00:00,0,45,12,10,0,67
2018-06-29 06:30:00+00:00,0,18,40,5,0,63
2018-06-29 07:00:00+00:00,0,2,2,87,0,91
2018-06-29 07:30:00+00:00,0,13,43,28,0,84
2018-06-29 08:00:00+00:00,0,10,12,55,0,77
2018-06-29 08:30:00+00:00,0,4,43,19,0,66
2018-06-29 09:00:00+00:00,20,8,13,5,0,46
2018-06-29 09:30:00+00:00,0,15,5,10,0,30
2018-06-29 10:00:00+00:00,0,22,12,17,0,51
2018-06-29 10:30:00+00:00,0,33,7,20,0,60
2018-06-29 11:00:00+00:00,0,2,7,28,0,37
2018-06-29 11:30:00+00:00,0,48,14,1,0,63
2018-06-29 12:00:00+00:00,0,44,15,31,0,90
2018-06-29 12:30:00+00:00,0,15,6,29,0,50
2018-06-29 13:00:00+00:00,0,32,5,18,0,55
2018-06-29 13:30:00+00:00,0,6,0,4,0,10
2018-06-29 14:00:00+00:00,0,4,2,1,0,7
2018-06-29 14:30:00+00:00,0,5,4,9,0,18
2018-06-29 15:00:00+00:00,0,6,0,6,0,12
2018-06-29 15:30:00+00:00,0,12,100,5,0,117
2018-06-29 16:00:00+00:00,0,2,20,4,0,26
2018-06-29 16:30:00+00:00,0,0,0,7,0,7
2018-06-29 17:00:00+00:00,0,0,0,2,0,2
2018-06-29 17:30:00+00:00,0,0,0,0,0,0
2018-06-29 18:00:00+00:00,0,0,15,0,0,15
2018-06-29 18:30:00+00:00,0,0,0,0,0,0
2018-06-29 19:00:00+00:00,0,0,0,0,0,0
2018-06-29 19:30:00+00:00,0,0,0,0,0,0
2018-06-29 20:00:00+00:00,0,0,0,0,0,0
2018-06-29 20:30:00+00:00,0,0,0,0,0,0
2018-06-29 21:00:00+00:00,0,0,0,0,0,0
2018-06-29 21:30:00+00:00,0,0,0,7,691,698
2018-06-29 22:00:00+00:00,0,0,9,22,0,31
2018-06-29 22:30:00+00:00,0,0,0,19,0,19
2018-06-29 23:00:00+00:00,0,0,0,8,0,8
2018-06-29 23:30:00+00:00,0,0,0,4,0,4
2018-06-30 00:00:00+00:00,0,0,0,0,0,0
2018-06-30 00:30:00+00:00,0,0,0,0,0,0
2018-06-30 01:00:00+00:00,0,0,0,0,0,0
2018-06-30 01:30:00+00:00,0,0,0,0,0,0
2018-06-30 02:00:00+00:00,0,0,0,0,0,0
2018-06-30 02:30:00+00:00,0,0,0,0,0,0
2018-06-30 03:00:00+00:00,0,0,0,0,0,0
2018-06-30 03:30:00+00:00,0,0,0,0,0,0
2018-06-30 04:00:00+00:00,0,0,0,0,0,0
2018-06-30 04:30:00+00:00,0,0,0,12,0,12
2018-06-30 05:00:00+00:00,0,0,0,27,0,27
2018-06-30 05:30:00+00:00,0,0,3,53,0,56
2018-06-30 06:00:00+00:00,0,0,0,9,0,9
2018-06-30 06:30:00+00:00,0,0,0,8,0,8
2018-06-30 07:00:00+00:00,0,0,1,18,0,19
2018-06-30 07:30:00+00:00,0,0,0,14,0,14
2018-06-30 08:00:00+00:00,0,0,0,0,0,0
2018-06-30 08:30:00+00:00,0,0,0,18,0,18
2018-06-30 09:00:00+00:00,0,0,0,8,0,8
2018-06-30 09:30:00+00:00,0,0,0,7,0,7
2018-06-30 10:00:00+00:00,0,0,0,3,0,3
2018-06-30 10:30:00+00:00,0,0,0,12,0,12
2018-06-30 11:00:00+00:00,0,0,0,0,0,0
2018-06-30 11:30:00+00:00,0,0,0,3,0,3
2018-06-30 12:00:00+00:00,0,0,0,7,0,7
2018-06-30 12:30:00+00:00,0,0,0,1,0,1
2018-06-30 13:00:00+00:00,0,0,0,0,0,0
2018-06-30 13:30:00+00:00,0,0,0,0,0,0
2018-06-30 14:00:00+00:00,0,0,0,0,0,0
2018-06-30 14:30:00+00:00,0,0,1,0,0,1
2018-06-30 15:00:00+00:00,0,0,0,0,0,0
2018-06-30 15:30:00+00:00,0,0,0,0,0,0
2018-06-30 16:00:00+00:00,0,0,0,0,0,0
2018-06-30 16:30:00+00:00,0,0,0,0,0,0
2018-06-30 17:00:00+00:00,0,0,0,0,0,0
2018-06-30 17:30:00+00:00,0,0,0,0,0,0
2018-06-30 18:00:00+00:00,0,0,0,0,0,0
2018-06-30 18:30:00+00:00,0,0,0,0,0,0
2018-06-30 19:00:00+00:00,0,0,0,0,0,0
2018-06-30 19:30:00+00:00,0,0,0,0,0,0
2018-06-30 20:00:00+00:00,0,0,0,0,0,0
2018-06-30 20:30:00+00:00,0,0,0,0,0,0
2018-06-30 21:00:00+00:00,0,0,0,0,0,0
2018-06-30 21:30:00+00:00,0,0,0,0,303,303
2018-06-30 22:00:00+00:00,0,0,0,0,0,0
2018-06-30 22:30:00+00:00,0,0,0,0,0,0
2018-06-30 23:00:00+00:00,0,0,0,0,0,0
2018-06-30 23:30:00+00:00,0,0,0,0,0,0
2018-07-01 00:00:00+00:00,0,0,0,0,0,0
2018-07-01 00:30:00+00:00,0,0,0,0,0,0
2018-07-01 01:00:00+00:00,0,0,0,0,0,0
2018-07-01 01:30:00+00:00,0,0,0,0,0,0
2018-07-01 02:00:00+00:00,0,0,0,0,0,0
2018-07-01 02:30:00+00:00,0,0,0,0,0,0
2018-07-01 03:00:00+00:00,0,0,0,0,0,0
2018-07-01 03:30:00+00:00,0,0,0,0,0,0
2018-07-01 04:00:00+00:00,0,0,0,0,0,0
2018-07-01 04:30:00+00:00,0,0,0,0,0,0
2018-07-01 05:00:00+00:00,0,0,0,0,0,0
2018-07-01 05:30:00+00:00,0,0,0,0,0,0
2018-07-01 06:00:00+00:00,0,0,0,0,0,0
2018-07-01 06:30:00+00:00,0,0,0,0,0,0
2018-07-01 07:00:00+00:00,0,0,0,0,0,0
2018-07-01 07:30:00+00:00,0,0,0,0,0,0
2018-07-01 08:00:00+00:00,0,0,0,0,0,0
2018-07-01 08:30:00+00:00,0,0,0,0,0,0
2018-07-01 09:00:00+00:00,0,0,0,0,0,0
2018-07-01 09:30:00+00:00,0,0,0,0,0,0
2018-07-01 10:00:00+00:00,0,0,0,0,0,0
2018-07-01 10:30:00+00:00,0,0,0,0,0,0
2018-07-01 11:00:00+00:00,0,0,0,0,0,0
2018-07-01 11:30:00+00:00,0,0,0,0,0,0
2018-07-01 12:00:00+00:00,0,0,0,0,0,0
2018-07-01 12:30:00+00:00,0,1,0,0,0,1
2018-07-01 13:00:00+00:00,0,0,0,0,0,0
2018-07-01 13:30:00+00:00,0,0,0,0,0,0
2018-07-01 14:00:00+00:00,0,0,0,0,0,0
2018-07-01 14:30:00+00:00,0,0,0,0,0,0
2018-07-01 15:00:00+00:00,0,0,0,0,0,0
2018-07-01 15:30:00+00:00,0,0,0,0,0,0
2018-07-01 16:00:00+00:00,0,0,0,0,0,0
2018-07-01 16:30:00+00:00,0,0,0,0,0,0
2018-07-01 17:00:00+00:00,0,0,0,0,0,0
2018-07-01 17:30:00+00:00,0,0,0,0,0,0
2018-07-01 18:00:00+00:00,0,0,0,0,0,0
2018-07-01 18:30:00+00:00,0,0,0,0,0,0
2018-07-01 19:00:00+00:00,0,0,0,0,0,0
2018-07-01 19:30:00+00:00,0,0,0,0,0,0
2018-07-01 20:00:00+00:00,0,0,0,0,0,0
2018-07-01 20:30:00+00:00,0,0,0,0,0,0
2018-07-01 21:00:00+00:00,0,0,0,0,0,0
2018-07-01 21:30:00+00:00,0,0,0,0,2,2
2018-07-01 22:00:00+00:00,0,0,0,0,0,0
2018-07-01 22:30:00+00:00,0,0,0,0,0,0
2018-07-01 23:00:00+00:00,0,0,0,0,0,0
2018-07-01 23:30:00+00:00,0,0,0,0,0,0
2018-07-02 00:00:00+00:00,0,0,0,0,0,0
2018-07-02 00:30:00+00:00,0,0,0,0,0,0
2018-07-02 01:00:00+00:00,0,0,0,0,0,0
2018-07-02 01:30:00+00:00,0,0,0,0,0,0
2018-07-02 02:00:00+00:00,0,0,0,0,0,0
2018-07-02 02:30:00+00:00,0,0,0,0,0,0
2018-07-02 03:00:00+00:00,0,0,0,0,0,0
2018-07-02 03:30:00+00:00,0,0,0,0,0,0
2018-07-02 04:00:00+00:00,0,0,0,0,0,0
2018-07-02 04:30:00+00:00,0,0,0,0,0,0
2018-07-02 05:00:00+00:00,0,12,2,0,0,14
2018-07-02 05:30:00+00:00,0,69,5,0,0,74
2018-07-02 06:00:00+00:00,0,36,24,0,0,60
2018-07-02 06:30:00+00:00,0,14,4,0,0,18
2018-07-02 07:00:00+00:00,0,19,26,0,0,45
2018-07-02 07:30:00+00:00,0,51,23,0,0,74
2018-07-02 08:00:00+00:00,0,26,19,0,0,45
2018-07-02 08:30:00+00:00,0,69,11,0,0,80
2018-07-02 09:00:00+00:00,0,59,19,0,0,78
2018-07-02 09:30:00+00:00,0,50,13,5,0,68
2018-07-02 10:00:00+00:00,0,11,12,0,0,23
2018-07-02 10:30:00+00:00,0,8,19,0,0,27
2018-07-02 11:00:00+00:00,0,5,16,0,0,21
2018-07-02 11:30:00+00:00,0,9,52,0,0,61
2018-07-02 12:00:00+00:00,0,13,12,0,0,25
2018-07-02 12:30:00+00:00,0,10,26,23,0,59
2018-07-02 13:00:00+00:00,0,66,11,4,0,81
2018-07-02 13:30:00+00:00,0,11,16,27,0,54
2018-07-02 14:00:00+00:00,0,0,20,30,0,50
2018-07-02 14:30:00+00:00,0,23,2,13,0,38
2018-07-02 15:00:00+00:00,0,4,89,1,0,94
2018-07-02 15:30:00+00:00,0,9,1,0,0,10
2018-07-02 16:00:00+00:00,0,2,32,0,0,34
2018-07-02 16:30:00+00:00,0,0,26,0,0,26
2018-07-02 17:00:00+00:00,0,0,0,0,0,0
2018-07-02 17:30:00+00:00,0,0,0,0,0,0
2018-07-02 18:00:00+00:00,0,0,0,0,0,0
2018-07-02 18:30:00+00:00,0,0,0,0,0,0
2018-07-02 19:00:00+00:00,0,0,0,0,0,0
2018-07-02 19:30:00+00:00,0,0,1,0,0,1
2018-07-02 20:00:00+00:00,0,0,20,0,0,20
2018-07-02 20:30:00+00:00,0,0,0,0,0,0
2018-07-02 21:00:00+00:00,0,0,78,0,0,78
2018-07-02 21:30:00+00:00,0,0,0,0,277,277
2018-07-02 22:00:00+00:00,0,0,0,0,0,0
2018-07-02 22:30:00+00:00,0,0,0,0,0,0
2018-07-02 23:00:00+00:00,0,0,0,0,0,0
2018-07-02 23:30:00+00:00,0,0,0,0,0,0
2018-07-03 00:00:00+00:00,0,0,0,0,0,0
2018-07-03 00:30:00+00:00,0,0,0,0,0,0
2018-07-03 01:00:00+00:00,0,0,0,0,0,0
2018-07-03 01:30:00+00:00,0,0,0,0,0,0
2018-07-03 02:00:00+00:00,0,0,0,0,0,0
2018-07-03 02:30:00+00:00,0,0,0,0,0,0
2018-07-03 03:00:00+00:00,0,0,0,0,0,0
2018-07-03 03:30:00+00:00,0,0,0,0,0,0
2018-07-03 04:00:00+00:00,0,0,0,0,0,0
2018-07-03 04:30:00+00:00,0,0,0,0,0,0
2018-07-03 05:00:00+00:00,0,4,17,0,0,21
2018-07-03 05:30:00+00:00,0,19,19,0,0,38
2018-07-03 06:00:00+00:00,0,1,9,0,0,10
2018-07-03 06:30:00+00:00,0,115,26,0,0,141
2018-07-03 07:00:00+00:00,0,2,25,7,0,34
2018-07-03 07:30:00+00:00,0,8,24,4,0,36
2018-07-03 08:00:00+00:00,4,17,25,12,0,58
2018-07-03 08:30:00+00:00,0,68,14,0,0,82
2018-07-03 09:00:00+00:00,0,14,16,2,0,32
2018-07-03 09:30:00+00:00,0,21,32,3,0,56
2018-07-03 10:00:00+00:00,0,27,17,14,0,58
2018-07-03 10:30:00+00:00,0,17,23,17,0,57
2018-07-03 11:00:00+00:00,0,6,22,2,0,30
2018-07-03 11:30:00+00:00,0,3,22,0,0,25
2018-07-03 12:00:00+00:00,0,7,13,28,0,48
2018-07-03 12:30:00+00:00,0,38,25,23,0,86
2018-07-03 13:00:00+00:00,0,23,8,28,0,59
2018-07-03 13:30:00+00:00,0,24,15,11,0,50
2018-07-03 14:00:00+00:00,0,4,6,9,0,19
2018-07-03 14:30:00+00:00,0,9,2,27,0,38
2018-07-03 15:00:00+00:00,0,0,4,20,0,24
2018-07-03 15:30:00+00:00,0,0,42,0,0,42
2018-07-03 16:00:00+00:00,0,1,32,2,0,35
2018-07-03 16:30:00+00:00,0,0,16,0,0,16
2018-07-03 17:00:00+00:00,0,0,0,0,0,0
2018-07-03 17:30:00+00:00,0,1,0,0,0,1
2018-07-03 18:00:00+00:00,0,0,0,0,0,0
2018-07-03 18:30:00+00:00,0,0,4,0,0,4
2018-07-03 19:00:00+00:00,0,0,0,0,0,0
2018-07-03 19:30:00+00:00,0,0,2,0,0,2
2018-07-03 20:00:00+00:00,0,1,0,0,0,1
2018-07-03 20:30:00+00:00,0,0,0,0,0,0
2018-07-03 21:00:00+00:00,0,0,0,0,0,0
2018-07-03 21:30:00+00:00,0,0,0,0,355,355
2018-07-03 22:00:00+00:00,0,0,0,0,0,0
2018-07-03 22:30:00+00:00,0,0,0,0,0,0
2018-07-03 23:00:00+00:00,0,0,0,0,0,0
2018-07-03 23:30:00+00:00,0,0,0,0,0,0
2018-07-04 00:00:00+00:00,0,0,0,0,0,0
2018-07-04 00:30:00+00:00,0,0,0,0,0,0
2018-07-04 01:00:00+00:00,0,0,0,0,0,0
2018-07-04 01:30:00+00:00,0,0,0,0,0,0
2018-07-04 02:00:00+00:00,0,0,0,0,0,0
2018-07-04 02:30:00+00:00,0,0,0,0,0,0
2018-07-04 03:00:00+00:00,0,0,0,0,0,0
2018-07-04 03:30:00+00:00,0,0,0,0,0,0
2018-07-04 04:00:00+00:00,0,0,0,0,0,0
2018-07-04 04:30:00+00:00,0,0,0,0,0,0
2018-07-04 05:00:00+00:00,0,53,52,0,0,105
2018-07-04 05:30:00+00:00,0,32,12,0,0,44
2018-07-04 06:00:00+00:00,0,40,20,0,0,60
2018-07-04 06:30:00+00:00,0,88,12,1,0,101
2018-07-04 07:00:00+00:00,0,8,20,17,0,45
2018-07-04 07:30:00+00:00,0,21,7,11,0,39
2018-07-04 08:00:00+00:00,0,8,11,78,0,97
2018-07-04 08:30:00+00:00,0,22,12,45,0,79
2018-07-04 09:00:00+00:00,0,19,49,0,0,68
2018-07-04 09:30:00+00:00,0,15,70,9,0,94
2018-07-04 10:00:00+00:00,0,6,42,38,0,86
2018-07-04 10:30:00+00:00,0,13,9,12,0,34
2018-07-04 11:00:00+00:00,0,9,44,15,0,68
2018-07-04 11:30:00+00:00,0,0,6,6,0,12
2018-07-04 12:00:00+00:00,0,1,41,11,0,53
2018-07-04 12:30:00+00:00,0,4,2,57,0,63
2018-07-04 13:00:00+00:00,0,19,9,63,0,91
2018-07-04 13:30:00+00:00,0,5,10,11,0,26
2018-07-04 14:00:00+00:00,0,4,59,11,0,74
2018-07-04 14:30:00+00:00,0,6,64,62,0,132
2018-07-04 15:00:00+00:00,0,0,0,13,0,13
2018-07-04 15:30:00+00:00,0,13,65,1,0,79
2018-07-04 16:00:00+00:00,0,0,2,0,0,2
2018-07-04 16:30:00+00:00,0,0,10,0,0,10
2018-07-04 17:00:00+00:00,0,0,0,0,0,0
2018-07-04 17:30:00+00:00,0,9,24,0,0,33
2018-07-04 18:00:00+00:00,0,0,21,0,0,21
2018-07-04 18:30:00+00:00,0,0,0,0,0,0
2018-07-04 19:00:00+00:00,0,1,1,0,0,2
2018-07-04 19:30:00+00:00,0,0,0,0,0,0
2018-07-04 20:00:00+00:00,0,0,0,0,0,0
2018-07-04 20:30:00+00:00,0,0,0,0,0,0
2018-07-04 21:00:00+00:00,0,0,1,0,0,1
2018-07-04 21:30:00+00:00,0,0,0,0,648,648
2018-07-04 22:00:00+00:00,0,1,0,0,0,1
2018-07-04 22:30:00+00:00,0,0,0,0,0,0
2018-07-04 23:00:00+00:00,0,0,0,0,0,0
2018-07-04 23:30:00+00:00,0,0,0,0,0,0
2018-07-05 00:00:00+00:00,0,0,0,0,0,0
2018-07-05 00:30:00+00:00,0,0,0,0,0,0
2018-07-05 01:00:00+00:00,0,0,0,0,0,0
2018-07-05 01:30:00+00:00,0,0,0,0,0,0
2018-07-05 02:00:00+00:00,0,0,0,0,0,0
2018-07-05 02:30:00+00:00,0,0,0,0,0,0
2018-07-05 03:00:00+00:00,0,0,0,0,0,0
2018-07-05 03:30:00+00:00,0,0,0,0,0,0
2018-07-05 04:00:00+00:00,0,0,0,0,0,0
2018-07-05 04:30:00+00:00,0,0,6,0,0,6
2018-07-05 05:00:00+00:00,0,1,55,0,0,56
2018-07-05 05:30:00+00:00,0,0,11,0,0,11
2018-07-05 06:00:00+00:00,0,34,3,0,0,37
2018-07-05 06:30:00+00:00,0,42,5,0,0,47
2018-07-05 07:00:00+00:00,0,30,26,29,0,85
2018-07-05 07:30:00+00:00,0,38,11,16,0,65
2018-07-05 08:00:00+00:00,0,38,6,2,0,46
2018-07-05 08:30:00+00:00,2,31,11,11,0,55
2018-07-05 09:00:00+00:00,0,37,17,12,0,66
2018-07-05 09:30:00+00:00,0,12,9,14,0,35
2018-07-05 10:00:00+00:00,0,6,11,24,0,41
2018-07-05 10:30:00+00:00,0,6,43,8,0,57
2018-07-05 11:00:00+00:00,0,8,49,6,0,63
2018-07-05 11:30:00+00:00,0,6,38,33,0,77
2018-07-05 12:00:00+00:00,3126,7,16,11,0,3160
2018-07-05 12:30:00+00:00,0,18,18,15,0,51
2018-07-05 13:00:00+00:00,0,8,36,16,0,60
2018-07-05 13:30:00+00:00,0,107,3,25,0,135
2018-07-05 14:00:00+00:00,0,8,1,44,0,53
2018-07-05 14:30:00+00:00,0,2,19,13,0,34
2018-07-05 15:00:00+00:00,0,0,94,25,0,119
2018-07-05 15:30:00+00:00,0,52,5,18,0,75
2018-07-05 16:00:00+00:00,0,0,1,0,0,1
2018-07-05 16:30:00+00:00,0,0,0,0,0,0
2018-07-05 17:00:00+00:00,0,0,1,0,0,1
2018-07-05 17:30:00+00:00,0,0,1,0,0,1
2018-07-05 18:00:00+00:00,0,0,0,0,0,0
2018-07-05 18:30:00+00:00,0,0,0,0,0,0
2018-07-05 19:00:00+00:00,0,0,0,0,0,0
2018-07-05 19:30:00+00:00,0,0,0,0,0,0
2018-07-05 20:00:00+00:00,0,0,6,0,0,6
2018-07-05 20:30:00+00:00,0,0,0,0,0,0
2018-07-05 21:00:00+00:00,0,0,17,0,0,17
2018-07-05 21:30:00+00:00,0,0,0,0,485,485
2018-07-05 22:00:00+00:00,0,0,0,0,0,0
2018-07-05 22:30:00+00:00,0,0,0,0,0,0
2018-07-05 23:00:00+00:00,0,0,0,0,0,0
2018-07-05 23:30:00+00:00,0,0,0,0,0,0
2018-07-06 00:00:00+00:00,0,0,0,0,0,0
2018-07-06 00:30:00+00:00,0,0,0,0,0,0
2018-07-06 01:00:00+00:00,0,0,0,0,0,0
2018-07-06 01:30:00+00:00,0,0,0,0,0,0
2018-07-06 02:00:00+00:00,0,0,0,0,0,0
2018-07-06 02:30:00+00:00,0,0,0,0,0,0
2018-07-06 03:00:00+00:00,0,0,0,0,0,0
2018-07-06 03:30:00+00:00,0,0,1,0,0,1
2018-07-06 04:00:00+00:00,0,0,3,0,0,3
2018-07-06 04:30:00+00:00,0,0,11,0,0,11
2018-07-06 05:00:00+00:00,0,0,50,0,0,50
2018-07-06 05:30:00+00:00,0,2,27,0,0,29
2018-07-06 06:00:00+00:00,0,63,23,35,0,121
2018-07-06 06:30:00+00:00,0,97,10,25,0,132
2018-07-06 07:00:00+00:00,0,21,31,36,0,88
2018-07-06 07:30:00+00:00,0,28,22,4,0,54
2018-07-06 08:00:00+00:00,0,14,37,5,0,56
2018-07-06 08:30:00+00:00,11,33,24,8,0,76
2018-07-06 09:00:00+00:00,43,17,4,19,0,83
2018-07-06 09:30:00+00:00,0,18,5,21,0,44
2018-07-06 10:00:00+00:00,0,4,9,31,0,44
2018-07-06 10:30:00+00:00,0,18,14,22,0,54
2018-07-06 11:00:00+00:00,0,33,29,50,0,112
2018-07-06 11:30:00+00:00,0,12,37,14,0,63
2018-07-06 12:00:00+00:00,0,39,28,28,0,95
2018-07-06 12:30:00+00:00,0,9,66,34,0,109
2018-07-06 13:00:00+00:00,0,70,9,11,0,90
2018-07-06 13:30:00+00:00,0,3,4,24,0,31
2018-07-06 14:00:00+00:00,0,1,5,38,0,44
2018-07-06 14:30:00+00:00,0,1,1,11,0,13
2018-07-06 15:00:00+00:00,0,0,2,12,0,14
2018-07-06 15:30:00+00:00,0,0,90,0,0,90
2018-07-06 16:00:00+00:00,0,0,0,0,0,0
2018-07-06 16:30:00+00:00,0,0,0,0,0,0
2018-07-06 17:00:00+00:00,0,0,1,0,0,1
2018-07-06 17:30:00+00:00,0,0,0,0,0,0
2018-07-06 18:00:00+00:00,0,0,0,0,0,0
2018-07-06 18:30:00+00:00,0,0,0,0,0,0
2018-07-06 19:00:00+00:00,0,0,0,0,0,0
2018-07-06 19:30:00+00:00,0,0,0,0,0,0
2018-07-06 20:00:00+00:00,0,1,0,0,0,1
2018-07-06 20:30:00+00:00,0,0,0,0,0,0
2018-07-06 21:00:00+00:00,0,0,0,0,0,0
2018-07-06 21:30:00+00:00,0,0,0,0,377,377
2018-07-06 22:00:00+00:00,0,0,0,0,0,0
2018-07-06 22:30:00+00:00,0,0,0,0,0,0
2018-07-06 23:00:00+00:00,0,0,0,0,0,0
2018-07-06 23:30:00+00:00,0,0,0,0,0,0
2018-07-07 00:00:00+00:00,0,0,0,0,0,0
2018-07-07 00:30:00+00:00,0,0,0,0,0,0
2018-07-07 01:00:00+00:00,0,0,0,0,0,0
2018-07-07 01:30:00+00:00,0,0,0,0,0,0
2018-07-07 02:00:00+00:00,0,0,0,0,0,0
2018-07-07 02:30:00+00:00,0,0,0,0,0,0
2018-07-07 03:00:00+00:00,0,0,0,6,0,6
2018-07-07 03:30:00+00:00,0,0,0,0,0,0
2018-07-07 04:00:00+00:00,0,0,0,1,0,1
2018-07-07 04:30:00+00:00,0,0,0,5,0,5
2018-07-07 05:00:00+00:00,0,0,0,28,0,28
2018-07-07 05:30:00+00:00,0,0,0,78,0,78
2018-07-07 06:00:00+00:00,0,0,0,106,0,106
2018-07-07 06:30:00+00:00,0,0,0,20,0,20
2018-07-07 07:00:00+00:00,0,0,0,12,0,12
2018-07-07 07:30:00+00:00,0,0,0,8,0,8
2018-07-07 08:00:00+00:00,0,0,0,0,0,0
2018-07-07 08:30:00+00:00,0,0,0,9,0,9
2018-07-07 09:00:00+00:00,0,0,0,14,0,14
2018-07-07 09:30:00+00:00,0,0,0,9,0,9
2018-07-07 10:00:00+00:00,0,0,0,2,0,2
2018-07-07 10:30:00+00:00,0,0,0,19,0,19
2018-07-07 11:00:00+00:00,0,0,0,32,0,32
2018-07-07 11:30:00+00:00,0,0,0,6,0,6
2018-07-07 12:00:00+00:00,0,0,0,0,0,0
2018-07-07 12:30:00+00:00,0,0,0,0,0,0
2018-07-07 13:00:00+00:00,0,0,0,0,0,0
2018-07-07 13:30:00+00:00,0,0,0,0,0,0
2018-07-07 14:00:00+00:00,0,0,0,0,0,0
2018-07-07 14:30:00+00:00,0,0,0,0,0,0
2018-07-07 15:00:00+00:00,0,0,0,0,0,0
2018-07-07 15:30:00+00:00,0,0,0,0,0,0
2018-07-07 16:00:00+00:00,0,0,0,0,0,0
2018-07-07 16:30:00+00:00,0,0,0,0,0,0
2018-07-07 17:00:00+00:00,0,0,0,0,0,0
2018-07-07 17:30:00+00:00,0,0,0,0,0,0
2018-07-07 18:00:00+00:00,0,0,0,0,0,0
2018-07-07 18:30:00+00:00,0,0,0,0,0,0
2018-07-07 19:00:00+00:00,0,0,0,0,0,0
2018-07-07 19:30:00+00:00,0,0,0,0,0,0
2018-07-07 20:00:00+00:00,0,0,0,0,0,0
2018-07-07 20:30:00+00:00,0,0,0,0,0,0
2018-07-07 21:00:00+00:00,0,0,0,0,0,0
2018-07-07 21:30:00+00:00,0,0,0,0,3,3
2018-07-07 22:00:00+00:00,0,0,0,0,0,0
2018-07-07 22:30:00+00:00,0,0,0,0,0,0
2018-07-07 23:00:00+00:00,0,0,0,0,0,0
2018-07-07 23:30:00+00:00,0,0,0,0,0,0
2018-07-08 00:00:00+00:00,0,0,0,0,0,0
2018-07-08 00:30:00+00:00,0,0,0,0,0,0
2018-07-08 01:00:00+00:00,0,0,0,0,0,0
2018-07-08 01:30:00+00:00,0,0,0,0,0,0
2018-07-08 02:00:00+00:00,0,0,0,0,0,0
2018-07-08 02:30:00+00:00,0,0,0,0,0,0
2018-07-08 03:00:00+00:00,0,0,0,0,0,0
2018-07-08 03:30:00+00:00,0,0,0,0,0,0
2018-07-08 04:00:00+00:00,0,0,0,0,0,0
2018-07-08 04:30:00+00:00,0,0,0,0,0,0
2018-07-08 05:00:00+00:00,0,0,0,0,0,0
2018-07-08 05:30:00+00:00,0,0,0,0,0,0
2018-07-08 06:00:00+00:00,0,0,0,0,0,0
2018-07-08 06:30:00+00:00,0,0,0,0,0,0
2018-07-08 07:00:00+00:00,0,0,0,0,0,0
2018-07-08 07:30:00+00:00,0,0,0,0,0,0
2018-07-08 08:00:00+00:00,0,0,0,0,0,0
2018-07-08 08:30:00+00:00,0,0,0,0,0,0
2018-07-08 09:00:00+00:00,0,0,0,0,0,0
2018-07-08 09:30:00+00:00,0,0,0,0,0,0
2018-07-08 10:00:00+00:00,0,0,0,0,0,0
2018-07-08 10:30:00+00:00,0,0,0,0,0,0
2018-07-08 11:00:00+00:00,0,0,0,0,0,0
2018-07-08 11:30:00+00:00,0,0,0,0,0,0
2018-07-08 12:00:00+00:00,0,0,0,0,0,0
2018-07-08 12:30:00+00:00,0,0,0,0,0,0
2018-07-08 13:00:00+00:00,0,6,0,0,0,6
2018-07-08 13:30:00+00:00,0,2,0,0,0,2
2018-07-08 14:00:00+00:00,0,0,0,0,0,0
2018-07-08 14:30:00+00:00,0,0,0,0,0,0
2018-07-08 15:00:00+00:00,0,0,0,0,0,0
2018-07-08 15:30:00+00:00,0,0,0,0,0,0
2018-07-08 16:00:00+00:00,0,0,0,0,0,0
2018-07-08 16:30:00+00:00,0,0,0,0,0,0
2018-07-08 17:00:00+00:00,0,0,0,0,0,0
2018-07-08 17:30:00+00:00,0,0,0,0,0,0
2018-07-08 18:00:00+00:00,0,0,0,0,0,0
2018-07-08 18:30:00+00:00,0,0,0,0,0,0
2018-07-08 19:00:00+00:00,0,0,0,0,0,0
2018-07-08 19:30:00+00:00,0,0,0,0,0,0
2018-07-08 20:00:00+00:00,0,0,0,0,0,0
2018-07-08 20:30:00+00:00,0,0,0,0,0,0
2018-07-08 21:00:00+00:00,0,0,0,0,0,0
2018-07-08 21:30:00+00:00,0,0,0,0,8,8
2018-07-08 22:00:00+00:00,0,0,0,0,0,0
2018-07-08 22:30:00+00:00,0,0,0,0,0,0
2018-07-08 23:00:00+00:00,0,0,0,0,0,0
2018-07-08 23:30:00+00:00,0,0,0,0,0,0
2018-07-09 00:00:00+00:00,0,0,0,0,0,0
2018-07-09 00:30:00+00:00,0,0,0,0,0,0
2018-07-09 01:00:00+00:00,0,0,0,0,0,0
2018-07-09 01:30:00+00:00,0,0,0,0,0,0
2018-07-09 02:00:00+00:00,0,0,0,0,0,0
2018-07-09 02:30:00+00:00,0,0,0,0,0,0
2018-07-09 03:00:00+00:00,0,0,0,0,0,0
2018-07-09 03:30:00+00:00,0,8,0,0,0,8
2018-07-09 04:00:00+00:00,0,2,15,0,0,17
2018-07-09 04:30:00+00:00,0,0,2,0,0,2
2018-07-09 05:00:00+00:00,0,0,16,0,0,16
2018-07-09 05:30:00+00:00,0,0,10,0,0,10
2018-07-09 06:00:00+00:00,0,120,9,0,0,129
2018-07-09 06:30:00+00:00,0,52,22,0,0,74
2018-07-09 07:00:00+00:00,0,13,3,0,0,16
2018-07-09 07:30:00+00:00,0,21,22,0,0,43
2018-07-09 08:00:00+00:00,0,55,19,2,0,76
2018-07-09 08:30:00+00:00,0,42,13,5,0,60
2018-07-09 09:00:00+00:00,0,7,20,11,0,38
2018-07-09 09:30:00+00:00,0,13,10,51,0,74
2018-07-09 10:00:00+00:00,0,4,42,11,0,57
2018-07-09 10:30:00+00:00,0,11,37,10,0,58
2018-07-09 11:00:00+00:00,0,10,39,69,0,118
2018-07-09 11:30:00+00:00,0,66,10,3,0,79
2018-07-09 12:00:00+00:00,0,22,15,18,0,55
2018-07-09 12:30:00+00:00,0,48,11,8,0,67
2018-07-09 13:00:00+00:00,0,10,7,19,0,36
2018-07-09 13:30:00+00:00,0,74,3,73,0,150
2018-07-09 14:00:00+00:00,0,29,24,0,0,53
2018-07-09 14:30:00+00:00,0,7,30,6,0,43
2018-07-09 15:00:00+00:00,0,30,10,8,0,48
2018-07-09 15:30:00+00:00,0,0,63,0,0,63
2018-07-09 16:00:00+00:00,0,0,9,0,0,9
2018-07-09 16:30:00+00:00,0,0,15,0,0,15
2018-07-09 17:00:00+00:00,0,0,9,0,0,9
2018-07-09 17:30:00+00:00,0,0,1,0,0,1
2018-07-09 18:00:00+00:00,0,0,0,0,0,0
2018-07-09 18:30:00+00:00,0,0,0,0,0,0
2018-07-09 19:00:00+00:00,0,0,0,0,0,0
2018-07-09 19:30:00+00:00,0,2,0,0,0,2
2018-07-09 20:00:00+00:00,0,0,1,0,0,1
2018-07-09 20:30:00+00:00,0,0,0,0,0,0
2018-07-09 21:00:00+00:00,0,0,0,0,0,0
2018-07-09 21:30:00+00:00,0,0,0,0,445,445
2018-07-09 22:00:00+00:00,0,0,0,0,0,0
2018-07-09 22:30:00+00:00,0,0,0,0,0,0
2018-07-09 23:00:00+00:00,0,0,0,0,0,0
2018-07-09 23:30:00+00:00,0,0,0,0,0,0
2018-07-10 00:00:00+00:00,0,0,0,0,0,0
2018-07-10 00:30:00+00:00,0,0,0,0,0,0
2018-07-10 01:00:00+00:00,0,0,0,0,0,0
2018-07-10 01:30:00+00:00,0,0,0,0,0,0
2018-07-10 02:00:00+00:00,0,0,0,0,0,0
2018-07-10 02:30:00+00:00,0,0,0,0,0,0
2018-07-10 03:00:00+00:00,0,0,0,0,0,0
2018-07-10 03:30:00+00:00,0,0,0,0,0,0
2018-07-10 04:00:00+00:00,0,0,0,0,0,0
2018-07-10 04:30:00+00:00,0,0,5,0,0,5
2018-07-10 05:00:00+00:00,0,0,9,0,0,9
2018-07-10 05:30:00+00:00,0,39,23,0,0,62
2018-07-10 06:00:00+00:00,0,42,3,0,0,45
2018-07-10 06:30:00+00:00,0,52,6,1,0,59
2018-07-10 07:00:00+00:00,0,25,23,33,0,81
2018-07-10 07:30:00+00:00,0,74,6,49,0,129
2018-07-10 08:00:00+00:00,0,21,24,21,0,66
2018-07-10 08:30:00+00:00,0,20,19,3,0,42
2018-07-10 09:00:00+00:00,0,29,16,0,0,45
2018-07-10 09:30:00+00:00,0,8,18,43,0,69
2018-07-10 10:00:00+00:00,0,23,2,29,0,54
2018-07-10 10:30:00+00:00,0,20,8,3,0,31
2018-07-10 11:00:00+00:00,193,11,17,31,0,252
2018-07-10 11:30:00+00:00,0,17,32,1,0,50
2018-07-10 12:00:00+00:00,0,9,4,2,0,15
2018-07-10 12:30:00+00:00,0,6,9,41,0,56
2018-07-10 13:00:00+00:00,121,18,13,102,0,254
2018-07-10 13:30:00+00:00,0,49,32,77,0,158
2018-07-10 14:00:00+00:00,0,3,46,62,0,111
2018-07-10 14:30:00+00:00,0,2,1,16,0,19
2018-07-10 15:00:00+00:00,0,7,117,2,0,126
2018-07-10 15:30:00+00:00,0,0,36,5,0,41
2018-07-10 16:00:00+00:00,0,0,4,8,0,12
2018-07-10 16:30:00+00:00,0,0,2,0,0,2
2018-07-10 17:00:00+00:00,0,0,1,0,0,1
2018-07-10 17:30:00+00:00,0,0,1,0,0,1
2018-07-10 18:00:00+00:00,0,0,0,0,0,0
2018-07-10 18:30:00+00:00,0,0,0,0,0,0
2018-07-10 19:00:00+00:00,0,0,0,0,0,0
2018-07-10 19:30:00+00:00,0,0,0,0,0,0
2018-07-10 20:00:00+00:00,0,0,0,0,0,0
2018-07-10 20:30:00+00:00,0,0,0,0,0,0
2018-07-10 21:00:00+00:00,0,0,0,0,0,0
2018-07-10 21:30:00+00:00,0,0,0,0,295,295
2018-07-10 22:00:00+00:00,0,0,0,0,0,0
2018-07-10 22:30:00+00:00,0,0,0,0,0,0
2018-07-10 23:00:00+00:00,0,0,0,0,0,0
2018-07-10 23:30:00+00:00,0,0,0,0,0,0
2018-07-11 00:00:00+00:00,0,0,0,0,0,0
2018-07-11 00:30:00+00:00,0,0,0,0,0,0
2018-07-11 01:00:00+00:00,0,0,0,0,0,0
2018-07-11 01:30:00+00:00,0,0,0,0,0,0
2018-07-11 02:00:00+00:00,0,0,0,0,0,0
2018-07-11 02:30:00+00:00,0,0,0,0,0,0
2018-07-11 03:00:00+00:00,0,0,0,0,0,0
2018-07-11 03:30:00+00:00,0,1,0,0,0,1
2018-07-11 04:00:00+00:00,0,0,0,0,0,0
2018-07-11 04:30:00+00:00,0,0,0,0,0,0
2018-07-11 05:00:00+00:00,0,0,4,0,0,4
2018-07-11 05:30:00+00:00,0,35,6,0,0,41
2018-07-11 06:00:00+00:00,0,71,18,0,0,89
2018-07-11 06:30:00+00:00,0,25,57,3,0,85
2018-07-11 07:00:00+00:00,0,22,11,53,0,86
2018-07-11 07:30:00+00:00,0,11,15,3,0,29
2018-07-11 08:00:00+00:00,0,14,51,75,0,140
2018-07-11 08:30:00+00:00,0,63,6,5,0,74
2018-07-11 09:00:00+00:00,0,16,21,11,0,48
2018-07-11 09:30:00+00:00,0,66,10,45,0,121
2018-07-11 10:00:00+00:00,0,76,23,98,0,197
2018-07-11 10:30:00+00:00,0,1,5,101,0,107
2018-07-11 11:00:00+00:00,0,3,19,26,0,48
2018-07-11 11:30:00+00:00,0,10,20,27,0,57
2018-07-11 12:00:00+00:00,0,1,25,2,0,28
2018-07-11 12:30:00+00:00,0,0,50,17,0,67
2018-07-11 13:00:00+00:00,0,4,7,7,0,18
2018-07-11 13:30:00+00:00,0,18,19,22,0,59
2018-07-11 14:00:00+00:00,0,41,16,14,0,71
2018-07-11 14:30:00+00:00,0,11,3,86,0,100
2018-07-11 15:00:00+00:00,0,0,1,10,0,11
2018-07-11 15:30:00+00:00,0,0,108,6,0,114
2018-07-11 16:00:00+00:00,0,0,59,3,0,62
2018-07-11 16:30:00+00:00,0,0,2,0,0,2
2018-07-11 17:00:00+00:00,0,0,2,0,0,2
2018-07-11 17:30:00+00:00,0,0,0,0,0,0
2018-07-11 18:00:00+00:00,0,0,0,0,0,0
2018-07-11 18:30:00+00:00,0,0,0,0,0,0
2018-07-11 19:00:00+00:00,0,0,0,0,0,0
2018-07-11 19:30:00+00:00,0,0,1,0,0,1
2018-07-11 20:00:00+00:00,0,65,0,0,0,65
2018-07-11 20:30:00+00:00,0,0,4,0,0,4
2018-07-11 21:00:00+00:00,0,1,0,0,0,1
2018-07-11 21:30:00+00:00,0,0,0,0,453,453
2018-07-11 22:00:00+00:00,0,0,0,0,0,0
2018-07-11 22:30:00+00:00,0,0,0,0,0,0
2018-07-11 23:00:00+00:00,0,0,0,0,0,0
2018-07-11 23:30:00+00:00,0,0,0,0,0,0
2018-07-12 00:00:00+00:00,0,0,0,0,0,0
2018-07-12 00:30:00+00:00,0,0,0,0,0,0
2018-07-12 01:00:00+00:00,0,0,0,0,0,0
2018-07-12 01:30:00+00:00,0,0,0,0,0,0
2018-07-12 02:00:00+00:00,0,0,0,0,0,0
2018-07-12 02:30:00+00:00,0,0,0,0,0,0
2018-07-12 03:00:00+00:00,0,0,0,0,0,0
2018-07-12 03:30:00+00:00,0,0,0,0,0,0
2018-07-12 04:00:00+00:00,0,0,0,0,0,0
2018-07-12 04:30:00+00:00,0,0,0,0,0,0
2018-07-12 05:00:00+00:00,0,0,4,0,0,4
2018-07-12 05:30:00+00:00,0,25,15,0,0,40
2018-07-12 06:00:00+00:00,0,15,4,0,0,19
2018-07-12 06:30:00+00:00,0,48,13,0,0,61
2018-07-12 07:00:00+00:00,0,29,16,6,0,51
2018-07-12 07:30:00+00:00,0,13,24,37,0,74
2018-07-12 08:00:00+00:00,0,26,9,62,0,97
2018-07-12 08:30:00+00:00,0,45,15,55,0,115
2018-07-12 09:00:00+00:00,0,49,35,0,0,84
2018-07-12 09:30:00+00:00,0,53,19,4,0,76
2018-07-12 10:00:00+00:00,0,6,7,37,0,50
2018-07-12 10:30:00+00:00,414,28,25,15,0,482
2018-07-12 11:00:00+00:00,0,17,44,6,0,67
2018-07-12 11:30:00+00:00,0,3,8,16,0,27
2018-07-12 12:00:00+00:00,0,65,20,18,0,103
2018-07-12 12:30:00+00:00,0,10,17,5,0,32
2018-07-12 13:00:00+00:00,0,19,95,6,0,120
2018-07-12 13:30:00+00:00,0,8,24,19,0,51
2018-07-12 14:00:00+00:00,0,7,1,5,0,13
2018-07-12 14:30:00+00:00,0,22,4,7,0,33
2018-07-12 15:00:00+00:00,0,0,17,14,0,31
2018-07-12 15:30:00+00:00,0,1,104,2,0,107
2018-07-12 16:00:00+00:00,0,2,8,14,0,24
2018-07-12 16:30:00+00:00,0,0,1,0,0,1
2018-07-12 17:00:00+00:00,0,0,0,0,0,0
2018-07-12 17:30:00+00:00,0,0,2,0,0,2
2018-07-12 18:00:00+00:00,0,0,0,0,0,0
2018-07-12 18:30:00+00:00,0,0,1,0,0,1
2018-07-12 19:00:00+00:00,0,0,0,0,0,0
2018-07-12 19:30:00+00:00,0,0,0,0,0,0
2018-07-12 20:00:00+00:00,0,36,0,0,0,36
2018-07-12 20:30:00+00:00,0,1,0,0,0,1
2018-07-12 21:00:00+00:00,0,0,0,0,0,0
2018-07-12 21:30:00+00:00,0,0,2,0,408,410
2018-07-12 22:00:00+00:00,0,0,0,0,0,0
2018-07-12 22:30:00+00:00,0,0,0,0,0,0
2018-07-12 23:00:00+00:00,0,0,0,0,0,0
2018-07-12 23:30:00+00:00,0,0,0,0,0,0
2018-07-13 00:00:00+00:00,0,0,0,0,0,0
2018-07-13 00:30:00+00:00,0,0,0,0,0,0
2018-07-13 01:00:00+00:00,0,0,0,0,0,0
2018-07-13 01:30:00+00:00,0,0,0,0,0,0
2018-07-13 02:00:00+00:00,0,0,0,0,0,0
2018-07-13 02:30:00+00:00,0,0,0,0,0,0
2018-07-13 03:00:00+00:00,0,0,0,0,0,0
2018-07-13 03:30:00+00:00,0,0,0,0,0,0
2018-07-13 04:00:00+00:00,0,0,0,0,0,0
2018-07-13 04:30:00+00:00,0,0,2,0,0,2
2018-07-13 05:00:00+00:00,0,20,16,0,0,36
2018-07-13 05:30:00+00:00,0,30,42,2,0,74
2018-07-13 06:00:00+00:00,0,60,7,1,0,68
2018-07-13 06:30:00+00:00,0,95,8,7,0,110
2018-07-13 07:00:00+00:00,0,63,6,3,0,72
2018-07-13 07:30:00+00:00,0,51,4,8,0,63
2018-07-13 08:00:00+00:00,0,12,7,3,0,22
2018-07-13 08:30:00+00:00,22,33,15,6,0,76
2018-07-13 09:00:00+00:00,0,24,24,7,0,55
2018-07-13 09:30:00+00:00,0,52,12,12,0,76
2018-07-13 10:00:00+00:00,6,24,22,22,0,74
2018-07-13 10:30:00+00:00,0,7,40,18,0,65
2018-07-13 11:00:00+00:00,0,35,19,18,0,72
2018-07-13 11:30:00+00:00,0,15,36,5,0,56
2018-07-13 12:00:00+00:00,0,17,19,6,0,42
2018-07-13 12:30:00+00:00,0,64,16,27,0,107
2018-07-13 13:00:00+00:00,0,6,1,31,0,38
2018-07-13 13:30:00+00:00,0,16,2,2,0,20
2018-07-13 14:00:00+00:00,0,1,2,28,0,31
2018-07-13 14:30:00+00:00,0,3,8,222,0,233
2018-07-13 15:00:00+00:00,0,0,3,75,0,78
2018-07-13 15:30:00+00:00,0,0,195,18,0,213
2018-07-13 16:00:00+00:00,0,0,0,0,0,0
2018-07-13 16:30:00+00:00,0,0,0,0,0,0
2018-07-13 17:00:00+00:00,0,0,0,0,0,0
2018-07-13 17:30:00+00:00,0,0,0,0,0,0
2018-07-13 18:00:00+00:00,0,0,0,0,0,0
2018-07-13 18:30:00+00:00,0,0,3,0,0,3
2018-07-13 19:00:00+00:00,0,0,0,0,0,0
2018-07-13 19:30:00+00:00,0,0,0,0,0,0
2018-07-13 20:00:00+00:00,0,0,1,0,0,1
2018-07-13 20:30:00+00:00,0,0,0,0,0,0
2018-07-13 21:00:00+00:00,0,0,0,0,0,0
2018-07-13 21:30:00+00:00,0,0,0,0,400,400
2018-07-13 22:00:00+00:00,0,0,0,0,0,0
2018-07-13 22:30:00+00:00,0,0,1,0,0,1
2018-07-13 23:00:00+00:00,0,0,0,0,0,0
2018-07-13 23:30:00+00:00,0,0,0,0,0,0
2018-07-14 00:00:00+00:00,0,0,0,0,0,0
2018-07-14 00:30:00+00:00,0,0,0,0,0,0
2018-07-14 01:00:00+00:00,0,0,0,0,0,0
2018-07-14 01:30:00+00:00,0,0,0,0,0,0
2018-07-14 02:00:00+00:00,0,0,0,0,0,0
2018-07-14 02:30:00+00:00,0,0,12,0,0,12
2018-07-14 03:00:00+00:00,0,0,0,0,0,0
2018-07-14 03:30:00+00:00,0,0,0,0,0,0
2018-07-14 04:00:00+00:00,0,0,0,0,0,0
2018-07-14 04:30:00+00:00,0,0,0,0,0,0
2018-07-14 05:00:00+00:00,0,0,0,0,0,0
2018-07-14 05:30:00+00:00,0,0,0,0,0,0
2018-07-14 06:00:00+00:00,0,0,0,0,0,0
2018-07-14 06:30:00+00:00,0,0,0,0,0,0
2018-07-14 07:00:00+00:00,0,0,0,0,0,0
2018-07-14 07:30:00+00:00,0,0,0,0,0,0
2018-07-14 08:00:00+00:00,0,5,0,0,0,5
2018-07-14 08:30:00+00:00,0,0,0,0,0,0
2018-07-14 09:00:00+00:00,0,0,0,0,0,0
2018-07-14 09:30:00+00:00,0,0,0,0,0,0
2018-07-14 10:00:00+00:00,0,0,0,0,0,0
2018-07-14 10:30:00+00:00,0,0,0,0,0,0
2018-07-14 11:00:00+00:00,0,0,0,0,0,0
2018-07-14 11:30:00+00:00,0,0,0,0,0,0
2018-07-14 12:00:00+00:00,0,0,0,0,0,0
2018-07-14 12:30:00+00:00,0,0,0,0,0,0
2018-07-14 13:00:00+00:00,0,0,0,0,0,0
2018-07-14 13:30:00+00:00,0,0,0,0,0,0
2018-07-14 14:00:00+00:00,0,0,0,0,0,0
2018-07-14 14:30:00+00:00,0,0,0,0,0,0
2018-07-14 15:00:00+00:00,0,0,0,0,0,0
2018-07-14 15:30:00+00:00,0,0,0,0,0,0
2018-07-14 16:00:00+00:00,0,0,0,0,0,0
2018-07-14 16:30:00+00:00,0,0,0,0,0,0
2018-07-14 17:00:00+00:00,0,0,0,0,0,0
2018-07-14 17:30:00+00:00,0,0,0,0,0,0
2018-07-14 18:00:00+00:00,0,0,0,0,0,0
2018-07-14 18:30:00+00:00,0,0,0,0,0,0
2018-07-14 19:00:00+00:00,0,0,0,0,0,0
2018-07-14 19:30:00+00:00,0,0,0,0,0,0
2018-07-14 20:00:00+00:00,0,0,0,0,0,0
2018-07-14 20:30:00+00:00,0,1,0,0,0,1
2018-07-14 21:00:00+00:00,0,0,0,0,0,0
2018-07-14 21:30:00+00:00,0,0,0,0,14,14
2018-07-14 22:00:00+00:00,0,0,0,0,0,0
2018-07-14 22:30:00+00:00,0,0,0,0,0,0
2018-07-14 23:00:00+00:00,0,0,0,0,0,0
2018-07-14 23:30:00+00:00,0,0,0,0,0,0
2018-07-15 00:00:00+00:00,0,0,0,0,0,0
2018-07-15 00:30:00+00:00,0,0,0,0,0,0
2018-07-15 01:00:00+00:00,0,0,0,0,0,0
2018-07-15 01:30:00+00:00,0,0,0,0,0,0
2018-07-15 02:00:00+00:00,0,0,0,0,0,0
2018-07-15 02:30:00+00:00,0,0,0,0,0,0
2018-07-15 03:00:00+00:00,0,0,0,0,0,0
2018-07-15 03:30:00+00:00,0,0,0,0,0,0
2018-07-15 04:00:00+00:00,0,0,0,0,0,0
2018-07-15 04:30:00+00:00,0,0,0,0,0,0
2018-07-15 05:00:00+00:00,0,0,0,0,0,0
2018-07-15 05:30:00+00:00,0,0,0,0,0,0
2018-07-15 06:00:00+00:00,0,0,0,0,0,0
2018-07-15 06:30:00+00:00,0,0,0,0,0,0
2018-07-15 07:00:00+00:00,0,0,0,0,0,0
2018-07-15 07:30:00+00:00,0,0,0,0,0,0
2018-07-15 08:00:00+00:00,0,0,0,0,0,0
2018-07-15 08:30:00+00:00,0,0,0,0,0,0
2018-07-15 09:00:00+00:00,0,0,0,0,0,0
2018-07-15 09:30:00+00:00,0,0,0,0,0,0
2018-07-15 10:00:00+00:00,0,0,0,0,0,0
2018-07-15 10:30:00+00:00,0,0,0,0,0,0
2018-07-15 11:00:00+00:00,0,0,0,0,0,0
2018-07-15 11:30:00+00:00,0,0,0,0,0,0
2018-07-15 12:00:00+00:00,0,0,0,0,0,0
2018-07-15 12:30:00+00:00,0,0,0,0,0,0
2018-07-15 13:00:00+00:00,0,0,0,0,0,0
2018-07-15 13:30:00+00:00,0,0,0,0,0,0
2018-07-15 14:00:00+00:00,0,0,0,0,0,0
2018-07-15 14:30:00+00:00,0,0,0,0,0,0
2018-07-15 15:00:00+00:00,0,0,0,0,0,0
2018-07-15 15:30:00+00:00,0,0,0,0,0,0
2018-07-15 16:00:00+00:00,0,0,0,0,0,0
2018-07-15 16:30:00+00:00,0,0,0,0,0,0
2018-07-15 17:00:00+00:00,0,0,0,0,0,0
2018-07-15 17:30:00+00:00,0,0,0,0,0,0
2018-07-15 18:00:00+00:00,0,0,0,0,0,0
2018-07-15 18:30:00+00:00,0,0,0,0,0,0
2018-07-15 19:00:00+00:00,0,0,0,0,0,0
2018-07-15 19:30:00+00:00,0,0,0,0,0,0
2018-07-15 20:00:00+00:00,0,0,0,0,0,0
2018-07-15 20:30:00+00:00,0,0,0,0,0,0
2018-07-15 21:00:00+00:00,0,0,0,0,0,0
2018-07-15 21:30:00+00:00,0,0,0,0,22,22
2018-07-15 22:00:00+00:00,0,0,0,0,0,0
2018-07-15 22:30:00+00:00,0,0,0,0,0,0
2018-07-15 23:00:00+00:00,0,0,0,0,0,0
2018-07-15 23:30:00+00:00,0,0,0,0,0,0
2018-07-16 00:00:00+00:00,0,0,0,0,0,0
2018-07-16 00:30:00+00:00,0,0,0,0,0,0
2018-07-16 01:00:00+00:00,0,0,0,0,0,0
2018-07-16 01:30:00+00:00,0,0,0,0,0,0
2018-07-16 02:00:00+00:00,0,0,0,0,0,0
2018-07-16 02:30:00+00:00,0,0,0,0,0,0
2018-07-16 03:00:00+00:00,0,0,0,0,0,0
2018-07-16 03:30:00+00:00,0,0,0,0,0,0
2018-07-16 04:00:00+00:00,0,0,0,0,0,0
2018-07-16 04:30:00+00:00,0,0,7,0,0,7
2018-07-16 05:00:00+00:00,0,1,2,0,0,3
2018-07-16 05:30:00+00:00,0,36,9,0,0,45
2018-07-16 06:00:00+00:00,0,29,34,0,0,63
2018-07-16 06:30:00+00:00,0,50,8,0,0,58
2018-07-16 07:00:00+00:00,0,5,15,0,0,20
2018-07-16 07:30:00+00:00,0,40,10,18,0,68
2018-07-16 08:00:00+00:00,0,101,6,74,0,181
2018-07-16 08:30:00+00:00,0,9,8,3,0,20
2018-07-16 09:00:00+00:00,0,48,9,1,0,58
2018-07-16 09:30:00+00:00,0,2,19,61,0,82
2018-07-16 10:00:00+00:00,0,7,26,10,0,43
2018-07-16 10:30:00+00:00,0,5,8,32,0,45
2018-07-16 11:00:00+00:00,0,17,53,19,0,89
2018-07-16 11:30:00+00:00,0,25,22,11,0,58
2018-07-16 12:00:00+00:00,0,144,28,48,0,220
2018-07-16 12:30:00+00:00,0,19,55,1,0,75
2018-07-16 13:00:00+00:00,0,17,10,10,0,37
2018-07-16 13:30:00+00:00,0,27,19,1,0,47
2018-07-16 14:00:00+00:00,0,11,40,0,0,51
2018-07-16 14:30:00+00:00,0,5,28,33,0,66
2018-07-16 15:00:00+00:00,0,3,2,100,0,105
2018-07-16 15:30:00+00:00,0,0,56,42,0,98
2018-07-16 16:00:00+00:00,0,0,0,0,0,0
2018-07-16 16:30:00+00:00,0,3,0,0,0,3
2018-07-16 17:00:00+00:00,0,0,13,0,0,13
2018-07-16 17:30:00+00:00,0,2,1,0,0,3
2018-07-16 18:00:00+00:00,0,0,0,0,0,0
2018-07-16 18:30:00+00:00,0,0,0,0,0,0
2018-07-16 19:00:00+00:00,0,0,0,0,0,0
2018-07-16 19:30:00+00:00,0,0,0,0,0,0
2018-07-16 20:00:00+00:00,0,0,0,0,0,0
2018-07-16 20:30:00+00:00,0,0,1,0,0,1
2018-07-16 21:00:00+00:00,0,0,0,0,0,0
2018-07-16 21:30:00+00:00,0,0,0,0,452,452
2018-07-16 22:00:00+00:00,0,0,6,0,0,6
2018-07-16 22:30:00+00:00,0,0,0,0,0,0
2018-07-16 23:00:00+00:00,0,0,0,0,0,0
2018-07-16 23:30:00+00:00,0,0,0,0,0,0
2018-07-17 00:00:00+00:00,0,0,0,0,0,0
2018-07-17 00:30:00+00:00,0,0,0,0,0,0
2018-07-17 01:00:00+00:00,0,0,0,0,0,0
2018-07-17 01:30:00+00:00,0,0,0,0,0,0
2018-07-17 02:00:00+00:00,0,0,0,0,0,0
2018-07-17 02:30:00+00:00,0,0,0,0,0,0
2018-07-17 03:00:00+00:00,0,0,0,0,0,0
2018-07-17 03:30:00+00:00,0,0,0,0,0,0
2018-07-17 04:00:00+00:00,0,0,0,0,0,0
2018-07-17 04:30:00+00:00,0,0,6,0,0,6
2018-07-17 05:00:00+00:00,0,10,7,0,0,17
2018-07-17 05:30:00+00:00,0,15,2,0,0,17
2018-07-17 06:00:00+00:00,0,0,8,0,0,8
2018-07-17 06:30:00+00:00,0,28,20,5,0,53
2018-07-17 07:00:00+00:00,0,32,30,0,0,62
2018-07-17 07:30:00+00:00,0,26,15,3,0,44
2018-07-17 08:00:00+00:00,0,34,27,17,0,78
2018-07-17 08:30:00+00:00,0,9,4,15,0,28
2018-07-17 09:00:00+00:00,0,83,23,4,0,110
2018-07-17 09:30:00+00:00,0,3,5,48,0,56
2018-07-17 10:00:00+00:00,0,8,10,30,0,48
2018-07-17 10:30:00+00:00,0,8,9,32,0,49
2018-07-17 11:00:00+00:00,0,18,20,66,0,104
2018-07-17 11:30:00+00:00,0,14,8,40,0,62
2018-07-17 12:00:00+00:00,0,2,10,17,0,29
2018-07-17 12:30:00+00:00,0,51,17,20,0,88
2018-07-17 13:00:00+00:00,0,30,57,116,0,203
2018-07-17 13:30:00+00:00,0,15,8,31,0,54
2018-07-17 14:00:00+00:00,0,15,3,51,0,69
2018-07-17 14:30:00+00:00,0,4,4,76,0,84
2018-07-17 15:00:00+00:00,0,0,0,43,0,43
2018-07-17 15:30:00+00:00,0,6,111,34,0,151
2018-07-17 16:00:00+00:00,0,0,1,14,0,15
2018-07-17 16:30:00+00:00,0,0,18,0,0,18
2018-07-17 17:00:00+00:00,0,0,3,0,0,3
2018-07-17 17:30:00+00:00,0,0,0,0,0,0
2018-07-17 18:00:00+00:00,0,0,0,0,0,0
2018-07-17 18:30:00+00:00,0,0,0,0,0,0
2018-07-17 19:00:00+00:00,0,0,0,0,0,0
2018-07-17 19:30:00+00:00,0,0,0,0,0,0
2018-07-17 20:00:00+00:00,0,0,0,0,0,0
2018-07-17 20:30:00+00:00,0,0,0,0,0,0
2018-07-17 21:00:00+00:00,0,0,0,0,0,0
2018-07-17 21:30:00+00:00,0,0,0,0,590,590
2018-07-17 22:00:00+00:00,0,0,0,0,0,0
2018-07-17 22:30:00+00:00,0,0,0,0,0,0
2018-07-17 23:00:00+00:00,0,0,0,0,0,0
2018-07-17 23:30:00+00:00,0,0,0,0,0,0
2018-07-18 00:00:00+00:00,0,0,0,0,0,0
2018-07-18 00:30:00+00:00,0,0,0,0,0,0
2018-07-18 01:00:00+00:00,0,0,0,0,0,0
2018-07-18 01:30:00+00:00,0,0,0,0,0,0
2018-07-18 02:00:00+00:00,0,0,0,0,0,0
2018-07-18 02:30:00+00:00,0,0,0,0,0,0
2018-07-18 03:00:00+00:00,0,2,0,0,0,2
2018-07-18 03:30:00+00:00,0,0,0,0,0,0
2018-07-18 04:00:00+00:00,0,0,0,0,0,0
2018-07-18 04:30:00+00:00,0,5,1,0,0,6
2018-07-18 05:00:00+00:00,0,0,11,0,0,11
2018-07-18 05:30:00+00:00,0,32,17,0,0,49
2018-07-18 06:00:00+00:00,0,9,50,0,0,59
2018-07-18 06:30:00+00:00,0,43,7,24,0,74
2018-07-18 07:00:00+00:00,0,85,8,26,0,119
2018-07-18 07:30:00+00:00,0,11,18,61,0,90
2018-07-18 08:00:00+00:00,0,33,20,46,0,99
2018-07-18 08:30:00+00:00,0,22,14,11,0,47
2018-07-18 09:00:00+00:00,0,16,16,15,0,47
2018-07-18 09:30:00+00:00,0,22,18,14,0,54
2018-07-18 10:00:00+00:00,0,8,7,20,0,35
2018-07-18 10:30:00+00:00,0,1,7,92,0,100
2018-07-18 11:00:00+00:00,0,10,20,15,0,45
2018-07-18 11:30:00+00:00,0,21,19,38,0,78
2018-07-18 12:00:00+00:00,0,20,7,56,0,83
2018-07-18 12:30:00+00:00,0,17,31,28,0,76
2018-07-18 13:00:00+00:00,0,31,22,20,0,73
2018-07-18 13:30:00+00:00,0,7,12,33,0,52
2018-07-18 14:00:00+00:00,0,133,16,62,0,211
2018-07-18 14:30:00+00:00,0,0,4,16,0,20
2018-07-18 15:00:00+00:00,0,24,1,16,0,41
2018-07-18 15:30:00+00:00,0,0,108,20,0,128
2018-07-18 16:00:00+00:00,0,0,12,0,0,12
2018-07-18 16:30:00+00:00,0,0,0,0,0,0
2018-07-18 17:00:00+00:00,0,25,1,0,0,26
2018-07-18 17:30:00+00:00,0,0,0,0,0,0
2018-07-18 18:00:00+00:00,0,0,4,0,0,4
2018-07-18 18:30:00+00:00,0,0,1,0,0,1
2018-07-18 19:00:00+00:00,0,0,0,0,0,0
2018-07-18 19:30:00+00:00,0,0,1,0,0,1
2018-07-18 20:00:00+00:00,0,0,1,0,0,1
2018-07-18 20:30:00+00:00,0,23,0,0,0,23
2018-07-18 21:00:00+00:00,0,0,0,0,0,0
2018-07-18 21:30:00+00:00,0,0,0,0,316,316
2018-07-18 22:00:00+00:00,0,0,0,0,0,0
2018-07-18 22:30:00+00:00,0,0,0,0,0,0
2018-07-18 23:00:00+00:00,0,0,0,0,0,0
2018-07-18 23:30:00+00:00,0,0,0,0,0,0
2018-07-19 00:00:00+00:00,0,0,0,0,0,0
2018-07-19 00:30:00+00:00,0,0,0,0,0,0
2018-07-19 01:00:00+00:00,0,0,0,0,0,0
2018-07-19 01:30:00+00:00,0,0,0,0,0,0
2018-07-19 02:00:00+00:00,0,0,0,0,0,0
2018-07-19 02:30:00+00:00,0,0,0,0,0,0
2018-07-19 03:00:00+00:00,0,0,0,0,0,0
2018-07-19 03:30:00+00:00,0,0,0,0,0,0
2018-07-19 04:00:00+00:00,0,0,0,0,0,0
2018-07-19 04:30:00+00:00,0,0,0,0,0,0
2018-07-19 05:00:00+00:00,0,2,10,0,0,12
2018-07-19 05:30:00+00:00,0,36,12,0,0,48
2018-07-19 06:00:00+00:00,0,46,8,0,0,54
2018-07-19 06:30:00+00:00,0,18,9,5,0,32
2018-07-19 07:00:00+00:00,0,9,10,4,0,23
2018-07-19 07:30:00+00:00,0,19,15,57,0,91
2018-07-19 08:00:00+00:00,0,18,38,60,0,116
2018-07-19 08:30:00+00:00,0,12,19,24,0,55
2018-07-19 09:00:00+00:00,0,21,20,0,0,41
2018-07-19 09:30:00+00:00,0,10,37,6,0,53
2018-07-19 10:00:00+00:00,0,32,16,6,0,54
2018-07-19 10:30:00+00:00,0,5,15,0,0,20
2018-07-19 11:00:00+00:00,677,7,11,21,0,716
2018-07-19 11:30:00+00:00,0,9,15,10,0,34
2018-07-19 12:00:00+00:00,0,7,9,6,0,22
2018-07-19 12:30:00+00:00,0,28,19,2,0,49
2018-07-19 13:00:00+00:00,0,39,24,7,0,70
2018-07-19 13:30:00+00:00,0,11,34,20,0,65
2018-07-19 14:00:00+00:00,0,39,34,26,0,99
2018-07-19 14:30:00+00:00,0,8,6,11,0,25
2018-07-19 15:00:00+00:00,0,9,6,11,0,26
2018-07-19 15:30:00+00:00,0,0,124,15,0,139
2018-07-19 16:00:00+00:00,0,3,0,1,0,4
2018-07-19 16:30:00+00:00,0,0,0,0,0,0
2018-07-19 17:00:00+00:00,0,1,28,0,0,29
2018-07-19 17:30:00+00:00,0,0,17,0,0,17
2018-07-19 18:00:00+00:00,0,0,12,0,0,12
2018-07-19 18:30:00+00:00,0,0,0,0,0,0
2018-07-19 19:00:00+00:00,0,0,12,0,0,12
2018-07-19 19:30:00+00:00,0,0,0,0,0,0
2018-07-19 20:00:00+00:00,0,0,0,0,0,0
2018-07-19 20:30:00+00:00,0,0,0,0,0,0
2018-07-19 21:00:00+00:00,0,0,0,0,0,0
2018-07-19 21:30:00+00:00,0,0,0,0,311,311
2018-07-19 22:00:00+00:00,0,0,0,0,0,0
2018-07-19 22:30:00+00:00,0,0,0,0,0,0
2018-07-19 23:00:00+00:00,0,0,0,0,0,0
2018-07-19 23:30:00+00:00,0,0,0,0,0,0
2018-07-20 00:00:00+00:00,0,0,0,0,0,0
2018-07-20 00:30:00+00:00,0,0,0,0,0,0
2018-07-20 01:00:00+00:00,0,0,0,0,0,0
2018-07-20 01:30:00+00:00,0,0,0,0,0,0
2018-07-20 02:00:00+00:00,0,0,0,0,0,0
2018-07-20 02:30:00+00:00,0,0,0,0,0,0
2018-07-20 03:00:00+00:00,0,2,0,0,0,2
2018-07-20 03:30:00+00:00,0,0,0,0,0,0
2018-07-20 04:00:00+00:00,0,0,0,0,0,0
2018-07-20 04:30:00+00:00,0,0,19,33,0,52
2018-07-20 05:00:00+00:00,0,1,4,1,0,6
2018-07-20 05:30:00+00:00,0,27,13,9,0,49
2018-07-20 06:00:00+00:00,0,0,9,1,0,10
2018-07-20 06:30:00+00:00,0,5,31,5,0,41
2018-07-20 07:00:00+00:00,0,96,4,23,0,123
2018-07-20 07:30:00+00:00,0,12,12,16,0,40
2018-07-20 08:00:00+00:00,0,20,12,22,0,54
2018-07-20 08:30:00+00:00,0,29,21,0,0,50
2018-07-20 09:00:00+00:00,4,49,43,0,0,96
2018-07-20 09:30:00+00:00,0,7,17,2,0,26
2018-07-20 10:00:00+00:00,0,1,11,8,0,20
2018-07-20 10:30:00+00:00,1,2,11,8,0,22
2018-07-20 11:00:00+00:00,0,3,6,7,0,16
2018-07-20 11:30:00+00:00,0,4,9,7,0,20
2018-07-20 12:00:00+00:00,0,3,1,5,0,9
2018-07-20 12:30:00+00:00,0,16,3,11,0,30
2018-07-20 13:00:00+00:00,0,4,41,5,0,50
2018-07-20 13:30:00+00:00,0,11,6,16,0,33
2018-07-20 14:00:00+00:00,0,2,4,25,0,31
2018-07-20 14:30:00+00:00,0,2,0,25,0,27
2018-07-20 15:00:00+00:00,0,0,1,18,0,19
2018-07-20 15:30:00+00:00,0,0,155,17,0,172
2018-07-20 16:00:00+00:00,0,0,1,0,0,1
2018-07-20 16:30:00+00:00,0,0,0,0,0,0
2018-07-20 17:00:00+00:00,0,0,0,0,0,0
2018-07-20 17:30:00+00:00,0,0,0,0,0,0
2018-07-20 18:00:00+00:00,0,0,0,0,0,0
2018-07-20 18:30:00+00:00,0,0,5,0,0,5
2018-07-20 19:00:00+00:00,0,0,0,0,0,0
2018-07-20 19:30:00+00:00,0,0,0,0,0,0
2018-07-20 20:00:00+00:00,0,0,0,0,0,0
2018-07-20 20:30:00+00:00,0,0,0,0,0,0
2018-07-20 21:00:00+00:00,0,0,0,0,0,0
2018-07-20 21:30:00+00:00,0,0,0,0,662,662
2018-07-20 22:00:00+00:00,0,0,0,0,0,0
2018-07-20 22:30:00+00:00,0,0,0,0,0,0
2018-07-20 23:00:00+00:00,0,0,0,0,0,0
2018-07-20 23:30:00+00:00,0,0,0,0,0,0
2018-07-21 00:00:00+00:00,0,0,0,0,0,0
2018-07-21 00:30:00+00:00,0,0,0,0,0,0
2018-07-21 01:00:00+00:00,0,0,0,0,0,0
2018-07-21 01:30:00+00:00,0,0,0,0,0,0
2018-07-21 02:00:00+00:00,0,0,0,0,0,0
2018-07-21 02:30:00+00:00,0,0,0,0,0,0
2018-07-21 03:00:00+00:00,0,0,0,0,0,0
2018-07-21 03:30:00+00:00,0,0,0,0,0,0
2018-07-21 04:00:00+00:00,0,0,0,0,0,0
2018-07-21 04:30:00+00:00,0,0,0,0,0,0
2018-07-21 05:00:00+00:00,0,0,0,0,0,0
2018-07-21 05:30:00+00:00,0,0,0,4,0,4
2018-07-21 06:00:00+00:00,0,0,0,1,0,1
2018-07-21 06:30:00+00:00,0,0,0,0,0,0
2018-07-21 07:00:00+00:00,0,0,0,0,0,0
2018-07-21 07:30:00+00:00,0,0,4,0,0,4
2018-07-21 08:00:00+00:00,0,0,0,3,0,3
2018-07-21 08:30:00+00:00,0,0,0,0,0,0
2018-07-21 09:00:00+00:00,0,0,0,3,0,3
2018-07-21 09:30:00+00:00,0,0,0,0,0,0
2018-07-21 10:00:00+00:00,0,0,0,0,0,0
2018-07-21 10:30:00+00:00,0,0,0,0,0,0
2018-07-21 11:00:00+00:00,0,0,0,0,0,0
2018-07-21 11:30:00+00:00,0,0,0,0,0,0
2018-07-21 12:00:00+00:00,0,0,0,0,0,0
2018-07-21 12:30:00+00:00,0,0,0,0,0,0
2018-07-21 13:00:00+00:00,0,0,0,0,0,0
2018-07-21 13:30:00+00:00,0,0,0,0,0,0
2018-07-21 14:00:00+00:00,0,0,0,0,0,0
2018-07-21 14:30:00+00:00,0,0,0,0,0,0
2018-07-21 15:00:00+00:00,0,0,0,0,0,0
2018-07-21 15:30:00+00:00,0,0,0,0,0,0
2018-07-21 16:00:00+00:00,0,0,0,0,0,0
2018-07-21 16:30:00+00:00,0,0,0,0,0,0
2018-07-21 17:00:00+00:00,0,0,0,0,0,0
2018-07-21 17:30:00+00:00,0,0,0,0,0,0
2018-07-21 18:00:00+00:00,0,0,0,0,0,0
2018-07-21 18:30:00+00:00,0,0,0,0,0,0
2018-07-21 19:00:00+00:00,0,0,0,0,0,0
2018-07-21 19:30:00+00:00,0,0,0,0,0,0
2018-07-21 20:00:00+00:00,0,0,0,0,0,0
2018-07-21 20:30:00+00:00,0,0,0,0,0,0
2018-07-21 21:00:00+00:00,0,0,0,0,0,0
2018-07-21 21:30:00+00:00,0,0,0,0,7,7
2018-07-21 22:00:00+00:00,0,0,0,0,0,0
2018-07-21 22:30:00+00:00,0,0,0,0,0,0
2018-07-21 23:00:00+00:00,0,0,0,0,0,0
2018-07-21 23:30:00+00:00,0,0,0,0,0,0
2018-07-22 00:00:00+00:00,0,0,0,0,0,0
2018-07-22 00:30:00+00:00,0,0,0,0,0,0
2018-07-22 01:00:00+00:00,0,0,0,0,0,0
2018-07-22 01:30:00+00:00,0,0,0,0,0,0
2018-07-22 02:00:00+00:00,0,0,0,0,0,0
2018-07-22 02:30:00+00:00,0,0,0,0,0,0
2018-07-22 03:00:00+00:00,0,0,0,0,0,0
2018-07-22 03:30:00+00:00,0,0,0,0,0,0
2018-07-22 04:00:00+00:00,0,0,0,0,0,0
2018-07-22 04:30:00+00:00,0,0,0,0,0,0
2018-07-22 05:00:00+00:00,0,0,0,0,0,0
2018-07-22 05:30:00+00:00,0,0,0,0,0,0
2018-07-22 06:00:00+00:00,0,0,0,0,0,0
2018-07-22 06:30:00+00:00,0,0,0,0,0,0
2018-07-22 07:00:00+00:00,0,0,0,0,0,0
2018-07-22 07:30:00+00:00,0,0,0,0,0,0
2018-07-22 08:00:00+00:00,0,0,0,0,0,0
2018-07-22 08:30:00+00:00,0,0,0,0,0,0
2018-07-22 09:00:00+00:00,0,0,0,0,0,0
2018-07-22 09:30:00+00:00,0,0,0,0,0,0
2018-07-22 10:00:00+00:00,0,0,0,0,0,0
2018-07-22 10:30:00+00:00,0,0,0,0,0,0
2018-07-22 11:00:00+00:00,0,0,0,0,0,0
2018-07-22 11:30:00+00:00,0,0,0,0,0,0
2018-07-22 12:00:00+00:00,0,0,0,0,0,0
2018-07-22 12:30:00+00:00,0,0,0,0,0,0
2018-07-22 13:00:00+00:00,0,0,0,0,0,0
2018-07-22 13:30:00+00:00,0,0,0,0,0,0
2018-07-22 14:00:00+00:00,0,0,0,0,0,0
2018-07-22 14:30:00+00:00,0,0,0,0,0,0
2018-07-22 15:00:00+00:00,0,0,0,0,0,0
2018-07-22 15:30:00+00:00,0,0,0,0,0,0
2018-07-22 16:00:00+00:00,0,0,0,0,0,0
2018-07-22 16:30:00+00:00,0,0,0,0,0,0
2018-07-22 17:00:00+00:00,0,0,0,0,0,0
2018-07-22 17:30:00+00:00,0,0,0,0,0,0
2018-07-22 18:00:00+00:00,0,0,0,0,0,0
2018-07-22 18:30:00+00:00,0,0,0,0,0,0
2018-07-22 19:00:00+00:00,0,0,0,0,0,0
2018-07-22 19:30:00+00:00,0,0,0,0,0,0
2018-07-22 20:00:00+00:00,0,0,0,0,0,0
2018-07-22 20:30:00+00:00,0,0,0,0,0,0
2018-07-22 21:00:00+00:00,0,0,0,0,0,0
2018-07-22 21:30:00+00:00,0,0,0,0,1,1
2018-07-22 22:00:00+00:00,0,0,0,0,0,0
2018-07-22 22:30:00+00:00,0,0,0,0,0,0
2018-07-22 23:00:00+00:00,0,0,0,0,0,0
2018-07-22 23:30:00+00:00,0,0,0,0,0,0
2018-07-23 00:00:00+00:00,0,0,0,0,0,0
2018-07-23 00:30:00+00:00,0,0,0,0,0,0
2018-07-23 01:00:00+00:00,0,0,0,0,0,0
2018-07-23 01:30:00+00:00,0,0,0,0,0,0
2018-07-23 02:00:00+00:00,0,0,0,0,0,0
2018-07-23 02:30:00+00:00,0,0,0,0,0,0
2018-07-23 03:00:00+00:00,0,0,0,1,0,1
2018-07-23 03:30:00+00:00,0,0,0,4,0,4
2018-07-23 04:00:00+00:00,0,0,0,1,0,1
2018-07-23 04:30:00+00:00,0,0,2,0,0,2
2018-07-23 05:00:00+00:00,0,0,60,0,0,60
2018-07-23 05:30:00+00:00,0,45,19,19,0,83
2018-07-23 06:00:00+00:00,0,33,16,10,0,59
2018-07-23 06:30:00+00:00,0,57,5,3,0,65
2018-07-23 07:00:00+00:00,0,16,19,54,0,89
2018-07-23 07:30:00+00:00,0,3,29,0,0,32
2018-07-23 08:00:00+00:00,0,5,33,23,0,61
2018-07-23 08:30:00+00:00,0,13,8,33,0,54
2018-07-23 09:00:00+00:00,0,13,21,2,0,36
2018-07-23 09:30:00+00:00,0,13,17,19,0,49
2018-07-23 10:00:00+00:00,0,4,48,32,0,84
2018-07-23 10:30:00+00:00,0,3,6,33,0,42
2018-07-23 11:00:00+00:00,0,28,27,9,0,64
2018-07-23 11:30:00+00:00,0,23,50,39,0,112
2018-07-23 12:00:00+00:00,0,10,6,26,0,42
2018-07-23 12:30:00+00:00,0,19,9,45,0,73
2018-07-23 13:00:00+00:00,0,15,8,43,0,66
2018-07-23 13:30:00+00:00,0,0,0,48,0,48
2018-07-23 14:00:00+00:00,0,2,1,21,0,24
2018-07-23 14:30:00+00:00,0,1,1,28,0,30
2018-07-23 15:00:00+00:00,0,0,22,40,0,62
2018-07-23 15:30:00+00:00,0,0,55,28,0,83
2018-07-23 16:00:00+00:00,0,0,0,0,0,0
2018-07-23 16:30:00+00:00,0,0,0,0,0,0
2018-07-23 17:00:00+00:00,0,0,0,0,0,0
2018-07-23 17:30:00+00:00,0,0,7,0,0,7
2018-07-23 18:00:00+00:00,0,0,0,0,0,0
2018-07-23 18:30:00+00:00,0,0,1,0,0,1
2018-07-23 19:00:00+00:00,0,0,0,0,0,0
2018-07-23 19:30:00+00:00,0,0,0,0,0,0
2018-07-23 20:00:00+00:00,0,0,0,0,0,0
2018-07-23 20:30:00+00:00,0,0,0,0,0,0
2018-07-23 21:00:00+00:00,0,0,22,0,0,22
2018-07-23 21:30:00+00:00,0,0,0,0,402,402
2018-07-23 22:00:00+00:00,0,0,0,0,0,0
2018-07-23 22:30:00+00:00,0,0,0,0,0,0
2018-07-23 23:00:00+00:00,0,0,0,0,0,0
2018-07-23 23:30:00+00:00,0,0,0,0,0,0
2018-07-24 00:00:00+00:00,0,0,0,0,0,0
2018-07-24 00:30:00+00:00,0,0,0,0,0,0
2018-07-24 01:00:00+00:00,0,0,0,0,0,0
2018-07-24 01:30:00+00:00,0,0,0,0,0,0
2018-07-24 02:00:00+00:00,0,0,0,0,0,0
2018-07-24 02:30:00+00:00,0,0,0,0,0,0
2018-07-24 03:00:00+00:00,0,0,0,2,0,2
2018-07-24 03:30:00+00:00,0,0,0,113,0,113
2018-07-24 04:00:00+00:00,0,0,1,9,0,10
2018-07-24 04:30:00+00:00,0,0,0,10,0,10
2018-07-24 05:00:00+00:00,0,0,5,9,0,14
2018-07-24 05:30:00+00:00,0,27,18,9,0,54
2018-07-24 06:00:00+00:00,0,2,8,10,0,20
2018-07-24 06:30:00+00:00,0,66,14,25,0,105
2018-07-24 07:00:00+00:00,1,110,20,7,0,138
2018-07-24 07:30:00+00:00,0,5,22,12,0,39
2018-07-24 08:00:00+00:00,0,21,4,7,0,32
2018-07-24 08:30:00+00:00,0,22,85,14,0,121
2018-07-24 09:00:00+00:00,0,19,27,34,0,80
2018-07-24 09:30:00+00:00,0,11,12,51,0,74
2018-07-24 10:00:00+00:00,0,6,23,34,0,63
2018-07-24 10:30:00+00:00,0,4,10,6,0,20
2018-07-24 11:00:00+00:00,0,11,82,1,0,94
2018-07-24 11:30:00+00:00,0,10,17,15,0,42
2018-07-24 12:00:00+00:00,0,17,9,24,0,50
2018-07-24 12:30:00+00:00,0,22,10,28,0,60
2018-07-24 13:00:00+00:00,0,36,6,21,0,63
2018-07-24 13:30:00+00:00,0,100,6,10,0,116
2018-07-24 14:00:00+00:00,0,18,19,15,0,52
2018-07-24 14:30:00+00:00,0,20,8,24,0,52
2018-07-24 15:00:00+00:00,0,1,1,20,0,22
2018-07-24 15:30:00+00:00,0,3,96,2,0,101
2018-07-24 16:00:00+00:00,0,1,0,0,0,1
2018-07-24 16:30:00+00:00,0,0,0,0,0,0
2018-07-24 17:00:00+00:00,0,4,0,0,0,4
2018-07-24 17:30:00+00:00,0,44,0,0,0,44
2018-07-24 18:00:00+00:00,0,14,0,0,0,14
2018-07-24 18:30:00+00:00,0,0,0,0,0,0
2018-07-24 19:00:00+00:00,0,0,0,0,0,0
2018-07-24 19:30:00+00:00,0,0,0,0,0,0
2018-07-24 20:00:00+00:00,0,0,0,0,0,0
2018-07-24 20:30:00+00:00,0,0,0,0,0,0
2018-07-24 21:00:00+00:00,0,0,0,0,0,0
2018-07-24 21:30:00+00:00,0,0,0,0,433,433
2018-07-24 22:00:00+00:00,0,0,0,0,0,0
2018-07-24 22:30:00+00:00,0,0,0,0,0,0
2018-07-24 23:00:00+00:00,0,0,0,0,0,0
2018-07-24 23:30:00+00:00,0,0,0,0,0,0
2018-07-25 00:00:00+00:00,0,0,0,0,0,0
2018-07-25 00:30:00+00:00,0,0,0,0,0,0
2018-07-25 01:00:00+00:00,0,0,0,0,0,0
2018-07-25 01:30:00+00:00,0,0,0,0,0,0
2018-07-25 02:00:00+00:00,0,0,0,0,0,0
2018-07-25 02:30:00+00:00,0,0,0,0,0,0
2018-07-25 03:00:00+00:00,0,0,0,2,0,2
2018-07-25 03:30:00+00:00,0,0,0,0,0,0
2018-07-25 04:00:00+00:00,0,1,1,8,0,10
2018-07-25 04:30:00+00:00,0,0,2,7,0,9
2018-07-25 05:00:00+00:00,0,0,0,16,0,16
2018-07-25 05:30:00+00:00,0,19,50,0,0,69
2018-07-25 06:00:00+00:00,0,56,1,15,0,72
2018-07-25 06:30:00+00:00,0,12,3,28,0,43
2018-07-25 07:00:00+00:00,0,26,30,42,0,98
2018-07-25 07:30:00+00:00,0,52,18,32,0,102
2018-07-25 08:00:00+00:00,0,29,24,26,0,79
2018-07-25 08:30:00+00:00,0,16,7,8,0,31
2018-07-25 09:00:00+00:00,0,50,37,15,0,102
2018-07-25 09:30:00+00:00,0,5,20,27,0,52
2018-07-25 10:00:00+00:00,0,4,40,44,0,88
2018-07-25 10:30:00+00:00,0,2,5,13,0,20
2018-07-25 11:00:00+00:00,0,21,32,3,0,56
2018-07-25 11:30:00+00:00,0,6,21,0,0,27
2018-07-25 12:00:00+00:00,0,11,28,6,0,45
2018-07-25 12:30:00+00:00,0,25,16,4,0,45
2018-07-25 13:00:00+00:00,0,11,12,4,0,27
2018-07-25 13:30:00+00:00,0,10,10,10,0,30
2018-07-25 14:00:00+00:00,0,40,33,1,0,74
2018-07-25 14:30:00+00:00,0,1,34,11,0,46
2018-07-25 15:00:00+00:00,1,1,24,24,0,50
2018-07-25 15:30:00+00:00,0,1,96,8,0,105
2018-07-25 16:00:00+00:00,0,0,3,0,0,3
2018-07-25 16:30:00+00:00,0,0,2,0,0,2
2018-07-25 17:00:00+00:00,0,0,9,0,0,9
2018-07-25 17:30:00+00:00,0,0,2,0,0,2
2018-07-25 18:00:00+00:00,0,0,0,0,0,0
2018-07-25 18:30:00+00:00,0,0,0,0,0,0
2018-07-25 19:00:00+00:00,0,0,0,0,0,0
2018-07-25 19:30:00+00:00,0,0,0,0,0,0
2018-07-25 20:00:00+00:00,0,0,1,0,0,1
2018-07-25 20:30:00+00:00,0,0,0,0,0,0
2018-07-25 21:00:00+00:00,0,0,0,0,0,0
2018-07-25 21:30:00+00:00,0,0,0,0,430,430
2018-07-25 22:00:00+00:00,0,0,0,0,0,0
2018-07-25 22:30:00+00:00,0,0,0,0,0,0
2018-07-25 23:00:00+00:00,0,0,0,0,0,0
2018-07-25 23:30:00+00:00,0,0,0,0,0,0
2018-07-26 00:00:00+00:00,0,0,0,0,0,0
2018-07-26 00:30:00+00:00,0,0,0,0,0,0
2018-07-26 01:00:00+00:00,0,0,0,0,0,0
2018-07-26 01:30:00+00:00,0,0,0,0,0,0
2018-07-26 02:00:00+00:00,0,0,0,0,0,0
2018-07-26 02:30:00+00:00,0,0,0,0,0,0
2018-07-26 03:00:00+00:00,0,0,0,0,0,0
2018-07-26 03:30:00+00:00,0,0,0,0,0,0
2018-07-26 04:00:00+00:00,0,0,3,2,0,5
2018-07-26 04:30:00+00:00,0,0,0,8,0,8
2018-07-26 05:00:00+00:00,0,19,5,24,0,48
2018-07-26 05:30:00+00:00,0,45,4,24,0,73
2018-07-26 06:00:00+00:00,0,46,10,68,0,124
2018-07-26 06:30:00+00:00,0,14,5,49,0,68
2018-07-26 07:00:00+00:00,0,24,3,54,0,81
2018-07-26 07:30:00+00:00,0,8,10,6,0,24
2018-07-26 08:00:00+00:00,0,46,10,16,0,72
2018-07-26 08:30:00+00:00,0,40,9,2,0,51
2018-07-26 09:00:00+00:00,0,17,5,31,0,53
2018-07-26 09:30:00+00:00,0,40,34,26,0,100
2018-07-26 10:00:00+00:00,0,52,12,72,0,136
2018-07-26 10:30:00+00:00,0,11,35,71,0,117
2018-07-26 11:00:00+00:00,0,21,105,34,0,160
2018-07-26 11:30:00+00:00,0,23,10,24,0,57
2018-07-26 12:00:00+00:00,0,3,20,17,0,40
2018-07-26 12:30:00+00:00,0,24,26,9,0,59
2018-07-26 13:00:00+00:00,0,19,2,52,0,73
2018-07-26 13:30:00+00:00,0,23,5,96,0,124
2018-07-26 14:00:00+00:00,0,14,4,36,0,54
2018-07-26 14:30:00+00:00,0,28,1,50,0,79
2018-07-26 15:00:00+00:00,0,4,35,28,0,67
2018-07-26 15:30:00+00:00,0,0,131,81,0,212
2018-07-26 16:00:00+00:00,5052,0,1,4,0,5057
2018-07-26 16:30:00+00:00,0,0,0,0,0,0
2018-07-26 17:00:00+00:00,0,0,3,0,0,3
2018-07-26 17:30:00+00:00,0,0,2,0,0,2
2018-07-26 18:00:00+00:00,0,0,2,0,0,2
2018-07-26 18:30:00+00:00,0,0,0,0,0,0
2018-07-26 19:00:00+00:00,0,0,0,0,0,0
2018-07-26 19:30:00+00:00,0,2,1,0,0,3
2018-07-26 20:00:00+00:00,0,0,2,0,0,2
2018-07-26 20:30:00+00:00,0,0,0,0,0,0
2018-07-26 21:00:00+00:00,0,0,0,0,0,0
2018-07-26 21:30:00+00:00,0,1,0,0,350,351
2018-07-26 22:00:00+00:00,0,0,0,0,0,0
2018-07-26 22:30:00+00:00,0,0,0,0,0,0
2018-07-26 23:00:00+00:00,0,0,0,0,0,0
2018-07-26 23:30:00+00:00,0,0,0,0,0,0
2018-07-27 00:00:00+00:00,0,0,0,0,0,0
2018-07-27 00:30:00+00:00,0,0,0,0,0,0
2018-07-27 01:00:00+00:00,0,0,0,0,0,0
2018-07-27 01:30:00+00:00,0,0,0,0,0,0
2018-07-27 02:00:00+00:00,0,0,0,0,0,0
2018-07-27 02:30:00+00:00,0,0,0,0,0,0
2018-07-27 03:00:00+00:00,0,0,0,0,0,0
2018-07-27 03:30:00+00:00,0,0,0,2,0,2
2018-07-27 04:00:00+00:00,0,0,1,3,0,4
2018-07-27 04:30:00+00:00,0,0,0,16,0,16
2018-07-27 05:00:00+00:00,0,4,3,2,0,9
2018-07-27 05:30:00+00:00,0,43,5,6,0,54
2018-07-27 06:00:00+00:00,0,0,2,14,0,16
2018-07-27 06:30:00+00:00,0,44,70,30,0,144
2018-07-27 07:00:00+00:00,0,19,5,25,0,49
2018-07-27 07:30:00+00:00,0,6,9,9,0,24
2018-07-27 08:00:00+00:00,0,12,12,10,0,34
2018-07-27 08:30:00+00:00,0,30,34,1,0,65
2018-07-27 09:00:00+00:00,0,19,29,60,0,108
2018-07-27 09:30:00+00:00,0,10,60,15,0,85
2018-07-27 10:00:00+00:00,0,19,43,41,0,103
2018-07-27 10:30:00+00:00,0,4,11,8,0,23
2018-07-27 11:00:00+00:00,0,4,15,1,0,20
2018-07-27 11:30:00+00:00,0,7,10,8,0,25
2018-07-27 12:00:00+00:00,0,1,1,43,0,45
2018-07-27 12:30:00+00:00,0,24,10,12,0,46
2018-07-27 13:00:00+00:00,0,6,2,15,0,23
2018-07-27 13:30:00+00:00,0,11,4,19,0,34
2018-07-27 14:00:00+00:00,0,0,0,17,0,17
2018-07-27 14:30:00+00:00,11,80,1,36,0,128
2018-07-27 15:00:00+00:00,0,13,32,30,0,75
2018-07-27 15:30:00+00:00,0,12,137,27,0,176
2018-07-27 16:00:00+00:00,0,21,1,0,0,22
2018-07-27 16:30:00+00:00,0,0,0,0,0,0
2018-07-27 17:00:00+00:00,0,0,0,0,0,0
2018-07-27 17:30:00+00:00,0,0,0,0,0,0
2018-07-27 18:00:00+00:00,0,0,20,0,0,20
2018-07-27 18:30:00+00:00,0,0,4,0,0,4
2018-07-27 19:00:00+00:00,0,0,0,0,0,0
2018-07-27 19:30:00+00:00,0,0,0,0,0,0
2018-07-27 20:00:00+00:00,0,0,0,0,0,0
2018-07-27 20:30:00+00:00,0,0,1,0,0,1
2018-07-27 21:00:00+00:00,0,0,0,0,0,0
2018-07-27 21:30:00+00:00,0,0,0,0,638,638
2018-07-27 22:00:00+00:00,0,0,20,0,0,20
2018-07-27 22:30:00+00:00,0,0,0,0,0,0
2018-07-27 23:00:00+00:00,0,0,0,0,0,0
2018-07-27 23:30:00+00:00,0,0,0,0,0,0
2018-07-28 00:00:00+00:00,0,0,0,0,0,0
2018-07-28 00:30:00+00:00,0,0,0,0,0,0
2018-07-28 01:00:00+00:00,0,0,0,0,0,0
2018-07-28 01:30:00+00:00,0,0,0,0,0,0
2018-07-28 02:00:00+00:00,0,0,0,0,0,0
2018-07-28 02:30:00+00:00,0,0,0,0,0,0
2018-07-28 03:00:00+00:00,0,0,0,0,0,0
2018-07-28 03:30:00+00:00,0,0,0,0,0,0
2018-07-28 04:00:00+00:00,0,0,0,0,0,0
2018-07-28 04:30:00+00:00,0,0,0,0,0,0
2018-07-28 05:00:00+00:00,0,0,0,0,0,0
2018-07-28 05:30:00+00:00,0,0,0,0,0,0
2018-07-28 06:00:00+00:00,0,0,20,0,0,20
2018-07-28 06:30:00+00:00,0,0,9,0,0,9
2018-07-28 07:00:00+00:00,0,0,0,0,0,0
2018-07-28 07:30:00+00:00,0,0,0,0,0,0
2018-07-28 08:00:00+00:00,0,1,0,0,0,1
2018-07-28 08:30:00+00:00,0,0,7,0,0,7
2018-07-28 09:00:00+00:00,0,0,0,0,0,0
2018-07-28 09:30:00+00:00,0,0,0,0,0,0
2018-07-28 10:00:00+00:00,0,0,0,0,0,0
2018-07-28 10:30:00+00:00,0,0,0,0,0,0
2018-07-28 11:00:00+00:00,0,0,0,0,0,0
2018-07-28 11:30:00+00:00,0,0,0,0,0,0
2018-07-28 12:00:00+00:00,0,0,0,0,0,0
2018-07-28 12:30:00+00:00,0,0,0,0,0,0
2018-07-28 13:00:00+00:00,0,0,0,0,0,0
2018-07-28 13:30:00+00:00,0,0,0,0,0,0
2018-07-28 14:00:00+00:00,0,0,0,0,0,0
2018-07-28 14:30:00+00:00,0,0,0,0,0,0
2018-07-28 15:00:00+00:00,0,0,0,0,0,0
2018-07-28 15:30:00+00:00,0,0,0,0,0,0
2018-07-28 16:00:00+00:00,0,0,0,0,0,0
2018-07-28 16:30:00+00:00,0,0,0,0,0,0
2018-07-28 17:00:00+00:00,0,0,0,0,0,0
2018-07-28 17:30:00+00:00,0,0,0,0,0,0
2018-07-28 18:00:00+00:00,0,0,0,0,0,0
2018-07-28 18:30:00+00:00,0,0,0,0,0,0
2018-07-28 19:00:00+00:00,0,0,0,0,0,0
2018-07-28 19:30:00+00:00,0,0,0,0,0,0
2018-07-28 20:00:00+00:00,0,0,0,0,0,0
2018-07-28 20:30:00+00:00,0,0,0,0,0,0
2018-07-28 21:00:00+00:00,0,0,0,0,0,0
2018-07-28 21:30:00+00:00,0,0,0,0,11,11
2018-07-28 22:00:00+00:00,0,0,0,0,0,0
2018-07-28 22:30:00+00:00,0,0,0,0,0,0
2018-07-28 23:00:00+00:00,0,0,0,0,0,0
2018-07-28 23:30:00+00:00,0,0,0,0,0,0
2018-07-29 00:00:00+00:00,0,0,0,0,0,0
2018-07-29 00:30:00+00:00,0,0,0,0,0,0
2018-07-29 01:00:00+00:00,0,0,0,0,0,0
2018-07-29 01:30:00+00:00,0,0,0,0,0,0
2018-07-29 02:00:00+00:00,0,0,0,0,0,0
2018-07-29 02:30:00+00:00,0,0,0,0,0,0
2018-07-29 03:00:00+00:00,0,0,0,0,0,0
2018-07-29 03:30:00+00:00,0,0,0,0,0,0
2018-07-29 04:00:00+00:00,0,0,0,0,0,0
2018-07-29 04:30:00+00:00,0,0,0,0,0,0
2018-07-29 05:00:00+00:00,0,0,0,0,0,0
2018-07-29 05:30:00+00:00,0,0,0,0,0,0
2018-07-29 06:00:00+00:00,0,0,0,0,0,0
2018-07-29 06:30:00+00:00,0,0,0,0,0,0
2018-07-29 07:00:00+00:00,0,0,0,0,0,0
2018-07-29 07:30:00+00:00,0,0,0,0,0,0
2018-07-29 08:00:00+00:00,0,0,0,0,0,0
2018-07-29 08:30:00+00:00,0,0,0,0,0,0
2018-07-29 09:00:00+00:00,0,0,0,0,0,0
2018-07-29 09:30:00+00:00,0,0,0,0,0,0
2018-07-29 10:00:00+00:00,0,0,0,0,0,0
2018-07-29 10:30:00+00:00,0,0,0,0,0,0
2018-07-29 11:00:00+00:00,0,0,0,0,0,0
2018-07-29 11:30:00+00:00,0,0,0,0,0,0
2018-07-29 12:00:00+00:00,0,0,0,0,0,0
2018-07-29 12:30:00+00:00,0,0,0,0,0,0
2018-07-29 13:00:00+00:00,0,0,0,0,0,0
2018-07-29 13:30:00+00:00,0,0,0,0,0,0
2018-07-29 14:00:00+00:00,0,0,0,0,0,0
2018-07-29 14:30:00+00:00,0,0,0,0,0,0
2018-07-29 15:00:00+00:00,0,0,0,0,0,0
2018-07-29 15:30:00+00:00,0,0,0,0,0,0
2018-07-29 16:00:00+00:00,0,0,0,0,0,0
2018-07-29 16:30:00+00:00,0,0,0,0,0,0
2018-07-29 17:00:00+00:00,0,0,0,0,0,0
2018-07-29 17:30:00+00:00,0,0,0,0,0,0
2018-07-29 18:00:00+00:00,0,0,0,0,0,0
2018-07-29 18:30:00+00:00,0,0,0,0,0,0
2018-07-29 19:00:00+00:00,0,0,0,0,0,0
2018-07-29 19:30:00+00:00,0,0,0,0,0,0
2018-07-29 20:00:00+00:00,0,0,0,0,0,0
2018-07-29 20:30:00+00:00,0,0,0,0,0,0
2018-07-29 21:00:00+00:00,0,0,0,0,0,0
2018-07-29 21:30:00+00:00,0,2,0,0,1,3
2018-07-29 22:00:00+00:00,0,0,0,0,0,0
2018-07-29 22:30:00+00:00,0,0,0,0,0,0
2018-07-29 23:00:00+00:00,0,0,0,0,0,0
2018-07-29 23:30:00+00:00,0,0,0,0,0,0
2018-07-30 00:00:00+00:00,0,0,0,0,0,0
2018-07-30 00:30:00+00:00,0,0,0,0,0,0
2018-07-30 01:00:00+00:00,0,0,0,0,0,0
2018-07-30 01:30:00+00:00,0,0,0,0,0,0
2018-07-30 02:00:00+00:00,0,0,0,0,0,0
2018-07-30 02:30:00+00:00,0,0,0,0,0,0
2018-07-30 03:00:00+00:00,0,0,0,0,0,0
2018-07-30 03:30:00+00:00,0,0,0,1,0,1
2018-07-30 04:00:00+00:00,0,0,1,0,0,1
2018-07-30 04:30:00+00:00,0,1,0,3,0,4
2018-07-30 05:00:00+00:00,0,2,6,12,0,20
2018-07-30 05:30:00+00:00,0,33,5,11,0,49
2018-07-30 06:00:00+00:00,0,32,8,2,0,42
2018-07-30 06:30:00+00:00,0,18,12,7,0,37
2018-07-30 07:00:00+00:00,0,20,25,76,0,121
2018-07-30 07:30:00+00:00,0,43,38,32,0,113
2018-07-30 08:00:00+00:00,0,29,16,51,0,96
2018-07-30 08:30:00+00:00,0,37,8,9,0,54
2018-07-30 09:00:00+00:00,0,28,9,7,0,44
2018-07-30 09:30:00+00:00,0,20,38,6,0,64
2018-07-30 10:00:00+00:00,0,12,10,33,0,55
2018-07-30 10:30:00+00:00,0,50,2,21,0,73
2018-07-30 11:00:00+00:00,0,31,30,26,0,87
2018-07-30 11:30:00+00:00,0,15,23,16,0,54
2018-07-30 12:00:00+00:00,0,8,7,19,0,34
2018-07-30 12:30:00+00:00,0,26,39,12,0,77
2018-07-30 13:00:00+00:00,0,19,5,4,0,28
2018-07-30 13:30:00+00:00,0,3,16,12,0,31
2018-07-30 14:00:00+00:00,0,4,2,5,0,11
2018-07-30 14:30:00+00:00,0,9,8,0,0,17
2018-07-30 15:00:00+00:00,0,6,83,3,0,92
2018-07-30 15:30:00+00:00,0,0,1,3,0,4
2018-07-30 16:00:00+00:00,0,2,8,0,0,10
2018-07-30 16:30:00+00:00,0,0,0,0,0,0
2018-07-30 17:00:00+00:00,0,0,22,0,0,22
2018-07-30 17:30:00+00:00,0,0,0,0,0,0
2018-07-30 18:00:00+00:00,0,0,3,0,0,3
2018-07-30 18:30:00+00:00,0,0,0,0,0,0
2018-07-30 19:00:00+00:00,0,0,1,0,0,1
2018-07-30 19:30:00+00:00,0,0,1,0,0,1
2018-07-30 20:00:00+00:00,0,0,0,0,0,0
2018-07-30 20:30:00+00:00,0,0,1,0,0,1
2018-07-30 21:00:00+00:00,0,0,0,0,0,0
2018-07-30 21:30:00+00:00,0,0,0,0,366,366
2018-07-30 22:00:00+00:00,0,0,0,0,0,0
2018-07-30 22:30:00+00:00,0,0,0,0,0,0
2018-07-30 23:00:00+00:00,0,0,0,0,0,0
2018-07-30 23:30:00+00:00,0,0,0,0,0,0
2018-07-31 00:00:00+00:00,0,0,0,0,0,0
2018-07-31 00:30:00+00:00,0,0,0,0,0,0
2018-07-31 01:00:00+00:00,0,0,0,0,0,0
2018-07-31 01:30:00+00:00,0,0,0,0,0,0
2018-07-31 02:00:00+00:00,0,0,0,0,0,0
2018-07-31 02:30:00+00:00,0,0,0,0,0,0
2018-07-31 03:00:00+00:00,0,0,0,1,0,1
2018-07-31 03:30:00+00:00,0,0,0,0,0,0
2018-07-31 04:00:00+00:00,0,0,1,0,0,1
2018-07-31 04:30:00+00:00,0,0,0,3,0,3
2018-07-31 05:00:00+00:00,0,4,5,1,0,10
2018-07-31 05:30:00+00:00,0,26,15,16,0,57
2018-07-31 06:00:00+00:00,0,11,8,7,0,26
2018-07-31 06:30:00+00:00,0,60,7,28,0,95
2018-07-31 07:00:00+00:00,0,12,10,2,0,24
2018-07-31 07:30:00+00:00,0,5,21,52,0,78
2018-07-31 08:00:00+00:00,0,21,13,57,0,91
2018-07-31 08:30:00+00:00,0,4,22,8,0,34
2018-07-31 09:00:00+00:00,0,5,25,0,0,30
2018-07-31 09:30:00+00:00,0,7,18,27,0,52
2018-07-31 10:00:00+00:00,0,24,61,78,0,163
2018-07-31 10:30:00+00:00,0,2,33,54,0,89
2018-07-31 11:00:00+00:00,0,11,20,64,0,95
2018-07-31 11:30:00+00:00,0,1,37,21,0,59
2018-07-31 12:00:00+00:00,0,13,24,24,0,61
2018-07-31 12:30:00+00:00,0,6,13,28,0,47
2018-07-31 13:00:00+00:00,0,27,6,4,0,37
2018-07-31 13:30:00+00:00,0,7,11,9,0,27
2018-07-31 14:00:00+00:00,0,18,23,10,0,51
2018-07-31 14:30:00+00:00,0,27,20,2,0,49
2018-07-31 15:00:00+00:00,0,2,21,51,0,74
2018-07-31 15:30:00+00:00,0,1,88,14,0,103
2018-07-31 16:00:00+00:00,0,12,2,0,0,14
2018-07-31 16:30:00+00:00,0,0,1,0,0,1
2018-07-31 17:00:00+00:00,0,0,0,0,0,0
2018-07-31 17:30:00+00:00,0,0,2,0,0,2
2018-07-31 18:00:00+00:00,0,4,0,0,0,4
2018-07-31 18:30:00+00:00,0,0,1,0,0,1
2018-07-31 19:00:00+00:00,0,0,0,0,0,0
2018-07-31 19:30:00+00:00,0,0,1,0,0,1
2018-07-31 20:00:00+00:00,0,0,0,0,0,0
2018-07-31 20:30:00+00:00,0,0,0,0,0,0
2018-07-31 21:00:00+00:00,0,0,0,0,0,0
2018-07-31 21:30:00+00:00,0,0,0,0,602,602
2018-07-31 22:00:00+00:00,0,0,0,0,0,0
2018-07-31 22:30:00+00:00,0,0,0,0,0,0
2018-07-31 23:00:00+00:00,0,0,0,0,0,0
2018-07-31 23:30:00+00:00,0,0,0,0,0,0
2018-08-01 00:00:00+00:00,0,0,0,0,0,0
2018-08-01 00:30:00+00:00,0,0,0,0,0,0
2018-08-01 01:00:00+00:00,0,0,0,0,0,0
2018-08-01 01:30:00+00:00,0,0,0,0,0,0
2018-08-01 02:00:00+00:00,0,0,0,0,0,0
2018-08-01 02:30:00+00:00,0,0,0,0,0,0
2018-08-01 03:00:00+00:00,0,0,0,0,0,0
2018-08-01 03:30:00+00:00,0,0,0,0,0,0
2018-08-01 04:00:00+00:00,0,0,0,24,0,24
2018-08-01 04:30:00+00:00,0,2,0,30,0,32
2018-08-01 05:00:00+00:00,0,0,11,3,0,14
2018-08-01 05:30:00+00:00,0,41,21,8,0,70
2018-08-01 06:00:00+00:00,0,2,7,3,0,12
2018-08-01 06:30:00+00:00,0,76,5,18,0,99
2018-08-01 07:00:00+00:00,0,27,6,24,0,57
2018-08-01 07:30:00+00:00,0,29,7,4,0,40
2018-08-01 08:00:00+00:00,0,15,27,16,0,58
2018-08-01 08:30:00+00:00,0,5,11,22,0,38
2018-08-01 09:00:00+00:00,0,23,7,5,0,35
2018-08-01 09:30:00+00:00,0,9,19,34,0,62
2018-08-01 10:00:00+00:00,0,3,5,51,0,59
2018-08-01 10:30:00+00:00,0,13,17,31,0,61
2018-08-01 11:00:00+00:00,0,2,18,10,0,30
2018-08-01 11:30:00+00:00,0,15,41,1,0,57
2018-08-01 12:00:00+00:00,0,21,10,0,0,31
2018-08-01 12:30:00+00:00,0,3,43,52,0,98
2018-08-01 13:00:00+00:00,0,2,19,50,0,71
2018-08-01 13:30:00+00:00,0,3,31,62,0,96
2018-08-01 14:00:00+00:00,0,0,8,18,0,26
2018-08-01 14:30:00+00:00,0,4,26,71,0,101
2018-08-01 15:00:00+00:00,0,0,8,42,0,50
2018-08-01 15:30:00+00:00,0,4,30,25,0,59
2018-08-01 16:00:00+00:00,0,0,0,3,0,3
2018-08-01 16:30:00+00:00,0,0,19,0,0,19
2018-08-01 17:00:00+00:00,0,0,0,0,0,0
2018-08-01 17:30:00+00:00,0,0,2,0,0,2
2018-08-01 18:00:00+00:00,0,0,1,0,0,1
2018-08-01 18:30:00+00:00,0,0,29,0,0,29
2018-08-01 19:00:00+00:00,0,0,0,0,0,0
2018-08-01 19:30:00+00:00,0,0,0,0,0,0
2018-08-01 20:00:00+00:00,0,0,2,0,0,2
2018-08-01 20:30:00+00:00,0,0,1,0,0,1
2018-08-01 21:00:00+00:00,0,0,0,0,0,0
2018-08-01 21:30:00+00:00,0,0,0,0,265,265
2018-08-01 22:00:00+00:00,0,0,0,0,0,0
2018-08-01 22:30:00+00:00,0,0,0,0,0,0
2018-08-01 23:00:00+00:00,0,0,0,0,0,0
2018-08-01 23:30:00+00:00,0,0,0,0,0,0
2018-08-02 00:00:00+00:00,0,0,0,0,0,0
2018-08-02 00:30:00+00:00,0,0,0,0,0,0
2018-08-02 01:00:00+00:00,0,0,0,0,0,0
2018-08-02 01:30:00+00:00,0,0,0,0,0,0
2018-08-02 02:00:00+00:00,0,0,0,0,0,0
2018-08-02 02:30:00+00:00,0,0,0,0,0,0
2018-08-02 03:00:00+00:00,0,0,0,0,0,0
2018-08-02 03:30:00+00:00,0,0,0,0,0,0
2018-08-02 04:00:00+00:00,0,0,0,0,0,0
2018-08-02 04:30:00+00:00,0,0,1,0,0,1
2018-08-02 05:00:00+00:00,0,0,24,0,0,24
2018-08-02 05:30:00+00:00,0,38,4,0,0,42
2018-08-02 06:00:00+00:00,0,30,6,0,0,36
2018-08-02 06:30:00+00:00,0,62,3,14,0,79
2018-08-02 07:00:00+00:00,0,6,20,39,0,65
2018-08-02 07:30:00+00:00,0,3,14,12,0,29
2018-08-02 08:00:00+00:00,0,12,8,34,0,54
2018-08-02 08:30:00+00:00,0,6,30,0,0,36
2018-08-02 09:00:00+00:00,0,9,15,13,0,37
2018-08-02 09:30:00+00:00,0,23,10,28,0,61
2018-08-02 10:00:00+00:00,0,41,5,43,0,89
2018-08-02 10:30:00+00:00,0,13,13,8,0,34
2018-08-02 11:00:00+00:00,0,6,17,6,0,29
2018-08-02 11:30:00+00:00,0,3,10,5,0,18
2018-08-02 12:00:00+00:00,0,3,3,0,0,6
2018-08-02 12:30:00+00:00,0,64,25,5,0,94
2018-08-02 13:00:00+00:00,0,13,6,5,0,24
2018-08-02 13:30:00+00:00,0,3,11,46,0,60
2018-08-02 14:00:00+00:00,429,6,12,27,0,474
2018-08-02 14:30:00+00:00,0,0,8,4,0,12
2018-08-02 15:00:00+00:00,0,2,11,51,0,64
2018-08-02 15:30:00+00:00,0,2,131,37,0,170
2018-08-02 16:00:00+00:00,0,0,0,2,0,2
2018-08-02 16:30:00+00:00,0,0,2,0,0,2
2018-08-02 17:00:00+00:00,0,0,0,0,0,0
2018-08-02 17:30:00+00:00,0,0,0,0,0,0
2018-08-02 18:00:00+00:00,0,0,0,0,0,0
2018-08-02 18:30:00+00:00,0,0,0,0,0,0
2018-08-02 19:00:00+00:00,0,0,0,0,0,0
2018-08-02 19:30:00+00:00,0,0,1,0,0,1
2018-08-02 20:00:00+00:00,0,0,0,0,0,0
2018-08-02 20:30:00+00:00,0,0,0,0,0,0
2018-08-02 21:00:00+00:00,0,0,0,0,0,0
2018-08-02 21:30:00+00:00,0,0,0,0,312,312
2018-08-02 22:00:00+00:00,0,0,0,0,0,0
2018-08-02 22:30:00+00:00,0,0,0,0,0,0
2018-08-02 23:00:00+00:00,0,0,0,0,0,0
2018-08-02 23:30:00+00:00,0,0,0,0,0,0
2018-08-03 00:00:00+00:00,0,0,0,0,0,0
2018-08-03 00:30:00+00:00,0,0,0,0,0,0
2018-08-03 01:00:00+00:00,0,0,0,0,0,0
2018-08-03 01:30:00+00:00,0,0,0,0,0,0
2018-08-03 02:00:00+00:00,0,0,0,0,0,0
2018-08-03 02:30:00+00:00,0,0,0,0,0,0
2018-08-03 03:00:00+00:00,0,0,0,0,0,0
2018-08-03 03:30:00+00:00,0,0,0,3,0,3
2018-08-03 04:00:00+00:00,0,0,0,0,0,0
2018-08-03 04:30:00+00:00,0,0,3,0,0,3
2018-08-03 05:00:00+00:00,0,1,38,26,0,65
2018-08-03 05:30:00+00:00,0,58,2,3,0,63
2018-08-03 06:00:00+00:00,0,71,6,16,0,93
2018-08-03 06:30:00+00:00,0,11,7,24,0,42
2018-08-03 07:00:00+00:00,0,14,11,47,0,72
2018-08-03 07:30:00+00:00,0,5,5,21,0,31
2018-08-03 08:00:00+00:00,0,11,3,86,0,100
2018-08-03 08:30:00+00:00,0,16,38,1,0,55
2018-08-03 09:00:00+00:00,0,18,12,8,0,38
2018-08-03 09:30:00+00:00,0,75,6,17,0,98
2018-08-03 10:00:00+00:00,0,13,6,15,0,34
2018-08-03 10:30:00+00:00,0,33,17,21,0,71
2018-08-03 11:00:00+00:00,0,29,16,2,0,47
2018-08-03 11:30:00+00:00,0,0,9,6,0,15
2018-08-03 12:00:00+00:00,0,3,8,10,0,21
2018-08-03 12:30:00+00:00,0,33,7,23,0,63
2018-08-03 13:00:00+00:00,0,35,1,5,0,41
2018-08-03 13:30:00+00:00,0,46,5,22,0,73
2018-08-03 14:00:00+00:00,0,29,1,35,0,65
2018-08-03 14:30:00+00:00,0,65,4,8,0,77
2018-08-03 15:00:00+00:00,69,0,56,1,0,126
2018-08-03 15:30:00+00:00,0,0,55,3,0,58
2018-08-03 16:00:00+00:00,0,0,2,0,0,2
2018-08-03 16:30:00+00:00,0,1,2,0,0,3
2018-08-03 17:00:00+00:00,0,0,1,0,0,1
2018-08-03 17:30:00+00:00,0,0,0,0,0,0
2018-08-03 18:00:00+00:00,0,0,0,0,0,0
2018-08-03 18:30:00+00:00,0,0,0,0,0,0
2018-08-03 19:00:00+00:00,0,0,23,0,0,23
2018-08-03 19:30:00+00:00,0,0,12,0,0,12
2018-08-03 20:00:00+00:00,0,0,0,0,0,0
2018-08-03 20:30:00+00:00,0,0,0,0,0,0
2018-08-03 21:00:00+00:00,0,0,0,0,0,0
2018-08-03 21:30:00+00:00,0,0,0,0,357,357
2018-08-03 22:00:00+00:00,0,0,0,0,0,0
2018-08-03 22:30:00+00:00,0,0,0,0,0,0
2018-08-03 23:00:00+00:00,0,0,0,0,0,0
2018-08-03 23:30:00+00:00,0,0,0,0,0,0
2018-08-04 00:00:00+00:00,0,0,0,0,0,0
2018-08-04 00:30:00+00:00,0,0,0,0,0,0
2018-08-04 01:00:00+00:00,0,0,0,0,0,0
2018-08-04 01:30:00+00:00,0,0,0,0,0,0
2018-08-04 02:00:00+00:00,0,0,0,0,0,0
2018-08-04 02:30:00+00:00,0,0,0,0,0,0
2018-08-04 03:00:00+00:00,0,0,0,0,0,0
2018-08-04 03:30:00+00:00,0,0,0,0,0,0
2018-08-04 04:00:00+00:00,0,0,0,0,0,0
2018-08-04 04:30:00+00:00,0,0,0,0,0,0
2018-08-04 05:00:00+00:00,0,0,0,0,0,0
2018-08-04 05:30:00+00:00,0,0,0,0,0,0
2018-08-04 06:00:00+00:00,0,0,0,0,0,0
2018-08-04 06:30:00+00:00,0,0,0,0,0,0
2018-08-04 07:00:00+00:00,0,0,0,0,0,0
2018-08-04 07:30:00+00:00,0,0,0,0,0,0
2018-08-04 08:00:00+00:00,0,0,0,0,0,0
2018-08-04 08:30:00+00:00,0,0,0,0,0,0
2018-08-04 09:00:00+00:00,0,0,0,0,0,0
2018-08-04 09:30:00+00:00,0,0,0,0,0,0
2018-08-04 10:00:00+00:00,0,0,0,0,0,0
2018-08-04 10:30:00+00:00,0,0,0,0,0,0
2018-08-04 11:00:00+00:00,0,0,0,0,0,0
2018-08-04 11:30:00+00:00,0,0,0,0,0,0
2018-08-04 12:00:00+00:00,0,0,0,0,0,0
2018-08-04 12:30:00+00:00,0,0,0,0,0,0
2018-08-04 13:00:00+00:00,0,0,0,0,0,0
2018-08-04 13:30:00+00:00,0,0,0,0,0,0
2018-08-04 14:00:00+00:00,0,0,0,0,0,0
2018-08-04 14:30:00+00:00,0,0,0,0,0,0
2018-08-04 15:00:00+00:00,0,0,0,0,0,0
2018-08-04 15:30:00+00:00,0,0,0,0,0,0
2018-08-04 16:00:00+00:00,0,0,0,0,0,0
2018-08-04 16:30:00+00:00,0,0,0,0,0,0
2018-08-04 17:00:00+00:00,0,0,0,0,0,0
2018-08-04 17:30:00+00:00,0,0,0,0,0,0
2018-08-04 18:00:00+00:00,0,0,0,0,0,0
2018-08-04 18:30:00+00:00,0,0,0,0,0,0
2018-08-04 19:00:00+00:00,0,0,0,0,0,0
2018-08-04 19:30:00+00:00,0,0,0,0,0,0
2018-08-04 20:00:00+00:00,0,0,0,0,0,0
2018-08-04 20:30:00+00:00,0,0,0,0,0,0
2018-08-04 21:00:00+00:00,0,0,0,0,0,0
2018-08-04 21:30:00+00:00,0,0,0,0,7,7
2018-08-04 22:00:00+00:00,0,0,0,0,0,0
2018-08-04 22:30:00+00:00,0,0,0,0,0,0
2018-08-04 23:00:00+00:00,0,0,0,0,0,0
2018-08-04 23:30:00+00:00,0,0,0,0,0,0
2018-08-05 00:00:00+00:00,0,0,0,0,0,0
2018-08-05 00:30:00+00:00,0,0,0,0,0,0
2018-08-05 01:00:00+00:00,0,0,0,0,0,0
2018-08-05 01:30:00+00:00,0,0,0,0,0,0
2018-08-05 02:00:00+00:00,0,0,0,0,0,0
2018-08-05 02:30:00+00:00,0,0,0,0,0,0
2018-08-05 03:00:00+00:00,0,0,0,0,0,0
2018-08-05 03:30:00+00:00,0,0,0,0,0,0
2018-08-05 04:00:00+00:00,0,0,0,0,0,0
2018-08-05 04:30:00+00:00,0,0,0,0,0,0
2018-08-05 05:00:00+00:00,0,0,0,0,0,0
2018-08-05 05:30:00+00:00,0,0,0,0,0,0
2018-08-05 06:00:00+00:00,0,0,0,0,0,0
2018-08-05 06:30:00+00:00,0,0,0,0,0,0
2018-08-05 07:00:00+00:00,0,0,0,0,0,0
2018-08-05 07:30:00+00:00,0,0,0,0,0,0
2018-08-05 08:00:00+00:00,0,0,0,0,0,0
2018-08-05 08:30:00+00:00,0,0,0,0,0,0
2018-08-05 09:00:00+00:00,0,0,0,0,0,0
2018-08-05 09:30:00+00:00,0,0,0,0,0,0
2018-08-05 10:00:00+00:00,0,0,0,0,0,0
2018-08-05 10:30:00+00:00,0,0,0,0,0,0
2018-08-05 11:00:00+00:00,0,0,0,0,0,0
2018-08-05 11:30:00+00:00,0,0,0,0,0,0
2018-08-05 12:00:00+00:00,0,0,0,0,0,0
2018-08-05 12:30:00+00:00,0,0,0,0,0,0
2018-08-05 13:00:00+00:00,0,0,0,0,0,0
2018-08-05 13:30:00+00:00,0,0,0,0,0,0
2018-08-05 14:00:00+00:00,0,0,0,0,0,0
2018-08-05 14:30:00+00:00,0,0,0,0,0,0
2018-08-05 15:00:00+00:00,0,0,0,0,0,0
2018-08-05 15:30:00+00:00,0,0,0,0,0,0
2018-08-05 16:00:00+00:00,0,0,0,0,0,0
2018-08-05 16:30:00+00:00,0,0,0,0,0,0
2018-08-05 17:00:00+00:00,0,0,0,0,0,0
2018-08-05 17:30:00+00:00,0,0,0,0,0,0
2018-08-05 18:00:00+00:00,0,0,0,0,0,0
2018-08-05 18:30:00+00:00,0,0,0,0,0,0
2018-08-05 19:00:00+00:00,0,0,0,0,0,0
2018-08-05 19:30:00+00:00,0,0,0,0,0,0
2018-08-05 20:00:00+00:00,0,0,0,0,0,0
2018-08-05 20:30:00+00:00,0,0,0,0,0,0
2018-08-05 21:00:00+00:00,0,0,0,0,0,0
2018-08-05 21:30:00+00:00,0,0,0,0,0,0
2018-08-05 22:00:00+00:00,0,0,0,0,0,0
2018-08-05 22:30:00+00:00,0,0,0,0,0,0
2018-08-05 23:00:00+00:00,0,0,0,0,0,0
2018-08-05 23:30:00+00:00,0,0,0,0,0,0
2018-08-06 00:00:00+00:00,0,0,0,0,0,0
2018-08-06 00:30:00+00:00,0,0,0,0,0,0
2018-08-06 01:00:00+00:00,0,0,0,0,0,0
2018-08-06 01:30:00+00:00,0,0,0,0,0,0
2018-08-06 02:00:00+00:00,0,0,0,0,0,0
2018-08-06 02:30:00+00:00,0,0,0,0,0,0
2018-08-06 03:00:00+00:00,0,0,0,0,0,0
2018-08-06 03:30:00+00:00,0,0,0,0,0,0
2018-08-06 04:00:00+00:00,0,0,0,0,0,0
2018-08-06 04:30:00+00:00,0,0,0,0,0,0
2018-08-06 05:00:00+00:00,0,52,4,0,0,56
2018-08-06 05:30:00+00:00,0,18,3,0,0,21
2018-08-06 06:00:00+00:00,0,38,12,2,0,52
2018-08-06 06:30:00+00:00,0,2,8,55,0,65
2018-08-06 07:00:00+00:00,0,6,13,26,0,45
2018-08-06 07:30:00+00:00,0,3,27,49,0,79
2018-08-06 08:00:00+00:00,0,44,14,26,0,84
2018-08-06 08:30:00+00:00,0,21,14,0,0,35
2018-08-06 09:00:00+00:00,0,86,22,4,0,112
2018-08-06 09:30:00+00:00,0,14,23,9,0,46
2018-08-06 10:00:00+00:00,0,4,10,16,0,30
2018-08-06 10:30:00+00:00,0,6,13,12,0,31
2018-08-06 11:00:00+00:00,0,12,24,19,0,55
2018-08-06 11:30:00+00:00,0,16,18,2,0,36
2018-08-06 12:00:00+00:00,0,26,33,19,0,78
2018-08-06 12:30:00+00:00,0,16,12,31,0,59
2018-08-06 13:00:00+00:00,0,90,54,20,0,164
2018-08-06 13:30:00+00:00,0,3,6,63,0,72
2018-08-06 14:00:00+00:00,0,2,11,41,0,54
2018-08-06 14:30:00+00:00,0,0,17,30,0,47
2018-08-06 15:00:00+00:00,0,3,18,35,0,56
2018-08-06 15:30:00+00:00,0,0,42,31,0,73
2018-08-06 16:00:00+00:00,0,0,0,13,0,13
2018-08-06 16:30:00+00:00,0,0,0,0,0,0
2018-08-06 17:00:00+00:00,0,0,2,0,0,2
2018-08-06 17:30:00+00:00,0,0,4,0,0,4
2018-08-06 18:00:00+00:00,0,0,0,0,0,0
2018-08-06 18:30:00+00:00,0,0,2,0,0,2
2018-08-06 19:00:00+00:00,0,0,0,0,0,0
2018-08-06 19:30:00+00:00,0,0,0,0,0,0
2018-08-06 20:00:00+00:00,0,0,0,0,0,0
2018-08-06 20:30:00+00:00,0,0,0,0,0,0
2018-08-06 21:00:00+00:00,0,0,0,0,0,0
2018-08-06 21:30:00+00:00,0,0,5,0,230,235
2018-08-06 22:00:00+00:00,0,0,0,0,0,0
2018-08-06 22:30:00+00:00,0,0,0,0,0,0
2018-08-06 23:00:00+00:00,0,0,0,0,0,0
2018-08-06 23:30:00+00:00,0,0,0,0,0,0
2018-08-07 00:00:00+00:00,0,0,0,0,0,0
2018-08-07 00:30:00+00:00,0,0,0,0,0,0
2018-08-07 01:00:00+00:00,0,0,0,0,0,0
2018-08-07 01:30:00+00:00,0,0,0,0,0,0
2018-08-07 02:00:00+00:00,0,0,0,0,0,0
2018-08-07 02:30:00+00:00,0,0,0,0,0,0
2018-08-07 03:00:00+00:00,0,0,0,0,0,0
2018-08-07 03:30:00+00:00,0,0,0,0,0,0
2018-08-07 04:00:00+00:00,0,0,0,0,0,0
2018-08-07 04:30:00+00:00,0,0,0,0,0,0
2018-08-07 05:00:00+00:00,0,0,38,0,0,38
2018-08-07 05:30:00+00:00,0,43,6,0,0,49
2018-08-07 06:00:00+00:00,0,84,7,0,0,91
2018-08-07 06:30:00+00:00,0,26,12,0,0,38
2018-08-07 07:00:00+00:00,0,2,18,24,0,44
2018-08-07 07:30:00+00:00,0,22,5,18,0,45
2018-08-07 08:00:00+00:00,0,15,7,6,0,28
2018-08-07 08:30:00+00:00,0,61,7,1,0,69
2018-08-07 09:00:00+00:00,0,22,40,5,0,67
2018-08-07 09:30:00+00:00,0,2,7,39,0,48
2018-08-07 10:00:00+00:00,0,14,11,48,0,73
2018-08-07 10:30:00+00:00,0,4,13,20,0,37
2018-08-07 11:00:00+00:00,0,0,18,36,0,54
2018-08-07 11:30:00+00:00,0,18,25,13,0,56
2018-08-07 12:00:00+00:00,0,26,8,21,0,55
2018-08-07 12:30:00+00:00,0,30,42,8,0,80
2018-08-07 13:00:00+00:00,0,5,8,32,0,45
2018-08-07 13:30:00+00:00,0,10,10,55,0,75
2018-08-07 14:00:00+00:00,0,0,22,38,0,60
2018-08-07 14:30:00+00:00,0,3,11,25,0,39
2018-08-07 15:00:00+00:00,0,15,100,14,0,129
2018-08-07 15:30:00+00:00,0,7,24,63,0,94
2018-08-07 16:00:00+00:00,0,6,4,2,0,12
2018-08-07 16:30:00+00:00,0,0,0,0,0,0
2018-08-07 17:00:00+00:00,0,0,2,0,0,2
2018-08-07 17:30:00+00:00,0,0,0,0,0,0
2018-08-07 18:00:00+00:00,0,0,7,0,0,7
2018-08-07 18:30:00+00:00,0,0,1,0,0,1
2018-08-07 19:00:00+00:00,0,0,0,0,0,0
2018-08-07 19:30:00+00:00,0,0,0,0,0,0
2018-08-07 20:00:00+00:00,0,0,1,0,0,1
2018-08-07 20:30:00+00:00,0,0,0,0,0,0
2018-08-07 21:00:00+00:00,0,0,0,0,0,0
2018-08-07 21:30:00+00:00,0,0,0,0,373,373
2018-08-07 22:00:00+00:00,0,0,0,0,0,0
2018-08-07 22:30:00+00:00,0,0,0,0,0,0
2018-08-07 23:00:00+00:00,0,0,0,0,0,0
2018-08-07 23:30:00+00:00,0,0,0,0,0,0
2018-08-08 00:00:00+00:00,0,0,0,0,0,0
2018-08-08 00:30:00+00:00,0,0,0,0,0,0
2018-08-08 01:00:00+00:00,0,0,0,0,0,0
2018-08-08 01:30:00+00:00,0,0,0,0,0,0
2018-08-08 02:00:00+00:00,0,0,0,0,0,0
2018-08-08 02:30:00+00:00,0,0,0,0,0,0
2018-08-08 03:00:00+00:00,0,0,0,0,0,0
2018-08-08 03:30:00+00:00,0,0,0,0,0,0
2018-08-08 04:00:00+00:00,0,0,0,0,0,0
2018-08-08 04:30:00+00:00,0,0,1,0,0,1
2018-08-08 05:00:00+00:00,0,0,4,0,0,4
2018-08-08 05:30:00+00:00,0,18,11,0,0,29
2018-08-08 06:00:00+00:00,0,24,5,0,0,29
2018-08-08 06:30:00+00:00,0,58,8,3,0,69
2018-08-08 07:00:00+00:00,0,16,18,22,0,56
2018-08-08 07:30:00+00:00,0,4,19,14,0,37
2018-08-08 08:00:00+00:00,0,19,5,17,0,41
2018-08-08 08:30:00+00:00,0,7,3,34,0,44
2018-08-08 09:00:00+00:00,0,18,13,5,0,36
2018-08-08 09:30:00+00:00,0,17,38,3,0,58
2018-08-08 10:00:00+00:00,0,2,13,9,0,24
2018-08-08 10:30:00+00:00,0,1,14,0,0,15
2018-08-08 11:00:00+00:00,0,8,26,0,0,34
2018-08-08 11:30:00+00:00,0,6,5,1,0,12
2018-08-08 12:00:00+00:00,0,3,2,1,0,6
2018-08-08 12:30:00+00:00,0,4,19,23,0,46
2018-08-08 13:00:00+00:00,0,25,19,1,0,45
2018-08-08 13:30:00+00:00,0,40,27,0,0,67
2018-08-08 14:00:00+00:00,0,1,3,0,0,4
2018-08-08 14:30:00+00:00,0,0,2,1,0,3
2018-08-08 15:00:00+00:00,0,18,38,0,0,56
2018-08-08 15:30:00+00:00,0,14,34,0,0,48
2018-08-08 16:00:00+00:00,0,26,3,0,0,29
2018-08-08 16:30:00+00:00,0,0,0,0,0,0
2018-08-08 17:00:00+00:00,0,0,3,0,0,3
2018-08-08 17:30:00+00:00,0,1,6,0,0,7
2018-08-08 18:00:00+00:00,0,0,0,0,0,0
2018-08-08 18:30:00+00:00,0,0,3,0,0,3
2018-08-08 19:00:00+00:00,0,0,10,0,0,10
2018-08-08 19:30:00+00:00,0,0,4,0,0,4
2018-08-08 20:00:00+00:00,0,0,0,0,0,0
2018-08-08 20:30:00+00:00,0,0,0,0,0,0
2018-08-08 21:00:00+00:00,0,2,0,0,0,2
2018-08-08 21:30:00+00:00,0,0,0,0,333,333
2018-08-08 22:00:00+00:00,0,0,0,0,0,0
2018-08-08 22:30:00+00:00,0,0,0,0,0,0
2018-08-08 23:00:00+00:00,0,0,0,0,0,0
2018-08-08 23:30:00+00:00,0,0,0,0,0,0
2018-08-09 00:00:00+00:00,0,0,0,0,0,0
2018-08-09 00:30:00+00:00,0,0,0,0,0,0
2018-08-09 01:00:00+00:00,0,0,0,0,0,0
2018-08-09 01:30:00+00:00,0,0,0,0,0,0
2018-08-09 02:00:00+00:00,0,0,0,0,0,0
2018-08-09 02:30:00+00:00,0,0,0,0,0,0
2018-08-09 03:00:00+00:00,0,0,0,0,0,0
2018-08-09 03:30:00+00:00,0,0,0,0,0,0
2018-08-09 04:00:00+00:00,0,0,0,0,0,0
2018-08-09 04:30:00+00:00,0,0,0,0,0,0
2018-08-09 05:00:00+00:00,0,0,2,0,0,2
2018-08-09 05:30:00+00:00,0,32,2,0,0,34
2018-08-09 06:00:00+00:00,0,49,20,13,0,82
2018-08-09 06:30:00+00:00,0,28,13,14,0,55
2018-08-09 07:00:00+00:00,0,31,1,3,0,35
2018-08-09 07:30:00+00:00,0,16,16,25,0,57
2018-08-09 08:00:00+00:00,0,10,15,6,0,31
2018-08-09 08:30:00+00:00,0,49,9,6,0,64
2018-08-09 09:00:00+00:00,0,5,3,6,0,14
2018-08-09 09:30:00+00:00,0,56,13,75,0,144
2018-08-09 10:00:00+00:00,0,15,5,67,0,87
2018-08-09 10:30:00+00:00,0,17,5,28,0,50
2018-08-09 11:00:00+00:00,0,2,21,8,0,31
2018-08-09 11:30:00+00:00,0,5,20,35,0,60
2018-08-09 12:00:00+00:00,2456,14,32,46,0,2548
2018-08-09 12:30:00+00:00,639,10,6,0,0,655
2018-08-09 13:00:00+00:00,0,23,5,0,0,28
2018-08-09 13:30:00+00:00,0,12,15,0,0,27
2018-08-09 14:00:00+00:00,0,49,17,0,0,66
2018-08-09 14:30:00+00:00,0,2,8,0,0,10
2018-08-09 15:00:00+00:00,0,4,3,0,0,7
2018-08-09 15:30:00+00:00,0,37,111,0,0,148
2018-08-09 16:00:00+00:00,0,0,16,0,0,16
2018-08-09 16:30:00+00:00,0,0,26,0,0,26
2018-08-09 17:00:00+00:00,0,0,1,0,0,1
2018-08-09 17:30:00+00:00,0,0,2,0,0,2
2018-08-09 18:00:00+00:00,0,0,1,0,0,1
2018-08-09 18:30:00+00:00,0,0,0,0,0,0
2018-08-09 19:00:00+00:00,0,0,0,0,0,0
2018-08-09 19:30:00+00:00,0,0,0,0,0,0
2018-08-09 20:00:00+00:00,0,0,0,0,0,0
2018-08-09 20:30:00+00:00,0,0,0,0,0,0
2018-08-09 21:00:00+00:00,0,0,0,0,0,0
2018-08-09 21:30:00+00:00,0,0,0,0,364,364
2018-08-09 22:00:00+00:00,0,0,0,0,0,0
2018-08-09 22:30:00+00:00,0,0,0,0,0,0
2018-08-09 23:00:00+00:00,0,1,0,0,0,1
2018-08-09 23:30:00+00:00,0,0,0,0,0,0
2018-08-10 00:00:00+00:00,0,0,0,0,0,0
2018-08-10 00:30:00+00:00,0,0,0,0,0,0
2018-08-10 01:00:00+00:00,0,0,0,0,0,0
2018-08-10 01:30:00+00:00,0,0,0,0,0,0
2018-08-10 02:00:00+00:00,0,0,0,0,0,0
2018-08-10 02:30:00+00:00,0,0,0,0,0,0
2018-08-10 03:00:00+00:00,0,0,0,0,0,0
2018-08-10 03:30:00+00:00,0,0,0,1,0,1
2018-08-10 04:00:00+00:00,0,0,6,17,0,23
2018-08-10 04:30:00+00:00,0,0,0,1,0,1
2018-08-10 05:00:00+00:00,0,5,2,33,0,40
2018-08-10 05:30:00+00:00,0,25,5,4,0,34
2018-08-10 06:00:00+00:00,0,76,59,2,0,137
2018-08-10 06:30:00+00:00,0,70,6,8,0,84
2018-08-10 07:00:00+00:00,0,3,4,18,0,25
2018-08-10 07:30:00+00:00,0,11,5,25,0,41
2018-08-10 08:00:00+00:00,0,12,10,10,0,32
2018-08-10 08:30:00+00:00,0,33,11,2,0,46
2018-08-10 09:00:00+00:00,0,27,12,62,0,101
2018-08-10 09:30:00+00:00,0,3,16,35,0,54
2018-08-10 10:00:00+00:00,0,13,29,42,0,84
2018-08-10 10:30:00+00:00,0,18,13,42,0,73
2018-08-10 11:00:00+00:00,0,12,6,1,0,19
2018-08-10 11:30:00+00:00,0,12,14,0,0,26
2018-08-10 12:00:00+00:00,0,9,10,0,0,19
2018-08-10 12:30:00+00:00,0,7,40,14,0,61
2018-08-10 13:00:00+00:00,0,13,28,20,0,61
2018-08-10 13:30:00+00:00,0,2,11,22,0,35
2018-08-10 14:00:00+00:00,0,31,10,21,0,62
2018-08-10 14:30:00+00:00,0,8,0,107,0,115
2018-08-10 15:00:00+00:00,12,1,46,15,0,74
2018-08-10 15:30:00+00:00,0,0,35,17,0,52
2018-08-10 16:00:00+00:00,0,0,0,2,0,2
2018-08-10 16:30:00+00:00,0,0,0,0,0,0
2018-08-10 17:00:00+00:00,0,0,0,0,0,0
2018-08-10 17:30:00+00:00,0,0,0,0,0,0
2018-08-10 18:00:00+00:00,0,4,0,0,0,4
2018-08-10 18:30:00+00:00,0,4,0,0,0,4
2018-08-10 19:00:00+00:00,0,0,0,0,0,0
2018-08-10 19:30:00+00:00,0,0,0,0,0,0
2018-08-10 20:00:00+00:00,0,4,0,0,0,4
2018-08-10 20:30:00+00:00,0,0,0,0,0,0
2018-08-10 21:00:00+00:00,0,0,0,0,0,0
2018-08-10 21:30:00+00:00,0,0,0,0,337,337
2018-08-10 22:00:00+00:00,0,0,0,0,0,0
2018-08-10 22:30:00+00:00,0,0,0,0,0,0
2018-08-10 23:00:00+00:00,0,0,0,0,0,0
2018-08-10 23:30:00+00:00,0,0,0,0,0,0
2018-08-11 00:00:00+00:00,0,0,0,0,0,0
2018-08-11 00:30:00+00:00,0,0,0,0,0,0
2018-08-11 01:00:00+00:00,0,0,0,0,0,0
2018-08-11 01:30:00+00:00,0,0,0,0,0,0
2018-08-11 02:00:00+00:00,0,0,0,0,0,0
2018-08-11 02:30:00+00:00,0,0,0,0,0,0
2018-08-11 03:00:00+00:00,0,0,0,0,0,0
2018-08-11 03:30:00+00:00,0,0,0,0,0,0
2018-08-11 04:00:00+00:00,0,0,0,0,0,0
2018-08-11 04:30:00+00:00,0,0,0,0,0,0
2018-08-11 05:00:00+00:00,0,0,0,0,0,0
2018-08-11 05:30:00+00:00,0,0,0,0,0,0
2018-08-11 06:00:00+00:00,0,0,0,0,0,0
2018-08-11 06:30:00+00:00,0,0,0,0,0,0
2018-08-11 07:00:00+00:00,0,0,0,0,0,0
2018-08-11 07:30:00+00:00,0,0,0,0,0,0
2018-08-11 08:00:00+00:00,0,0,0,0,0,0
2018-08-11 08:30:00+00:00,0,0,0,0,0,0
2018-08-11 09:00:00+00:00,0,0,0,0,0,0
2018-08-11 09:30:00+00:00,0,0,0,0,0,0
2018-08-11 10:00:00+00:00,0,0,0,0,0,0
2018-08-11 10:30:00+00:00,0,0,0,0,0,0
2018-08-11 11:00:00+00:00,0,0,0,0,0,0
2018-08-11 11:30:00+00:00,0,0,0,0,0,0
2018-08-11 12:00:00+00:00,0,0,0,0,0,0
2018-08-11 12:30:00+00:00,0,0,0,0,0,0
2018-08-11 13:00:00+00:00,0,0,0,0,0,0
2018-08-11 13:30:00+00:00,0,0,0,0,0,0
2018-08-11 14:00:00+00:00,0,0,0,0,0,0
2018-08-11 14:30:00+00:00,0,0,0,0,0,0
2018-08-11 15:00:00+00:00,0,0,0,0,0,0
2018-08-11 15:30:00+00:00,0,0,0,0,0,0
2018-08-11 16:00:00+00:00,0,0,0,0,0,0
2018-08-11 16:30:00+00:00,0,0,0,0,0,0
2018-08-11 17:00:00+00:00,0,0,0,0,0,0
2018-08-11 17:30:00+00:00,0,0,0,0,0,0
2018-08-11 18:00:00+00:00,0,0,0,0,0,0
2018-08-11 18:30:00+00:00,0,0,0,0,0,0
2018-08-11 19:00:00+00:00,0,0,0,0,0,0
2018-08-11 19:30:00+00:00,0,0,0,0,0,0
2018-08-11 20:00:00+00:00,0,0,0,0,0,0
2018-08-11 20:30:00+00:00,0,0,0,0,0,0
2018-08-11 21:00:00+00:00,0,0,0,0,0,0
2018-08-11 21:30:00+00:00,0,0,0,0,7,7
2018-08-11 22:00:00+00:00,0,0,0,0,0,0
2018-08-11 22:30:00+00:00,0,0,0,0,0,0
2018-08-11 23:00:00+00:00,0,0,0,0,0,0
2018-08-11 23:30:00+00:00,0,0,0,0,0,0
2018-08-12 00:00:00+00:00,0,0,0,0,0,0
2018-08-12 00:30:00+00:00,0,0,0,0,0,0
2018-08-12 01:00:00+00:00,0,0,0,0,0,0
2018-08-12 01:30:00+00:00,0,0,0,0,0,0
2018-08-12 02:00:00+00:00,0,0,0,0,0,0
2018-08-12 02:30:00+00:00,0,0,0,0,0,0
2018-08-12 03:00:00+00:00,0,0,0,0,0,0
2018-08-12 03:30:00+00:00,0,0,0,0,0,0
2018-08-12 04:00:00+00:00,0,0,0,0,0,0
2018-08-12 04:30:00+00:00,0,0,0,0,0,0
2018-08-12 05:00:00+00:00,0,0,0,0,0,0
2018-08-12 05:30:00+00:00,0,0,0,0,0,0
2018-08-12 06:00:00+00:00,0,0,0,0,0,0
2018-08-12 06:30:00+00:00,0,0,0,0,0,0
2018-08-12 07:00:00+00:00,0,0,0,0,0,0
2018-08-12 07:30:00+00:00,0,0,0,0,0,0
2018-08-12 08:00:00+00:00,0,0,0,0,0,0
2018-08-12 08:30:00+00:00,0,0,0,0,0,0
2018-08-12 09:00:00+00:00,0,0,0,0,0,0
2018-08-12 09:30:00+00:00,0,0,0,0,0,0
2018-08-12 10:00:00+00:00,0,0,0,0,0,0
2018-08-12 10:30:00+00:00,0,0,0,0,0,0
2018-08-12 11:00:00+00:00,0,0,0,0,0,0
2018-08-12 11:30:00+00:00,0,0,0,0,0,0
2018-08-12 12:00:00+00:00,0,0,0,0,0,0
2018-08-12 12:30:00+00:00,0,0,0,0,0,0
2018-08-12 13:00:00+00:00,0,0,0,0,0,0
2018-08-12 13:30:00+00:00,0,0,0,0,0,0
2018-08-12 14:00:00+00:00,0,0,0,0,0,0
2018-08-12 14:30:00+00:00,0,0,0,0,0,0
2018-08-12 15:00:00+00:00,0,0,0,0,0,0
2018-08-12 15:30:00+00:00,0,0,0,0,0,0
2018-08-12 16:00:00+00:00,0,0,0,0,0,0
2018-08-12 16:30:00+00:00,0,0,0,0,0,0
2018-08-12 17:00:00+00:00,0,0,0,0,0,0
2018-08-12 17:30:00+00:00,0,0,0,0,0,0
2018-08-12 18:00:00+00:00,0,0,0,0,0,0
2018-08-12 18:30:00+00:00,0,0,0,0,0,0
2018-08-12 19:00:00+00:00,0,0,0,0,0,0
2018-08-12 19:30:00+00:00,0,0,0,0,0,0
2018-08-12 20:00:00+00:00,0,0,0,0,0,0
2018-08-12 20:30:00+00:00,0,0,0,0,0,0
2018-08-12 21:00:00+00:00,0,0,0,0,0,0
2018-08-12 21:30:00+00:00,0,0,0,0,0,0
2018-08-12 22:00:00+00:00,0,0,0,0,0,0
2018-08-12 22:30:00+00:00,0,0,0,0,0,0
2018-08-12 23:00:00+00:00,0,0,0,0,0,0
2018-08-12 23:30:00+00:00,0,0,0,0,0,0
2018-08-13 00:00:00+00:00,0,0,0,0,0,0
2018-08-13 00:30:00+00:00,0,0,0,0,0,0
2018-08-13 01:00:00+00:00,0,0,0,0,0,0
2018-08-13 01:30:00+00:00,0,0,0,0,0,0
2018-08-13 02:00:00+00:00,0,0,0,0,0,0
2018-08-13 02:30:00+00:00,0,0,0,0,0,0
2018-08-13 03:00:00+00:00,0,0,0,0,0,0
2018-08-13 03:30:00+00:00,0,0,0,0,0,0
2018-08-13 04:00:00+00:00,0,0,0,0,0,0
2018-08-13 04:30:00+00:00,0,0,0,0,0,0
2018-08-13 05:00:00+00:00,0,19,2,0,0,21
2018-08-13 05:30:00+00:00,0,18,15,0,0,33
2018-08-13 06:00:00+00:00,0,106,14,0,0,120
2018-08-13 06:30:00+00:00,0,41,18,0,0,59
2018-08-13 07:00:00+00:00,0,66,7,3,0,76
2018-08-13 07:30:00+00:00,0,45,31,5,0,81
2018-08-13 08:00:00+00:00,0,18,23,2,0,43
2018-08-13 08:30:00+00:00,0,18,20,0,0,38
2018-08-13 09:00:00+00:00,0,13,26,0,0,39
2018-08-13 09:30:00+00:00,0,14,35,14,0,63
2018-08-13 10:00:00+00:00,0,1,21,52,0,74
2018-08-13 10:30:00+00:00,0,1,40,59,0,100
2018-08-13 11:00:00+00:00,0,2,46,14,0,62
2018-08-13 11:30:00+00:00,0,48,22,3,0,73
2018-08-13 12:00:00+00:00,0,12,21,6,0,39
2018-08-13 12:30:00+00:00,0,1,11,27,0,39
2018-08-13 13:00:00+00:00,0,3,6,19,0,28
2018-08-13 13:30:00+00:00,0,1,5,24,0,30
2018-08-13 14:00:00+00:00,0,3,10,2,0,15
2018-08-13 14:30:00+00:00,0,3,10,2,0,15
2018-08-13 15:00:00+00:00,0,27,29,4,0,60
2018-08-13 15:30:00+00:00,0,0,1,30,0,31
2018-08-13 16:00:00+00:00,0,0,0,1,0,1
2018-08-13 16:30:00+00:00,0,0,2,0,0,2
2018-08-13 17:00:00+00:00,0,0,0,0,0,0
2018-08-13 17:30:00+00:00,0,0,0,0,0,0
2018-08-13 18:00:00+00:00,0,0,0,0,0,0
2018-08-13 18:30:00+00:00,0,0,0,0,0,0
2018-08-13 19:00:00+00:00,0,0,0,0,0,0
2018-08-13 19:30:00+00:00,0,0,0,0,0,0
2018-08-13 20:00:00+00:00,0,0,0,0,0,0
2018-08-13 20:30:00+00:00,0,12,0,0,0,12
2018-08-13 21:00:00+00:00,0,15,0,0,0,15
2018-08-13 21:30:00+00:00,0,13,0,0,406,419
2018-08-13 22:00:00+00:00,0,0,0,0,0,0
2018-08-13 22:30:00+00:00,0,0,0,0,0,0
2018-08-13 23:00:00+00:00,0,0,0,0,0,0
2018-08-13 23:30:00+00:00,0,0,0,0,0,0
2018-08-14 00:00:00+00:00,0,0,0,0,0,0
2018-08-14 00:30:00+00:00,0,0,0,0,0,0
2018-08-14 01:00:00+00:00,0,0,0,0,0,0
2018-08-14 01:30:00+00:00,0,0,0,0,0,0
2018-08-14 02:00:00+00:00,0,0,0,0,0,0
2018-08-14 02:30:00+00:00,0,0,0,0,0,0
2018-08-14 03:00:00+00:00,0,0,0,0,0,0
2018-08-14 03:30:00+00:00,0,0,0,0,0,0
2018-08-14 04:00:00+00:00,0,0,0,0,0,0
2018-08-14 04:30:00+00:00,0,0,0,0,0,0
2018-08-14 05:00:00+00:00,0,14,15,0,0,29
2018-08-14 05:30:00+00:00,0,41,17,0,0,58
2018-08-14 06:00:00+00:00,0,44,41,0,0,85
2018-08-14 06:30:00+00:00,0,58,10,0,0,68
2018-08-14 07:00:00+00:00,0,35,7,0,0,42
2018-08-14 07:30:00+00:00,0,26,11,0,0,37
2018-08-14 08:00:00+00:00,0,28,21,4,0,53
2018-08-14 08:30:00+00:00,0,118,12,24,0,154
2018-08-14 09:00:00+00:00,0,10,2,14,0,26
2018-08-14 09:30:00+00:00,0,29,6,15,0,50
2018-08-14 10:00:00+00:00,0,3,20,13,0,36
2018-08-14 10:30:00+00:00,0,3,17,56,0,76
2018-08-14 11:00:00+00:00,0,7,62,10,0,79
2018-08-14 11:30:00+00:00,140,39,53,18,0,250
2018-08-14 12:00:00+00:00,0,18,3,0,0,21
2018-08-14 12:30:00+00:00,0,7,11,0,0,18
2018-08-14 13:00:00+00:00,0,4,8,46,0,58
2018-08-14 13:30:00+00:00,0,9,21,42,0,72
2018-08-14 14:00:00+00:00,0,0,4,48,0,52
2018-08-14 14:30:00+00:00,0,5,0,68,0,73
2018-08-14 15:00:00+00:00,0,2,1,10,0,13
2018-08-14 15:30:00+00:00,0,0,159,26,0,185
2018-08-14 16:00:00+00:00,0,0,1,5,0,6
2018-08-14 16:30:00+00:00,0,35,0,0,0,35
2018-08-14 17:00:00+00:00,0,0,0,0,0,0
2018-08-14 17:30:00+00:00,0,3,1,0,0,4
2018-08-14 18:00:00+00:00,0,0,6,0,0,6
2018-08-14 18:30:00+00:00,0,0,0,0,0,0
2018-08-14 19:00:00+00:00,0,0,0,0,0,0
2018-08-14 19:30:00+00:00,0,0,0,0,0,0
2018-08-14 20:00:00+00:00,0,0,0,0,0,0
2018-08-14 20:30:00+00:00,0,0,0,0,0,0
2018-08-14 21:00:00+00:00,0,0,0,0,0,0
2018-08-14 21:30:00+00:00,0,0,0,0,371,371
2018-08-14 22:00:00+00:00,0,0,0,0,0,0
2018-08-14 22:30:00+00:00,0,0,0,0,0,0
2018-08-14 23:00:00+00:00,0,0,0,0,0,0
2018-08-14 23:30:00+00:00,0,0,0,0,0,0
2018-08-15 00:00:00+00:00,0,0,0,0,0,0
2018-08-15 00:30:00+00:00,0,0,0,0,0,0
2018-08-15 01:00:00+00:00,0,0,0,0,0,0
2018-08-15 01:30:00+00:00,0,0,0,0,0,0
2018-08-15 02:00:00+00:00,0,0,0,0,0,0
2018-08-15 02:30:00+00:00,0,0,0,0,0,0
2018-08-15 03:00:00+00:00,0,0,0,0,0,0
2018-08-15 03:30:00+00:00,0,0,0,0,0,0
2018-08-15 04:00:00+00:00,0,0,0,0,0,0
2018-08-15 04:30:00+00:00,0,0,0,0,0,0
2018-08-15 05:00:00+00:00,0,13,28,0,0,41
2018-08-15 05:30:00+00:00,0,46,4,2,0,52
2018-08-15 06:00:00+00:00,0,86,3,42,0,131
2018-08-15 06:30:00+00:00,0,28,0,31,0,59
2018-08-15 07:00:00+00:00,0,16,5,101,0,122
2018-08-15 07:30:00+00:00,0,10,25,130,0,165
2018-08-15 08:00:00+00:00,0,5,5,12,0,22
2018-08-15 08:30:00+00:00,0,22,5,0,0,27
2018-08-15 09:00:00+00:00,0,48,20,61,0,129
2018-08-15 09:30:00+00:00,0,35,6,17,0,58
2018-08-15 10:00:00+00:00,0,0,0,59,0,59
2018-08-15 10:30:00+00:00,0,3,1,15,0,19
2018-08-15 11:00:00+00:00,0,5,24,10,0,39
2018-08-15 11:30:00+00:00,0,9,8,41,0,58
2018-08-15 12:00:00+00:00,0,8,26,38,0,72
2018-08-15 12:30:00+00:00,0,9,7,41,0,57
2018-08-15 13:00:00+00:00,0,21,2,64,0,87
2018-08-15 13:30:00+00:00,0,1,14,0,0,15
2018-08-15 14:00:00+00:00,0,1,14,0,0,15
2018-08-15 14:30:00+00:00,0,6,1,0,0,7
2018-08-15 15:00:00+00:00,0,1,0,0,0,1
2018-08-15 15:30:00+00:00,0,0,82,0,0,82
2018-08-15 16:00:00+00:00,0,0,2,0,0,2
2018-08-15 16:30:00+00:00,0,0,0,0,0,0
2018-08-15 17:00:00+00:00,0,0,0,0,0,0
2018-08-15 17:30:00+00:00,0,0,0,0,0,0
2018-08-15 18:00:00+00:00,0,0,0,0,0,0
2018-08-15 18:30:00+00:00,0,0,0,0,0,0
2018-08-15 19:00:00+00:00,0,0,0,0,0,0
2018-08-15 19:30:00+00:00,0,0,0,0,0,0
2018-08-15 20:00:00+00:00,0,0,0,0,0,0
2018-08-15 20:30:00+00:00,0,0,0,0,0,0
2018-08-15 21:00:00+00:00,0,0,0,0,0,0
2018-08-15 21:30:00+00:00,0,0,0,0,271,271
2018-08-15 22:00:00+00:00,0,0,0,0,0,0
2018-08-15 22:30:00+00:00,0,0,0,0,0,0
2018-08-15 23:00:00+00:00,0,0,0,0,0,0
2018-08-15 23:30:00+00:00,0,0,0,0,0,0
2018-08-16 00:00:00+00:00,0,0,0,0,0,0
2018-08-16 00:30:00+00:00,0,0,0,0,0,0
2018-08-16 01:00:00+00:00,0,0,0,0,0,0
2018-08-16 01:30:00+00:00,0,0,0,0,0,0
2018-08-16 02:00:00+00:00,0,0,0,0,0,0
2018-08-16 02:30:00+00:00,0,0,0,0,0,0
2018-08-16 03:00:00+00:00,0,0,0,0,0,0
2018-08-16 03:30:00+00:00,0,0,0,0,0,0
2018-08-16 04:00:00+00:00,0,0,0,0,0,0
2018-08-16 04:30:00+00:00,0,0,0,0,0,0
2018-08-16 05:00:00+00:00,0,11,0,0,0,11
2018-08-16 05:30:00+00:00,0,28,14,0,0,42
2018-08-16 06:00:00+00:00,0,9,11,0,0,20
2018-08-16 06:30:00+00:00,0,91,18,0,0,109
2018-08-16 07:00:00+00:00,0,13,19,11,0,43
2018-08-16 07:30:00+00:00,0,17,13,54,0,84
2018-08-16 08:00:00+00:00,0,16,18,60,0,94
2018-08-16 08:30:00+00:00,0,34,27,0,0,61
2018-08-16 09:00:00+00:00,0,33,17,10,0,60
2018-08-16 09:30:00+00:00,0,84,5,10,0,99
2018-08-16 10:00:00+00:00,0,2,12,29,0,43
2018-08-16 10:30:00+00:00,0,4,22,49,0,75
2018-08-16 11:00:00+00:00,0,17,22,54,0,93
2018-08-16 11:30:00+00:00,0,29,6,33,0,68
2018-08-16 12:00:00+00:00,0,2,6,39,0,47
2018-08-16 12:30:00+00:00,0,28,28,29,0,85
2018-08-16 13:00:00+00:00,818,19,14,101,0,952
2018-08-16 13:30:00+00:00,0,8,3,17,0,28
2018-08-16 14:00:00+00:00,0,40,4,30,0,74
2018-08-16 14:30:00+00:00,0,16,1,16,0,33
2018-08-16 15:00:00+00:00,0,1,2,1,0,4
2018-08-16 15:30:00+00:00,0,0,162,5,0,167
2018-08-16 16:00:00+00:00,0,0,1,0,0,1
2018-08-16 16:30:00+00:00,0,0,6,0,0,6
2018-08-16 17:00:00+00:00,0,0,0,0,0,0
2018-08-16 17:30:00+00:00,0,0,0,0,0,0
2018-08-16 18:00:00+00:00,0,0,0,0,0,0
2018-08-16 18:30:00+00:00,0,0,0,0,0,0
2018-08-16 19:00:00+00:00,0,0,37,0,0,37
2018-08-16 19:30:00+00:00,0,0,0,0,0,0
2018-08-16 20:00:00+00:00,0,0,1,0,0,1
2018-08-16 20:30:00+00:00,0,0,0,0,0,0
2018-08-16 21:00:00+00:00,0,0,0,0,0,0
2018-08-16 21:30:00+00:00,0,0,0,0,445,445
2018-08-16 22:00:00+00:00,0,0,0,0,0,0
2018-08-16 22:30:00+00:00,0,0,0,0,0,0
2018-08-16 23:00:00+00:00,0,0,0,0,0,0
2018-08-16 23:30:00+00:00,0,0,0,0,0,0
2018-08-17 00:00:00+00:00,0,0,0,0,0,0
2018-08-17 00:30:00+00:00,0,0,0,0,0,0
2018-08-17 01:00:00+00:00,0,0,0,0,0,0
2018-08-17 01:30:00+00:00,0,0,0,0,0,0
2018-08-17 02:00:00+00:00,0,0,0,0,0,0
2018-08-17 02:30:00+00:00,0,0,0,0,0,0
2018-08-17 03:00:00+00:00,0,0,0,0,0,0
2018-08-17 03:30:00+00:00,0,0,0,0,0,0
2018-08-17 04:00:00+00:00,0,0,0,0,0,0
2018-08-17 04:30:00+00:00,0,0,0,0,0,0
2018-08-17 05:00:00+00:00,0,0,2,0,0,2
2018-08-17 05:30:00+00:00,0,30,20,0,0,50
2018-08-17 06:00:00+00:00,0,26,9,0,0,35
2018-08-17 06:30:00+00:00,0,81,5,1,0,87
2018-08-17 07:00:00+00:00,0,54,3,14,0,71
2018-08-17 07:30:00+00:00,1,18,25,23,0,67
2018-08-17 08:00:00+00:00,0,5,18,1,0,24
2018-08-17 08:30:00+00:00,0,22,9,2,0,33
2018-08-17 09:00:00+00:00,0,9,13,62,0,84
2018-08-17 09:30:00+00:00,0,34,16,19,0,69
2018-08-17 10:00:00+00:00,0,23,5,33,0,61
2018-08-17 10:30:00+00:00,0,6,15,12,0,33
2018-08-17 11:00:00+00:00,0,2,8,29,0,39
2018-08-17 11:30:00+00:00,0,9,15,42,0,66
2018-08-17 12:00:00+00:00,0,12,15,3,0,30
2018-08-17 12:30:00+00:00,0,3,4,35,0,42
2018-08-17 13:00:00+00:00,0,6,11,18,0,35
2018-08-17 13:30:00+00:00,0,5,1,24,0,30
2018-08-17 14:00:00+00:00,0,0,0,137,0,137
2018-08-17 14:30:00+00:00,0,18,0,99,0,117
2018-08-17 15:00:00+00:00,0,0,115,31,0,146
2018-08-17 15:30:00+00:00,0,0,28,32,0,60
2018-08-17 16:00:00+00:00,0,0,0,1,0,1
2018-08-17 16:30:00+00:00,0,0,5,0,0,5
2018-08-17 17:00:00+00:00,0,0,2,0,0,2
2018-08-17 17:30:00+00:00,0,0,0,0,0,0
2018-08-17 18:00:00+00:00,0,0,2,0,0,2
2018-08-17 18:30:00+00:00,0,0,0,0,0,0
2018-08-17 19:00:00+00:00,0,0,0,0,0,0
2018-08-17 19:30:00+00:00,0,0,0,0,0,0
2018-08-17 20:00:00+00:00,0,0,0,0,0,0
2018-08-17 20:30:00+00:00,0,0,0,0,0,0
2018-08-17 21:00:00+00:00,0,0,0,0,0,0
2018-08-17 21:30:00+00:00,0,0,0,0,441,441
2018-08-17 22:00:00+00:00,0,0,0,0,0,0
2018-08-17 22:30:00+00:00,0,0,0,0,0,0
2018-08-17 23:00:00+00:00,0,0,0,0,0,0
2018-08-17 23:30:00+00:00,0,0,0,0,0,0
2018-08-18 00:00:00+00:00,0,0,0,0,0,0
2018-08-18 00:30:00+00:00,0,0,0,0,0,0
2018-08-18 01:00:00+00:00,0,0,0,0,0,0
2018-08-18 01:30:00+00:00,0,0,0,0,0,0
2018-08-18 02:00:00+00:00,0,0,0,0,0,0
2018-08-18 02:30:00+00:00,0,0,0,0,0,0
2018-08-18 03:00:00+00:00,0,0,0,0,0,0
2018-08-18 03:30:00+00:00,0,0,0,0,0,0
2018-08-18 04:00:00+00:00,0,0,0,0,0,0
2018-08-18 04:30:00+00:00,0,0,0,0,0,0
2018-08-18 05:00:00+00:00,0,0,0,0,0,0
2018-08-18 05:30:00+00:00,0,0,0,0,0,0
2018-08-18 06:00:00+00:00,0,0,0,0,0,0
2018-08-18 06:30:00+00:00,0,0,0,0,0,0
2018-08-18 07:00:00+00:00,0,0,0,0,0,0
2018-08-18 07:30:00+00:00,0,0,0,0,0,0
2018-08-18 08:00:00+00:00,0,0,0,0,0,0
2018-08-18 08:30:00+00:00,0,0,0,0,0,0
2018-08-18 09:00:00+00:00,0,0,0,0,0,0
2018-08-18 09:30:00+00:00,0,0,0,0,0,0
2018-08-18 10:00:00+00:00,0,0,0,0,0,0
2018-08-18 10:30:00+00:00,0,0,0,0,0,0
2018-08-18 11:00:00+00:00,0,0,0,0,0,0
2018-08-18 11:30:00+00:00,0,0,0,0,0,0
2018-08-18 12:00:00+00:00,0,0,0,0,0,0
2018-08-18 12:30:00+00:00,0,0,0,0,0,0
2018-08-18 13:00:00+00:00,0,0,0,0,0,0
2018-08-18 13:30:00+00:00,0,0,0,0,0,0
2018-08-18 14:00:00+00:00,0,0,0,0,0,0
2018-08-18 14:30:00+00:00,0,0,0,0,0,0
2018-08-18 15:00:00+00:00,0,0,0,0,0,0
2018-08-18 15:30:00+00:00,0,0,0,0,0,0
2018-08-18 16:00:00+00:00,0,0,0,0,0,0
2018-08-18 16:30:00+00:00,0,0,0,0,0,0
2018-08-18 17:00:00+00:00,0,0,0,0,0,0
2018-08-18 17:30:00+00:00,0,0,0,0,0,0
2018-08-18 18:00:00+00:00,0,0,0,0,0,0
2018-08-18 18:30:00+00:00,0,0,0,0,0,0
2018-08-18 19:00:00+00:00,0,0,0,0,0,0
2018-08-18 19:30:00+00:00,0,0,0,0,0,0
2018-08-18 20:00:00+00:00,0,0,0,0,0,0
2018-08-18 20:30:00+00:00,0,0,0,0,0,0
2018-08-18 21:00:00+00:00,0,0,0,0,0,0
2018-08-18 21:30:00+00:00,0,0,0,0,7,7
2018-08-18 22:00:00+00:00,0,0,0,0,0,0
2018-08-18 22:30:00+00:00,0,0,0,0,0,0
2018-08-18 23:00:00+00:00,0,0,0,0,0,0
2018-08-18 23:30:00+00:00,0,0,0,0,0,0
2018-08-19 00:00:00+00:00,0,0,0,0,0,0
2018-08-19 00:30:00+00:00,0,0,0,0,0,0
2018-08-19 01:00:00+00:00,0,0,0,0,0,0
2018-08-19 01:30:00+00:00,0,0,0,0,0,0
2018-08-19 02:00:00+00:00,0,0,0,0,0,0
2018-08-19 02:30:00+00:00,0,0,0,0,0,0
2018-08-19 03:00:00+00:00,0,0,0,0,0,0
2018-08-19 03:30:00+00:00,0,0,0,0,0,0
2018-08-19 04:00:00+00:00,0,0,0,0,0,0
2018-08-19 04:30:00+00:00,0,0,0,0,0,0
2018-08-19 05:00:00+00:00,0,0,0,0,0,0
2018-08-19 05:30:00+00:00,0,0,0,0,0,0
2018-08-19 06:00:00+00:00,0,0,0,0,0,0
2018-08-19 06:30:00+00:00,0,0,0,0,0,0
2018-08-19 07:00:00+00:00,0,0,0,0,0,0
2018-08-19 07:30:00+00:00,0,0,0,0,0,0
2018-08-19 08:00:00+00:00,0,0,0,0,0,0
2018-08-19 08:30:00+00:00,0,0,0,0,0,0
2018-08-19 09:00:00+00:00,0,0,0,0,0,0
2018-08-19 09:30:00+00:00,0,0,0,0,0,0
2018-08-19 10:00:00+00:00,0,0,0,0,0,0
2018-08-19 10:30:00+00:00,0,0,0,0,0,0
2018-08-19 11:00:00+00:00,0,0,0,0,0,0
2018-08-19 11:30:00+00:00,0,0,0,0,0,0
2018-08-19 12:00:00+00:00,0,0,0,0,0,0
2018-08-19 12:30:00+00:00,0,0,0,0,0,0
2018-08-19 13:00:00+00:00,0,0,0,0,0,0
2018-08-19 13:30:00+00:00,0,0,0,0,0,0
2018-08-19 14:00:00+00:00,0,0,0,0,0,0
2018-08-19 14:30:00+00:00,0,0,0,0,0,0
2018-08-19 15:00:00+00:00,0,0,0,0,0,0
2018-08-19 15:30:00+00:00,0,0,0,0,0,0
2018-08-19 16:00:00+00:00,0,0,0,0,0,0
2018-08-19 16:30:00+00:00,0,0,0,0,0,0
2018-08-19 17:00:00+00:00,0,0,0,0,0,0
2018-08-19 17:30:00+00:00,0,0,0,0,0,0
2018-08-19 18:00:00+00:00,0,0,0,0,0,0
2018-08-19 18:30:00+00:00,0,0,0,0,0,0
2018-08-19 19:00:00+00:00,0,0,0,0,0,0
2018-08-19 19:30:00+00:00,0,0,0,0,0,0
2018-08-19 20:00:00+00:00,0,0,0,0,0,0
2018-08-19 20:30:00+00:00,0,0,0,0,0,0
2018-08-19 21:00:00+00:00,0,0,0,0,0,0
2018-08-19 21:30:00+00:00,0,0,0,0,0,0
2018-08-19 22:00:00+00:00,0,0,0,0,0,0
2018-08-19 22:30:00+00:00,0,0,0,0,0,0
2018-08-19 23:00:00+00:00,0,0,0,0,0,0
2018-08-19 23:30:00+00:00,0,0,0,0,0,0
2018-08-20 00:00:00+00:00,0,0,0,0,0,0
2018-08-20 00:30:00+00:00,0,0,0,0,0,0
2018-08-20 01:00:00+00:00,0,0,0,0,0,0
2018-08-20 01:30:00+00:00,0,0,0,0,0,0
2018-08-20 02:00:00+00:00,0,0,0,0,0,0
2018-08-20 02:30:00+00:00,0,0,0,0,0,0
2018-08-20 03:00:00+00:00,0,0,0,0,0,0
2018-08-20 03:30:00+00:00,0,0,0,0,0,0
2018-08-20 04:00:00+00:00,0,0,0,0,0,0
2018-08-20 04:30:00+00:00,0,0,0,0,0,0
2018-08-20 05:00:00+00:00,0,0,8,0,0,8
2018-08-20 05:30:00+00:00,0,26,4,0,0,30
2018-08-20 06:00:00+00:00,0,33,13,0,0,46
2018-08-20 06:30:00+00:00,0,54,2,0,0,56
2018-08-20 07:00:00+00:00,0,21,5,0,0,26
2018-08-20 07:30:00+00:00,0,4,32,104,0,140
2018-08-20 08:00:00+00:00,0,23,10,94,0,127
2018-08-20 08:30:00+00:00,0,10,7,6,0,23
2018-08-20 09:00:00+00:00,0,40,7,29,0,76
2018-08-20 09:30:00+00:00,0,13,17,28,0,58
2018-08-20 10:00:00+00:00,0,5,39,23,0,67
2018-08-20 10:30:00+00:00,0,3,11,20,0,34
2018-08-20 11:00:00+00:00,0,55,43,28,0,126
2018-08-20 11:30:00+00:00,0,18,18,0,0,36
2018-08-20 12:00:00+00:00,0,34,11,15,0,60
2018-08-20 12:30:00+00:00,0,29,11,67,0,107
2018-08-20 13:00:00+00:00,0,14,26,24,0,64
2018-08-20 13:30:00+00:00,0,20,4,44,0,68
2018-08-20 14:00:00+00:00,0,13,5,42,0,60
2018-08-20 14:30:00+00:00,0,39,24,3,0,66
2018-08-20 15:00:00+00:00,0,13,2,7,0,22
2018-08-20 15:30:00+00:00,0,0,96,34,0,130
2018-08-20 16:00:00+00:00,0,0,0,1,0,1
2018-08-20 16:30:00+00:00,0,0,1,0,0,1
2018-08-20 17:00:00+00:00,0,0,1,0,0,1
2018-08-20 17:30:00+00:00,0,0,23,0,0,23
2018-08-20 18:00:00+00:00,0,0,1,0,0,1
2018-08-20 18:30:00+00:00,0,0,0,0,0,0
2018-08-20 19:00:00+00:00,0,0,0,0,0,0
2018-08-20 19:30:00+00:00,0,0,3,0,0,3
2018-08-20 20:00:00+00:00,0,0,0,0,0,0
2018-08-20 20:30:00+00:00,0,0,0,0,0,0
2018-08-20 21:00:00+00:00,0,0,0,0,0,0
2018-08-20 21:30:00+00:00,0,0,0,0,271,271
2018-08-20 22:00:00+00:00,0,0,0,0,0,0
2018-08-20 22:30:00+00:00,0,0,0,0,0,0
2018-08-20 23:00:00+00:00,0,0,0,0,0,0
2018-08-20 23:30:00+00:00,0,0,0,0,0,0
2018-08-21 00:00:00+00:00,0,0,0,0,0,0
2018-08-21 00:30:00+00:00,0,0,0,0,0,0
2018-08-21 01:00:00+00:00,0,0,0,0,0,0
2018-08-21 01:30:00+00:00,0,0,0,0,0,0
2018-08-21 02:00:00+00:00,0,0,23,0,0,23
2018-08-21 02:30:00+00:00,0,0,0,0,0,0
2018-08-21 03:00:00+00:00,0,0,0,0,0,0
2018-08-21 03:30:00+00:00,0,0,0,0,0,0
2018-08-21 04:00:00+00:00,0,0,1,0,0,1
2018-08-21 04:30:00+00:00,0,0,0,0,0,0
2018-08-21 05:00:00+00:00,0,2,0,0,0,2
2018-08-21 05:30:00+00:00,0,18,31,0,0,49
2018-08-21 06:00:00+00:00,0,3,17,0,0,20
2018-08-21 06:30:00+00:00,0,114,31,11,0,156
2018-08-21 07:00:00+00:00,0,17,9,5,0,31
2018-08-21 07:30:00+00:00,0,41,28,22,0,91
2018-08-21 08:00:00+00:00,0,60,15,18,0,93
2018-08-21 08:30:00+00:00,0,26,22,0,0,48
2018-08-21 09:00:00+00:00,0,3,19,1,0,23
2018-08-21 09:30:00+00:00,0,7,17,4,0,28
2018-08-21 10:00:00+00:00,0,7,45,34,0,86
2018-08-21 10:30:00+00:00,0,15,42,24,0,81
2018-08-21 11:00:00+00:00,0,36,33,14,0,83
2018-08-21 11:30:00+00:00,0,29,28,33,0,90
2018-08-21 12:00:00+00:00,0,54,7,2,0,63
2018-08-21 12:30:00+00:00,0,14,6,50,0,70
2018-08-21 13:00:00+00:00,0,13,23,1,0,37
2018-08-21 13:30:00+00:00,0,7,28,6,0,41
2018-08-21 14:00:00+00:00,0,18,18,75,0,111
2018-08-21 14:30:00+00:00,0,3,9,12,0,24
2018-08-21 15:00:00+00:00,0,16,0,18,0,34
2018-08-21 15:30:00+00:00,0,2,0,20,0,22
2018-08-21 16:00:00+00:00,0,1,0,0,0,1
2018-08-21 16:30:00+00:00,0,0,1,0,0,1
2018-08-21 17:00:00+00:00,0,2,0,0,0,2
2018-08-21 17:30:00+00:00,0,0,0,0,0,0
2018-08-21 18:00:00+00:00,0,0,1,0,0,1
2018-08-21 18:30:00+00:00,0,0,1,0,0,1
2018-08-21 19:00:00+00:00,0,0,0,0,0,0
2018-08-21 19:30:00+00:00,0,0,0,0,0,0
2018-08-21 20:00:00+00:00,0,0,2,0,0,2
2018-08-21 20:30:00+00:00,0,0,0,0,0,0
2018-08-21 21:00:00+00:00,0,0,0,0,0,0
2018-08-21 21:30:00+00:00,0,0,0,0,293,293
2018-08-21 22:00:00+00:00,0,0,0,0,0,0
2018-08-21 22:30:00+00:00,0,0,0,0,0,0
2018-08-21 23:00:00+00:00,0,0,0,0,0,0
2018-08-21 23:30:00+00:00,0,0,0,0,0,0
2018-08-22 00:00:00+00:00,0,0,0,0,0,0
2018-08-22 00:30:00+00:00,0,0,0,0,0,0
2018-08-22 01:00:00+00:00,0,0,0,0,0,0
2018-08-22 01:30:00+00:00,0,0,0,0,0,0
2018-08-22 02:00:00+00:00,0,0,0,0,0,0
2018-08-22 02:30:00+00:00,0,0,0,0,0,0
2018-08-22 03:00:00+00:00,0,0,0,0,0,0
2018-08-22 03:30:00+00:00,0,2,0,0,0,2
2018-08-22 04:00:00+00:00,0,0,0,0,0,0
2018-08-22 04:30:00+00:00,0,0,0,0,0,0
2018-08-22 05:00:00+00:00,0,1,54,0,0,55
2018-08-22 05:30:00+00:00,0,0,82,0,0,82
2018-08-22 06:00:00+00:00,0,24,22,0,0,46
2018-08-22 06:30:00+00:00,0,35,14,0,0,49
2018-08-22 07:00:00+00:00,0,38,13,42,0,93
2018-08-22 07:30:00+00:00,0,44,40,2,0,86
2018-08-22 08:00:00+00:00,0,7,11,9,0,27
2018-08-22 08:30:00+00:00,0,47,31,0,0,78
2018-08-22 09:00:00+00:00,0,38,23,6,0,67
2018-08-22 09:30:00+00:00,0,16,17,10,0,43
2018-08-22 10:00:00+00:00,0,0,2,44,0,46
2018-08-22 10:30:00+00:00,0,13,1,12,0,26
2018-08-22 11:00:00+00:00,0,2,20,11,0,33
2018-08-22 11:30:00+00:00,0,1,17,34,0,52
2018-08-22 12:00:00+00:00,0,10,32,17,0,59
2018-08-22 12:30:00+00:00,0,3,21,2,0,26
2018-08-22 13:00:00+00:00,0,13,1,29,0,43
2018-08-22 13:30:00+00:00,0,9,8,16,0,33
2018-08-22 14:00:00+00:00,0,7,10,2,0,19
2018-08-22 14:30:00+00:00,0,20,2,9,0,31
2018-08-22 15:00:00+00:00,0,6,3,0,0,9
2018-08-22 15:30:00+00:00,0,0,81,9,0,90
2018-08-22 16:00:00+00:00,0,0,18,0,0,18
2018-08-22 16:30:00+00:00,0,1,0,0,0,1
2018-08-22 17:00:00+00:00,0,0,0,0,0,0
2018-08-22 17:30:00+00:00,0,0,3,0,0,3
2018-08-22 18:00:00+00:00,0,0,0,0,0,0
2018-08-22 18:30:00+00:00,0,0,3,0,0,3
2018-08-22 19:00:00+00:00,0,0,2,0,0,2
2018-08-22 19:30:00+00:00,0,0,0,0,0,0
2018-08-22 20:00:00+00:00,0,0,0,0,0,0
2018-08-22 20:30:00+00:00,0,0,0,0,0,0
2018-08-22 21:00:00+00:00,0,0,0,0,0,0
2018-08-22 21:30:00+00:00,0,0,0,0,460,460
2018-08-22 22:00:00+00:00,0,0,0,0,0,0
2018-08-22 22:30:00+00:00,0,0,0,0,0,0
2018-08-22 23:00:00+00:00,0,0,0,0,0,0
2018-08-22 23:30:00+00:00,0,0,0,0,0,0
2018-08-23 00:00:00+00:00,0,0,0,0,0,0
2018-08-23 00:30:00+00:00,0,0,0,0,0,0
2018-08-23 01:00:00+00:00,0,0,0,0,0,0
2018-08-23 01:30:00+00:00,0,0,0,0,0,0
2018-08-23 02:00:00+00:00,0,0,0,0,0,0
2018-08-23 02:30:00+00:00,0,0,0,0,0,0
2018-08-23 03:00:00+00:00,0,0,0,0,0,0
2018-08-23 03:30:00+00:00,0,0,1,0,0,1
2018-08-23 04:00:00+00:00,0,0,0,0,0,0
2018-08-23 04:30:00+00:00,0,0,0,0,0,0
2018-08-23 05:00:00+00:00,0,36,1,0,0,37
2018-08-23 05:30:00+00:00,0,10,7,0,0,17
2018-08-23 06:00:00+00:00,0,4,13,0,0,17
2018-08-23 06:30:00+00:00,0,48,7,1,0,56
2018-08-23 07:00:00+00:00,0,12,4,47,0,63
2018-08-23 07:30:00+00:00,0,110,14,94,0,218
2018-08-23 08:00:00+00:00,0,13,12,41,0,66
2018-08-23 08:30:00+00:00,0,54,35,6,0,95
2018-08-23 09:00:00+00:00,0,12,14,5,0,31
2018-08-23 09:30:00+00:00,0,9,35,17,0,61
2018-08-23 10:00:00+00:00,0,22,14,72,0,108
2018-08-23 10:30:00+00:00,0,11,19,6,0,36
2018-08-23 11:00:00+00:00,0,8,77,5,0,90
2018-08-23 11:30:00+00:00,467,3,18,19,0,507
2018-08-23 12:00:00+00:00,0,0,32,64,0,96
2018-08-23 12:30:00+00:00,0,3,8,20,0,31
2018-08-23 13:00:00+00:00,0,32,11,39,0,82
2018-08-23 13:30:00+00:00,0,6,5,24,0,35
2018-08-23 14:00:00+00:00,0,2,3,30,0,35
2018-08-23 14:30:00+00:00,0,4,3,17,0,24
2018-08-23 15:00:00+00:00,0,33,1,4,0,38
2018-08-23 15:30:00+00:00,3,19,119,8,0,149
2018-08-23 16:00:00+00:00,0,2,0,3,0,5
2018-08-23 16:30:00+00:00,0,3,3,0,0,6
2018-08-23 17:00:00+00:00,0,0,0,0,0,0
2018-08-23 17:30:00+00:00,0,0,0,0,0,0
2018-08-23 18:00:00+00:00,0,0,0,0,0,0
2018-08-23 18:30:00+00:00,0,0,2,0,0,2
2018-08-23 19:00:00+00:00,0,0,0,0,0,0
2018-08-23 19:30:00+00:00,0,0,0,0,0,0
2018-08-23 20:00:00+00:00,0,0,0,0,0,0
2018-08-23 20:30:00+00:00,0,0,0,0,0,0
2018-08-23 21:00:00+00:00,0,0,0,0,0,0
2018-08-23 21:30:00+00:00,0,0,0,0,305,305
2018-08-23 22:00:00+00:00,0,0,0,0,0,0
2018-08-23 22:30:00+00:00,0,0,0,0,0,0
2018-08-23 23:00:00+00:00,0,0,0,0,0,0
2018-08-23 23:30:00+00:00,0,0,0,0,0,0
2018-08-24 00:00:00+00:00,0,0,0,0,0,0
2018-08-24 00:30:00+00:00,0,0,0,0,0,0
2018-08-24 01:00:00+00:00,0,0,0,0,0,0
2018-08-24 01:30:00+00:00,0,0,0,0,0,0
2018-08-24 02:00:00+00:00,0,0,0,0,0,0
2018-08-24 02:30:00+00:00,0,0,0,0,0,0
2018-08-24 03:00:00+00:00,0,0,0,0,0,0
2018-08-24 03:30:00+00:00,0,0,1,10,0,11
2018-08-24 04:00:00+00:00,0,0,1,9,0,10
2018-08-24 04:30:00+00:00,0,0,0,1,0,1
2018-08-24 05:00:00+00:00,0,1,56,0,0,57
2018-08-24 05:30:00+00:00,0,52,6,1,0,59
2018-08-24 06:00:00+00:00,0,36,22,7,0,65
2018-08-24 06:30:00+00:00,0,80,2,2,0,84
2018-08-24 07:00:00+00:00,0,31,10,22,0,63
2018-08-24 07:30:00+00:00,0,31,8,11,0,50
2018-08-24 08:00:00+00:00,0,20,7,17,0,44
2018-08-24 08:30:00+00:00,0,36,35,0,0,71
2018-08-24 09:00:00+00:00,0,15,20,9,0,44
2018-08-24 09:30:00+00:00,0,34,33,27,0,94
2018-08-24 10:00:00+00:00,0,2,25,49,0,76
2018-08-24 10:30:00+00:00,0,1,28,37,0,66
2018-08-24 11:00:00+00:00,4,15,18,10,0,47
2018-08-24 11:30:00+00:00,0,5,4,9,0,18
2018-08-24 12:00:00+00:00,0,6,21,19,0,46
2018-08-24 12:30:00+00:00,0,15,3,33,0,51
2018-08-24 13:00:00+00:00,0,10,2,20,0,32
2018-08-24 13:30:00+00:00,0,3,3,6,0,12
2018-08-24 14:00:00+00:00,0,4,0,23,0,27
2018-08-24 14:30:00+00:00,0,0,84,11,0,95
2018-08-24 15:00:00+00:00,0,1,2,11,0,14
2018-08-24 15:30:00+00:00,0,6,39,0,0,45
2018-08-24 16:00:00+00:00,0,2,20,0,0,22
2018-08-24 16:30:00+00:00,0,0,2,0,0,2
2018-08-24 17:00:00+00:00,0,1,3,0,0,4
2018-08-24 17:30:00+00:00,0,0,0,0,0,0
2018-08-24 18:00:00+00:00,0,0,0,0,0,0
2018-08-24 18:30:00+00:00,0,0,0,0,0,0
2018-08-24 19:00:00+00:00,0,0,0,0,0,0
2018-08-24 19:30:00+00:00,0,0,0,0,0,0
2018-08-24 20:00:00+00:00,0,0,0,0,0,0
2018-08-24 20:30:00+00:00,0,0,0,0,0,0
2018-08-24 21:00:00+00:00,0,0,0,0,0,0
2018-08-24 21:30:00+00:00,0,0,0,0,545,545
2018-08-24 22:00:00+00:00,0,0,0,0,0,0
2018-08-24 22:30:00+00:00,0,0,0,0,0,0
2018-08-24 23:00:00+00:00,0,0,0,0,0,0
2018-08-24 23:30:00+00:00,0,0,0,0,0,0
2018-08-25 00:00:00+00:00,0,0,0,0,0,0
2018-08-25 00:30:00+00:00,0,0,0,0,0,0
2018-08-25 01:00:00+00:00,0,0,0,0,0,0
2018-08-25 01:30:00+00:00,0,0,0,0,0,0
2018-08-25 02:00:00+00:00,0,0,0,0,0,0
2018-08-25 02:30:00+00:00,0,0,0,0,0,0
2018-08-25 03:00:00+00:00,0,0,0,0,0,0
2018-08-25 03:30:00+00:00,0,0,0,0,0,0
2018-08-25 04:00:00+00:00,0,0,0,0,0,0
2018-08-25 04:30:00+00:00,0,0,0,0,0,0
2018-08-25 05:00:00+00:00,0,0,0,0,0,0
2018-08-25 05:30:00+00:00,0,0,0,0,0,0
2018-08-25 06:00:00+00:00,0,0,0,0,0,0
2018-08-25 06:30:00+00:00,0,0,0,0,0,0
2018-08-25 07:00:00+00:00,0,0,0,0,0,0
2018-08-25 07:30:00+00:00,0,0,0,0,0,0
2018-08-25 08:00:00+00:00,0,0,0,0,0,0
2018-08-25 08:30:00+00:00,0,0,0,0,0,0
2018-08-25 09:00:00+00:00,0,0,0,0,0,0
2018-08-25 09:30:00+00:00,0,0,0,0,0,0
2018-08-25 10:00:00+00:00,0,0,0,0,0,0
2018-08-25 10:30:00+00:00,0,0,0,0,0,0
2018-08-25 11:00:00+00:00,0,0,0,0,0,0
2018-08-25 11:30:00+00:00,0,0,0,0,0,0
2018-08-25 12:00:00+00:00,0,0,0,0,0,0
2018-08-25 12:30:00+00:00,0,0,0,0,0,0
2018-08-25 13:00:00+00:00,0,0,0,0,0,0
2018-08-25 13:30:00+00:00,0,0,0,0,0,0
2018-08-25 14:00:00+00:00,0,0,0,0,0,0
2018-08-25 14:30:00+00:00,0,0,0,0,0,0
2018-08-25 15:00:00+00:00,0,0,0,0,0,0
2018-08-25 15:30:00+00:00,0,0,0,0,0,0
2018-08-25 16:00:00+00:00,0,0,0,0,0,0
2018-08-25 16:30:00+00:00,0,1,0,0,0,1
2018-08-25 17:00:00+00:00,0,0,0,0,0,0
2018-08-25 17:30:00+00:00,0,0,0,0,0,0
2018-08-25 18:00:00+00:00,0,0,0,0,0,0
2018-08-25 18:30:00+00:00,0,0,0,0,0,0
2018-08-25 19:00:00+00:00,0,0,0,0,0,0
2018-08-25 19:30:00+00:00,0,0,0,0,0,0
2018-08-25 20:00:00+00:00,0,0,0,0,0,0
2018-08-25 20:30:00+00:00,0,0,0,0,0,0
2018-08-25 21:00:00+00:00,0,0,0,0,0,0
2018-08-25 21:30:00+00:00,0,0,0,0,6,6
2018-08-25 22:00:00+00:00,0,0,0,0,0,0
2018-08-25 22:30:00+00:00,0,0,0,0,0,0
2018-08-25 23:00:00+00:00,0,0,0,0,0,0
2018-08-25 23:30:00+00:00,0,0,0,0,0,0
2018-08-26 00:00:00+00:00,0,0,0,0,0,0
2018-08-26 00:30:00+00:00,0,0,0,0,0,0
2018-08-26 01:00:00+00:00,0,0,0,0,0,0
2018-08-26 01:30:00+00:00,0,0,0,0,0,0
2018-08-26 02:00:00+00:00,0,0,0,0,0,0
2018-08-26 02:30:00+00:00,0,0,0,0,0,0
2018-08-26 03:00:00+00:00,0,0,0,0,0,0
2018-08-26 03:30:00+00:00,0,0,0,0,0,0
2018-08-26 04:00:00+00:00,0,0,0,0,0,0
2018-08-26 04:30:00+00:00,0,0,0,0,0,0
2018-08-26 05:00:00+00:00,0,0,0,0,0,0
2018-08-26 05:30:00+00:00,0,0,0,0,0,0
2018-08-26 06:00:00+00:00,0,0,0,0,0,0
2018-08-26 06:30:00+00:00,0,0,0,0,0,0
2018-08-26 07:00:00+00:00,0,0,0,0,0,0
2018-08-26 07:30:00+00:00,0,0,0,0,0,0
2018-08-26 08:00:00+00:00,0,0,0,0,0,0
2018-08-26 08:30:00+00:00,0,0,0,0,0,0
2018-08-26 09:00:00+00:00,0,0,0,0,0,0
2018-08-26 09:30:00+00:00,0,0,0,0,0,0
2018-08-26 10:00:00+00:00,0,0,0,0,0,0
2018-08-26 10:30:00+00:00,0,0,0,0,0,0
2018-08-26 11:00:00+00:00,0,0,0,0,0,0
2018-08-26 11:30:00+00:00,0,0,0,0,0,0
2018-08-26 12:00:00+00:00,0,0,0,0,0,0
2018-08-26 12:30:00+00:00,0,0,0,0,0,0
2018-08-26 13:00:00+00:00,0,0,0,0,0,0
2018-08-26 13:30:00+00:00,0,0,0,0,0,0
2018-08-26 14:00:00+00:00,0,0,0,0,0,0
2018-08-26 14:30:00+00:00,0,0,0,0,0,0
2018-08-26 15:00:00+00:00,0,0,0,0,0,0
2018-08-26 15:30:00+00:00,0,0,0,0,0,0
2018-08-26 16:00:00+00:00,0,0,0,0,0,0
2018-08-26 16:30:00+00:00,0,0,0,0,0,0
2018-08-26 17:00:00+00:00,0,0,0,0,0,0
2018-08-26 17:30:00+00:00,0,0,0,0,0,0
2018-08-26 18:00:00+00:00,0,0,0,0,0,0
2018-08-26 18:30:00+00:00,0,0,0,0,0,0
2018-08-26 19:00:00+00:00,0,0,0,0,0,0
2018-08-26 19:30:00+00:00,0,0,0,0,0,0
2018-08-26 20:00:00+00:00,0,0,0,0,0,0
2018-08-26 20:30:00+00:00,0,0,0,0,0,0
2018-08-26 21:00:00+00:00,0,0,0,0,0,0
2018-08-26 21:30:00+00:00,0,0,0,0,1,1
2018-08-26 22:00:00+00:00,0,0,0,0,0,0
2018-08-26 22:30:00+00:00,0,0,0,0,0,0
2018-08-26 23:00:00+00:00,0,0,0,0,0,0
2018-08-26 23:30:00+00:00,0,0,0,0,0,0
2018-08-27 00:00:00+00:00,0,0,0,0,0,0
2018-08-27 00:30:00+00:00,0,0,0,0,0,0
2018-08-27 01:00:00+00:00,0,0,0,0,0,0
2018-08-27 01:30:00+00:00,0,0,0,0,0,0
2018-08-27 02:00:00+00:00,0,0,0,0,0,0
2018-08-27 02:30:00+00:00,0,1,0,0,0,1
2018-08-27 03:00:00+00:00,0,0,0,0,0,0
2018-08-27 03:30:00+00:00,0,0,0,0,0,0
2018-08-27 04:00:00+00:00,0,0,0,0,0,0
2018-08-27 04:30:00+00:00,0,0,0,0,0,0
2018-08-27 05:00:00+00:00,0,3,2,0,0,5
2018-08-27 05:30:00+00:00,0,45,4,0,0,49
2018-08-27 06:00:00+00:00,0,20,6,0,0,26
2018-08-27 06:30:00+00:00,0,29,7,0,0,36
2018-08-27 07:00:00+00:00,0,25,4,0,0,29
2018-08-27 07:30:00+00:00,0,47,9,0,0,56
2018-08-27 08:00:00+00:00,0,14,4,0,0,18
2018-08-27 08:30:00+00:00,0,8,15,0,0,23
2018-08-27 09:00:00+00:00,0,36,52,0,0,88
2018-08-27 09:30:00+00:00,0,46,19,0,0,65
2018-08-27 10:00:00+00:00,0,6,6,0,0,12
2018-08-27 10:30:00+00:00,0,3,4,0,0,7
2018-08-27 11:00:00+00:00,0,4,12,0,0,16
2018-08-27 11:30:00+00:00,0,25,30,0,0,55
2018-08-27 12:00:00+00:00,0,28,24,0,0,52
2018-08-27 12:30:00+00:00,0,6,21,0,0,27
2018-08-27 13:00:00+00:00,0,13,11,0,0,24
2018-08-27 13:30:00+00:00,0,5,17,0,0,22
2018-08-27 14:00:00+00:00,0,23,5,0,0,28
2018-08-27 14:30:00+00:00,0,9,1,0,0,10
2018-08-27 15:00:00+00:00,0,56,0,0,0,56
2018-08-27 15:30:00+00:00,0,0,76,0,0,76
2018-08-27 16:00:00+00:00,0,1,11,0,0,12
2018-08-27 16:30:00+00:00,0,0,1,0,0,1
2018-08-27 17:00:00+00:00,0,0,0,0,0,0
2018-08-27 17:30:00+00:00,0,0,0,0,0,0
2018-08-27 18:00:00+00:00,0,0,0,0,0,0
2018-08-27 18:30:00+00:00,0,0,0,0,0,0
2018-08-27 19:00:00+00:00,0,0,1,0,0,1
2018-08-27 19:30:00+00:00,0,0,0,0,0,0
2018-08-27 20:00:00+00:00,0,0,0,0,0,0
2018-08-27 20:30:00+00:00,0,0,0,0,0,0
2018-08-27 21:00:00+00:00,0,0,0,0,0,0
2018-08-27 21:30:00+00:00,0,0,4,0,349,353
2018-08-27 22:00:00+00:00,0,0,0,0,0,0
2018-08-27 22:30:00+00:00,0,0,0,0,0,0
2018-08-27 23:00:00+00:00,0,0,0,0,0,0
2018-08-27 23:30:00+00:00,0,0,0,0,0,0
2018-08-28 00:00:00+00:00,0,0,0,0,0,0
2018-08-28 00:30:00+00:00,0,0,0,0,0,0
2018-08-28 01:00:00+00:00,0,0,0,0,0,0
2018-08-28 01:30:00+00:00,0,0,0,0,0,0
2018-08-28 02:00:00+00:00,0,0,0,0,0,0
2018-08-28 02:30:00+00:00,0,0,0,0,0,0
2018-08-28 03:00:00+00:00,0,0,0,0,0,0
2018-08-28 03:30:00+00:00,0,0,0,0,0,0
2018-08-28 04:00:00+00:00,0,0,0,0,0,0
2018-08-28 04:30:00+00:00,0,0,0,0,0,0
2018-08-28 05:00:00+00:00,0,0,53,0,0,53
2018-08-28 05:30:00+00:00,0,32,12,0,0,44
2018-08-28 06:00:00+00:00,0,1,1,0,0,2
2018-08-28 06:30:00+00:00,0,61,5,0,0,66
2018-08-28 07:00:00+00:00,0,52,15,0,0,67
2018-08-28 07:30:00+00:00,0,18,20,0,0,38
2018-08-28 08:00:00+00:00,0,17,10,76,0,103
2018-08-28 08:30:00+00:00,0,8,57,49,0,114
2018-08-28 09:00:00+00:00,0,26,8,4,0,38
2018-08-28 09:30:00+00:00,0,50,15,59,0,124
2018-08-28 10:00:00+00:00,0,16,9,12,0,37
2018-08-28 10:30:00+00:00,0,4,27,5,0,36
2018-08-28 11:00:00+00:00,0,8,7,2,0,17
2018-08-28 11:30:00+00:00,0,99,25,0,0,124
2018-08-28 12:00:00+00:00,0,6,19,1,0,26
2018-08-28 12:30:00+00:00,0,8,18,0,0,26
2018-08-28 13:00:00+00:00,0,14,22,42,0,78
2018-08-28 13:30:00+00:00,0,3,14,38,0,55
2018-08-28 14:00:00+00:00,0,8,7,5,0,20
2018-08-28 14:30:00+00:00,0,0,1,0,0,1
2018-08-28 15:00:00+00:00,0,2,12,6,0,20
2018-08-28 15:30:00+00:00,0,45,0,22,0,67
2018-08-28 16:00:00+00:00,0,0,2,6,0,8
2018-08-28 16:30:00+00:00,0,0,6,0,0,6
2018-08-28 17:00:00+00:00,0,0,29,0,0,29
2018-08-28 17:30:00+00:00,0,0,1,0,0,1
2018-08-28 18:00:00+00:00,0,0,5,0,0,5
2018-08-28 18:30:00+00:00,0,0,3,0,0,3
2018-08-28 19:00:00+00:00,0,0,1,0,0,1
2018-08-28 19:30:00+00:00,0,0,0,0,0,0
2018-08-28 20:00:00+00:00,0,0,0,0,0,0
2018-08-28 20:30:00+00:00,0,0,0,0,0,0
2018-08-28 21:00:00+00:00,0,0,0,0,0,0
2018-08-28 21:30:00+00:00,0,0,0,0,489,489
2018-08-28 22:00:00+00:00,0,0,0,0,0,0
2018-08-28 22:30:00+00:00,0,0,0,0,0,0
2018-08-28 23:00:00+00:00,0,0,0,0,0,0
2018-08-28 23:30:00+00:00,0,0,0,0,0,0
2018-08-29 00:00:00+00:00,0,0,0,0,0,0
2018-08-29 00:30:00+00:00,0,0,0,0,0,0
2018-08-29 01:00:00+00:00,0,0,0,0,0,0
2018-08-29 01:30:00+00:00,0,0,0,0,0,0
2018-08-29 02:00:00+00:00,0,0,0,0,0,0
2018-08-29 02:30:00+00:00,0,0,0,0,0,0
2018-08-29 03:00:00+00:00,0,3,0,0,0,3
2018-08-29 03:30:00+00:00,0,0,0,0,0,0
2018-08-29 04:00:00+00:00,0,0,0,0,0,0
2018-08-29 04:30:00+00:00,0,0,0,0,0,0
2018-08-29 05:00:00+00:00,0,0,22,0,0,22
2018-08-29 05:30:00+00:00,0,4,163,0,0,167
2018-08-29 06:00:00+00:00,0,53,3,0,0,56
2018-08-29 06:30:00+00:00,0,72,6,2,0,80
2018-08-29 07:00:00+00:00,0,16,21,14,0,51
2018-08-29 07:30:00+00:00,0,35,13,7,0,55
2018-08-29 08:00:00+00:00,0,7,11,1,0,19
2018-08-29 08:30:00+00:00,0,3,7,8,0,18
2018-08-29 09:00:00+00:00,0,8,33,9,0,50
2018-08-29 09:30:00+00:00,0,56,5,16,0,77
2018-08-29 10:00:00+00:00,0,24,19,24,0,67
2018-08-29 10:30:00+00:00,0,2,13,38,0,53
2018-08-29 11:00:00+00:00,0,8,28,4,0,40
2018-08-29 11:30:00+00:00,0,10,34,10,0,54
2018-08-29 12:00:00+00:00,0,23,14,2,0,39
2018-08-29 12:30:00+00:00,0,1,41,42,0,84
2018-08-29 13:00:00+00:00,0,13,14,31,0,58
2018-08-29 13:30:00+00:00,0,17,5,22,0,44
2018-08-29 14:00:00+00:00,0,0,32,28,0,60
2018-08-29 14:30:00+00:00,0,0,20,19,0,39
2018-08-29 15:00:00+00:00,0,5,23,4,0,32
2018-08-29 15:30:00+00:00,0,0,7,2,0,9
2018-08-29 16:00:00+00:00,0,2,1,0,0,3
2018-08-29 16:30:00+00:00,0,0,0,0,0,0
2018-08-29 17:00:00+00:00,0,0,1,0,0,1
2018-08-29 17:30:00+00:00,0,0,0,0,0,0
2018-08-29 18:00:00+00:00,0,0,0,0,0,0
2018-08-29 18:30:00+00:00,0,0,0,0,0,0
2018-08-29 19:00:00+00:00,0,0,55,0,0,55
2018-08-29 19:30:00+00:00,0,0,2,0,0,2
2018-08-29 20:00:00+00:00,0,0,0,0,0,0
2018-08-29 20:30:00+00:00,0,0,0,0,0,0
2018-08-29 21:00:00+00:00,0,0,0,0,0,0
2018-08-29 21:30:00+00:00,0,0,2,0,385,387
2018-08-29 22:00:00+00:00,0,0,0,0,0,0
2018-08-29 22:30:00+00:00,0,0,0,0,0,0
2018-08-29 23:00:00+00:00,0,0,0,0,0,0
2018-08-29 23:30:00+00:00,0,0,0,0,0,0
2018-08-30 00:00:00+00:00,0,0,30,0,0,30
2018-08-30 00:30:00+00:00,0,0,0,0,0,0
2018-08-30 01:00:00+00:00,0,0,0,0,0,0
2018-08-30 01:30:00+00:00,0,0,0,0,0,0
2018-08-30 02:00:00+00:00,0,0,0,0,0,0
2018-08-30 02:30:00+00:00,0,0,0,0,0,0
2018-08-30 03:00:00+00:00,0,2,0,0,0,2
2018-08-30 03:30:00+00:00,0,0,0,0,0,0
2018-08-30 04:00:00+00:00,0,0,1,0,0,1
2018-08-30 04:30:00+00:00,0,0,4,0,0,4
2018-08-30 05:00:00+00:00,0,0,51,0,0,51
2018-08-30 05:30:00+00:00,0,9,21,0,0,30
2018-08-30 06:00:00+00:00,0,65,10,0,0,75
2018-08-30 06:30:00+00:00,0,21,1,7,0,29
2018-08-30 07:00:00+00:00,0,46,7,28,0,81
2018-08-30 07:30:00+00:00,0,21,10,57,0,88
2018-08-30 08:00:00+00:00,0,55,31,72,0,158
2018-08-30 08:30:00+00:00,0,17,22,1,0,40
2018-08-30 09:00:00+00:00,0,11,9,24,0,44
2018-08-30 09:30:00+00:00,0,6,8,47,0,61
2018-08-30 10:00:00+00:00,0,4,14,67,0,85
2018-08-30 10:30:00+00:00,0,5,21,41,0,67
2018-08-30 11:00:00+00:00,0,7,17,2,0,26
2018-08-30 11:30:00+00:00,14,36,22,3,0,75
2018-08-30 12:00:00+00:00,2,59,48,163,0,272
2018-08-30 12:30:00+00:00,0,11,19,10,0,40
2018-08-30 13:00:00+00:00,0,12,4,30,0,46
2018-08-30 13:30:00+00:00,5137,37,7,27,0,5208
2018-08-30 14:00:00+00:00,0,0,7,63,0,70
2018-08-30 14:30:00+00:00,0,0,2,6,0,8
2018-08-30 15:00:00+00:00,0,54,1,4,0,59
2018-08-30 15:30:00+00:00,0,0,159,12,0,171
2018-08-30 16:00:00+00:00,0,0,0,2,0,2
2018-08-30 16:30:00+00:00,0,0,12,0,0,12
2018-08-30 17:00:00+00:00,0,0,21,0,0,21
2018-08-30 17:30:00+00:00,0,6,13,0,0,19
2018-08-30 18:00:00+00:00,0,0,1,0,0,1
2018-08-30 18:30:00+00:00,0,0,1,0,0,1
2018-08-30 19:00:00+00:00,0,0,1,0,0,1
2018-08-30 19:30:00+00:00,0,0,2,0,0,2
2018-08-30 20:00:00+00:00,0,0,0,0,0,0
2018-08-30 20:30:00+00:00,0,0,0,0,0,0
2018-08-30 21:00:00+00:00,0,0,6,0,0,6
2018-08-30 21:30:00+00:00,0,0,0,0,412,412
2018-08-30 22:00:00+00:00,0,0,0,0,0,0
2018-08-30 22:30:00+00:00,0,0,0,0,0,0
2018-08-30 23:00:00+00:00,0,0,0,0,0,0
2018-08-30 23:30:00+00:00,0,0,0,0,0,0
2018-08-31 00:00:00+00:00,0,0,0,0,0,0
2018-08-31 00:30:00+00:00,0,0,0,0,0,0
2018-08-31 01:00:00+00:00,0,0,0,0,0,0
2018-08-31 01:30:00+00:00,0,0,0,0,0,0
2018-08-31 02:00:00+00:00,0,0,0,0,0,0
2018-08-31 02:30:00+00:00,0,2,0,0,0,2
2018-08-31 03:00:00+00:00,0,0,0,0,0,0
2018-08-31 03:30:00+00:00,0,0,1,0,0,1
2018-08-31 04:00:00+00:00,0,0,0,0,0,0
2018-08-31 04:30:00+00:00,0,0,6,0,0,6
2018-08-31 05:00:00+00:00,0,58,69,8,0,135
2018-08-31 05:30:00+00:00,0,55,0,5,0,60
2018-08-31 06:00:00+00:00,0,1,3,14,0,18
2018-08-31 06:30:00+00:00,0,1,9,18,0,28
2018-08-31 07:00:00+00:00,0,4,13,32,0,49
2018-08-31 07:30:00+00:00,0,14,29,7,0,50
2018-08-31 08:00:00+00:00,0,30,4,4,0,38
2018-08-31 08:30:00+00:00,1,2,21,3,0,27
2018-08-31 09:00:00+00:00,0,59,2,22,0,83
2018-08-31 09:30:00+00:00,0,16,9,20,0,45
2018-08-31 10:00:00+00:00,0,10,15,29,0,54
2018-08-31 10:30:00+00:00,0,49,12,25,0,86
2018-08-31 11:00:00+00:00,28,2,8,38,0,76
2018-08-31 11:30:00+00:00,0,3,6,4,0,13
2018-08-31 12:00:00+00:00,0,24,52,39,0,115
2018-08-31 12:30:00+00:00,0,34,13,55,0,102
2018-08-31 13:00:00+00:00,0,4,9,22,0,35
2018-08-31 13:30:00+00:00,0,3,32,15,0,50
2018-08-31 14:00:00+00:00,0,0,7,30,0,37
2018-08-31 14:30:00+00:00,0,1,2,54,0,57
2018-08-31 15:00:00+00:00,0,1,0,35,0,36
2018-08-31 15:30:00+00:00,0,1,2,24,0,27
2018-08-31 16:00:00+00:00,0,0,1,3,0,4
2018-08-31 16:30:00+00:00,0,0,0,0,0,0
2018-08-31 17:00:00+00:00,0,0,0,0,0,0
2018-08-31 17:30:00+00:00,0,0,0,0,0,0
2018-08-31 18:00:00+00:00,0,0,0,0,0,0
2018-08-31 18:30:00+00:00,0,0,0,0,0,0
2018-08-31 19:00:00+00:00,0,0,0,0,0,0
2018-08-31 19:30:00+00:00,0,0,1,0,0,1
2018-08-31 20:00:00+00:00,0,0,0,0,0,0
2018-08-31 20:30:00+00:00,0,0,0,0,0,0
2018-08-31 21:00:00+00:00,0,0,0,0,0,0
2018-08-31 21:30:00+00:00,0,0,0,0,962,962
2018-08-31 22:00:00+00:00,0,0,0,0,0,0
2018-08-31 22:30:00+00:00,0,0,0,0,0,0
2018-08-31 23:00:00+00:00,0,0,0,0,0,0
2018-08-31 23:30:00+00:00,0,0,0,0,0,0
2018-09-01 00:00:00+00:00,0,0,0,0,0,0
2018-09-01 00:30:00+00:00,0,0,0,0,0,0
2018-09-01 01:00:00+00:00,0,0,0,0,0,0
2018-09-01 01:30:00+00:00,0,0,0,0,0,0
2018-09-01 02:00:00+00:00,0,0,0,0,0,0
2018-09-01 02:30:00+00:00,0,0,0,0,0,0
2018-09-01 03:00:00+00:00,0,0,0,0,0,0
2018-09-01 03:30:00+00:00,0,0,0,0,0,0
2018-09-01 04:00:00+00:00,0,0,1,0,0,1
2018-09-01 04:30:00+00:00,0,0,0,0,0,0
2018-09-01 05:00:00+00:00,0,0,0,0,0,0
2018-09-01 05:30:00+00:00,0,1,1,0,0,2
2018-09-01 06:00:00+00:00,0,0,13,0,0,13
2018-09-01 06:30:00+00:00,0,1,17,0,0,18
2018-09-01 07:00:00+00:00,0,0,0,0,0,0
2018-09-01 07:30:00+00:00,0,0,0,0,0,0
2018-09-01 08:00:00+00:00,0,0,1,0,0,1
2018-09-01 08:30:00+00:00,0,0,0,0,0,0
2018-09-01 09:00:00+00:00,0,0,0,0,0,0
2018-09-01 09:30:00+00:00,0,0,0,0,0,0
2018-09-01 10:00:00+00:00,0,0,0,0,0,0
2018-09-01 10:30:00+00:00,0,0,0,0,0,0
2018-09-01 11:00:00+00:00,0,0,0,0,0,0
2018-09-01 11:30:00+00:00,0,0,0,0,0,0
2018-09-01 12:00:00+00:00,0,0,0,0,0,0
2018-09-01 12:30:00+00:00,0,0,0,0,0,0
2018-09-01 13:00:00+00:00,0,0,0,0,0,0
2018-09-01 13:30:00+00:00,0,0,0,0,0,0
2018-09-01 14:00:00+00:00,0,0,0,0,0,0
2018-09-01 14:30:00+00:00,0,0,0,0,0,0
2018-09-01 15:00:00+00:00,0,0,0,0,0,0
2018-09-01 15:30:00+00:00,0,0,0,0,0,0
2018-09-01 16:00:00+00:00,0,0,0,0,0,0
2018-09-01 16:30:00+00:00,0,0,0,0,0,0
2018-09-01 17:00:00+00:00,0,0,0,0,0,0
2018-09-01 17:30:00+00:00,0,0,0,0,0,0
2018-09-01 18:00:00+00:00,0,0,0,0,0,0
2018-09-01 18:30:00+00:00,0,0,0,0,0,0
2018-09-01 19:00:00+00:00,0,0,0,0,0,0
2018-09-01 19:30:00+00:00,0,0,0,0,0,0
2018-09-01 20:00:00+00:00,0,0,0,0,0,0
2018-09-01 20:30:00+00:00,0,0,0,0,0,0
2018-09-01 21:00:00+00:00,0,0,0,0,0,0
2018-09-01 21:30:00+00:00,0,0,0,0,0,0
2018-09-01 22:00:00+00:00,0,0,0,0,0,0
2018-09-01 22:30:00+00:00,0,0,0,0,0,0
2018-09-01 23:00:00+00:00,0,0,0,0,0,0
2018-09-01 23:30:00+00:00,0,0,0,0,0,0
2018-09-02 00:00:00+00:00,0,0,0,0,0,0
2018-09-02 00:30:00+00:00,0,0,0,0,0,0
2018-09-02 01:00:00+00:00,0,0,0,0,0,0
2018-09-02 01:30:00+00:00,0,0,0,0,0,0
2018-09-02 02:00:00+00:00,0,0,0,0,0,0
2018-09-02 02:30:00+00:00,0,0,0,0,0,0
2018-09-02 03:00:00+00:00,0,0,0,0,0,0
2018-09-02 03:30:00+00:00,0,0,0,0,0,0
2018-09-02 04:00:00+00:00,0,0,0,0,0,0
2018-09-02 04:30:00+00:00,0,0,0,0,0,0
2018-09-02 05:00:00+00:00,0,0,0,0,0,0
2018-09-02 05:30:00+00:00,0,0,0,0,0,0
2018-09-02 06:00:00+00:00,0,0,0,0,0,0
2018-09-02 06:30:00+00:00,0,0,0,0,0,0
2018-09-02 07:00:00+00:00,0,0,0,0,0,0
2018-09-02 07:30:00+00:00,0,0,0,0,0,0
2018-09-02 08:00:00+00:00,0,0,0,0,0,0
2018-09-02 08:30:00+00:00,0,0,0,0,0,0
2018-09-02 09:00:00+00:00,0,0,0,0,0,0
2018-09-02 09:30:00+00:00,0,0,0,0,0,0
2018-09-02 10:00:00+00:00,0,0,0,0,0,0
2018-09-02 10:30:00+00:00,0,0,0,0,0,0
2018-09-02 11:00:00+00:00,0,0,0,0,0,0
2018-09-02 11:30:00+00:00,0,0,0,0,0,0
2018-09-02 12:00:00+00:00,0,0,0,0,0,0
2018-09-02 12:30:00+00:00,0,0,0,0,0,0
2018-09-02 13:00:00+00:00,0,0,0,0,0,0
2018-09-02 13:30:00+00:00,0,2,0,0,0,2
2018-09-02 14:00:00+00:00,0,0,0,0,0,0
2018-09-02 14:30:00+00:00,0,0,0,0,0,0
2018-09-02 15:00:00+00:00,0,0,0,0,0,0
2018-09-02 15:30:00+00:00,0,0,0,0,0,0
2018-09-02 16:00:00+00:00,0,0,0,0,0,0
2018-09-02 16:30:00+00:00,0,0,0,0,0,0
2018-09-02 17:00:00+00:00,0,0,0,0,0,0
2018-09-02 17:30:00+00:00,0,0,0,0,0,0
2018-09-02 18:00:00+00:00,0,0,0,0,0,0
2018-09-02 18:30:00+00:00,0,0,0,0,0,0
2018-09-02 19:00:00+00:00,0,0,0,0,0,0
2018-09-02 19:30:00+00:00,0,0,0,0,0,0
2018-09-02 20:00:00+00:00,0,0,0,0,0,0
2018-09-02 20:30:00+00:00,0,0,0,0,0,0
2018-09-02 21:00:00+00:00,0,0,0,0,0,0
2018-09-02 21:30:00+00:00,0,0,0,0,1,1
2018-09-02 22:00:00+00:00,0,0,0,0,0,0
2018-09-02 22:30:00+00:00,0,0,0,0,0,0
2018-09-02 23:00:00+00:00,0,0,0,0,0,0
2018-09-02 23:30:00+00:00,0,0,0,0,0,0
2018-09-03 00:00:00+00:00,0,0,0,0,0,0
2018-09-03 00:30:00+00:00,0,0,0,0,0,0
2018-09-03 01:00:00+00:00,0,0,0,0,0,0
2018-09-03 01:30:00+00:00,0,0,0,0,0,0
2018-09-03 02:00:00+00:00,0,0,0,0,0,0
2018-09-03 02:30:00+00:00,0,0,0,0,0,0
2018-09-03 03:00:00+00:00,0,0,0,0,0,0
2018-09-03 03:30:00+00:00,0,0,0,0,0,0
2018-09-03 04:00:00+00:00,0,0,0,0,0,0
2018-09-03 04:30:00+00:00,0,0,0,0,0,0
2018-09-03 05:00:00+00:00,0,0,93,0,0,93
2018-09-03 05:30:00+00:00,0,1,1,0,0,2
2018-09-03 06:00:00+00:00,0,1,14,0,0,15
2018-09-03 06:30:00+00:00,0,19,11,0,0,30
2018-09-03 07:00:00+00:00,0,11,7,3,0,21
2018-09-03 07:30:00+00:00,0,12,10,7,0,29
2018-09-03 08:00:00+00:00,0,6,8,6,0,20
2018-09-03 08:30:00+00:00,0,30,6,3,0,39
2018-09-03 09:00:00+00:00,0,1,38,17,0,56
2018-09-03 09:30:00+00:00,0,38,8,4,0,50
2018-09-03 10:00:00+00:00,0,12,1,6,0,19
2018-09-03 10:30:00+00:00,0,1,25,5,0,31
2018-09-03 11:00:00+00:00,0,0,61,2,0,63
2018-09-03 11:30:00+00:00,0,13,40,8,0,61
2018-09-03 12:00:00+00:00,0,0,16,14,0,30
2018-09-03 12:30:00+00:00,17,9,5,25,0,56
2018-09-03 13:00:00+00:00,0,1,12,21,0,34
2018-09-03 13:30:00+00:00,0,1,25,8,0,34
2018-09-03 14:00:00+00:00,0,8,2,4,0,14
2018-09-03 14:30:00+00:00,0,0,2,12,0,14
2018-09-03 15:00:00+00:00,0,8,22,9,0,39
2018-09-03 15:30:00+00:00,0,0,20,12,0,32
2018-09-03 16:00:00+00:00,0,9,0,2,0,11
2018-09-03 16:30:00+00:00,0,0,0,0,0,0
2018-09-03 17:00:00+00:00,0,0,0,0,0,0
2018-09-03 17:30:00+00:00,0,0,2,0,0,2
2018-09-03 18:00:00+00:00,0,0,0,0,0,0
2018-09-03 18:30:00+00:00,0,0,0,0,0,0
2018-09-03 19:00:00+00:00,0,0,0,0,0,0
2018-09-03 19:30:00+00:00,0,0,1,0,0,1
2018-09-03 20:00:00+00:00,0,0,0,0,0,0
2018-09-03 20:30:00+00:00,0,0,0,0,0,0
2018-09-03 21:00:00+00:00,0,0,0,0,0,0
2018-09-03 21:30:00+00:00,0,0,0,0,199,199
2018-09-03 22:00:00+00:00,0,0,0,0,0,0
2018-09-03 22:30:00+00:00,0,0,0,0,0,0
2018-09-03 23:00:00+00:00,0,0,0,0,0,0
2018-09-03 23:30:00+00:00,0,0,0,0,0,0
2018-09-04 00:00:00+00:00,0,0,0,0,0,0
2018-09-04 00:30:00+00:00,0,0,0,0,0,0
2018-09-04 01:00:00+00:00,0,0,0,0,0,0
2018-09-04 01:30:00+00:00,0,0,0,0,0,0
2018-09-04 02:00:00+00:00,0,0,0,0,0,0
2018-09-04 02:30:00+00:00,0,0,0,0,0,0
2018-09-04 03:00:00+00:00,0,0,0,0,0,0
2018-09-04 03:30:00+00:00,0,0,0,0,0,0
2018-09-04 04:00:00+00:00,0,0,0,0,0,0
2018-09-04 04:30:00+00:00,0,0,0,0,0,0
2018-09-04 05:00:00+00:00,0,0,15,0,0,15
2018-09-04 05:30:00+00:00,0,1,18,0,0,19
2018-09-04 06:00:00+00:00,0,3,8,0,0,11
2018-09-04 06:30:00+00:00,0,9,16,0,0,25
2018-09-04 07:00:00+00:00,0,6,37,5,0,48
2018-09-04 07:30:00+00:00,0,51,11,79,0,141
2018-09-04 08:00:00+00:00,0,57,40,46,0,143
2018-09-04 08:30:00+00:00,0,19,9,31,0,59
2018-09-04 09:00:00+00:00,0,4,14,12,0,30
2018-09-04 09:30:00+00:00,0,8,14,50,0,72
2018-09-04 10:00:00+00:00,0,6,36,65,0,107
2018-09-04 10:30:00+00:00,0,3,26,24,0,53
2018-09-04 11:00:00+00:00,0,14,16,25,0,55
2018-09-04 11:30:00+00:00,0,2,17,21,0,40
2018-09-04 12:00:00+00:00,0,1,11,42,0,54
2018-09-04 12:30:00+00:00,0,3,11,61,0,75
2018-09-04 13:00:00+00:00,0,12,10,79,0,101
2018-09-04 13:30:00+00:00,0,35,4,23,0,62
2018-09-04 14:00:00+00:00,0,5,12,37,0,54
2018-09-04 14:30:00+00:00,0,0,21,20,0,41
2018-09-04 15:00:00+00:00,0,2,3,51,0,56
2018-09-04 15:30:00+00:00,0,0,46,0,0,46
2018-09-04 16:00:00+00:00,0,0,1,0,0,1
2018-09-04 16:30:00+00:00,0,0,0,0,0,0
2018-09-04 17:00:00+00:00,0,0,1,0,0,1
2018-09-04 17:30:00+00:00,0,0,0,0,0,0
2018-09-04 18:00:00+00:00,0,0,0,0,0,0
2018-09-04 18:30:00+00:00,0,0,0,0,0,0
2018-09-04 19:00:00+00:00,0,0,2,0,0,2
2018-09-04 19:30:00+00:00,0,0,0,0,0,0
2018-09-04 20:00:00+00:00,0,0,0,0,0,0
2018-09-04 20:30:00+00:00,0,0,0,0,0,0
2018-09-04 21:00:00+00:00,0,0,0,0,0,0
2018-09-04 21:30:00+00:00,0,0,0,0,245,245
2018-09-04 22:00:00+00:00,0,0,0,0,0,0
2018-09-04 22:30:00+00:00,0,0,0,0,0,0
2018-09-04 23:00:00+00:00,0,0,0,0,0,0
2018-09-04 23:30:00+00:00,0,0,0,0,0,0
2018-09-05 00:00:00+00:00,0,0,0,0,0,0
2018-09-05 00:30:00+00:00,0,0,0,0,0,0
2018-09-05 01:00:00+00:00,0,0,0,0,0,0
2018-09-05 01:30:00+00:00,0,0,0,0,0,0
2018-09-05 02:00:00+00:00,0,0,0,0,0,0
2018-09-05 02:30:00+00:00,0,0,0,0,0,0
2018-09-05 03:00:00+00:00,0,0,0,0,0,0
2018-09-05 03:30:00+00:00,0,0,0,0,0,0
2018-09-05 04:00:00+00:00,0,0,0,68,0,68
2018-09-05 04:30:00+00:00,0,0,0,20,0,20
2018-09-05 05:00:00+00:00,0,0,28,13,0,41
2018-09-05 05:30:00+00:00,0,0,17,16,0,33
2018-09-05 06:00:00+00:00,0,0,15,0,0,15
2018-09-05 06:30:00+00:00,0,0,8,28,0,36
2018-09-05 07:00:00+00:00,0,2,29,35,0,66
2018-09-05 07:30:00+00:00,0,12,13,58,0,83
2018-09-05 08:00:00+00:00,0,0,49,16,0,65
2018-09-05 08:30:00+00:00,0,0,21,15,0,36
2018-09-05 09:00:00+00:00,0,1,9,34,0,44
2018-09-05 09:30:00+00:00,0,12,16,28,0,56
2018-09-05 10:00:00+00:00,0,6,6,60,0,72
2018-09-05 10:30:00+00:00,0,29,3,45,0,77
2018-09-05 11:00:00+00:00,0,0,37,9,0,46
2018-09-05 11:30:00+00:00,0,1,4,22,0,27
2018-09-05 12:00:00+00:00,0,2,34,5,0,41
2018-09-05 12:30:00+00:00,0,4,60,19,0,83
2018-09-05 13:00:00+00:00,0,2,4,11,0,17
2018-09-05 13:30:00+00:00,0,7,15,150,0,172
2018-09-05 14:00:00+00:00,17,5,19,70,0,111
2018-09-05 14:30:00+00:00,0,4,40,23,0,67
2018-09-05 15:00:00+00:00,0,48,0,11,0,59
2018-09-05 15:30:00+00:00,0,3,14,20,0,37
2018-09-05 16:00:00+00:00,0,0,31,0,0,31
2018-09-05 16:30:00+00:00,0,0,0,0,0,0
2018-09-05 17:00:00+00:00,0,0,1,0,0,1
2018-09-05 17:30:00+00:00,0,0,10,0,0,10
2018-09-05 18:00:00+00:00,0,0,0,0,0,0
2018-09-05 18:30:00+00:00,0,0,1,0,0,1
2018-09-05 19:00:00+00:00,0,0,6,0,0,6
2018-09-05 19:30:00+00:00,0,0,0,0,0,0
2018-09-05 20:00:00+00:00,0,0,0,0,0,0
2018-09-05 20:30:00+00:00,0,0,0,0,0,0
2018-09-05 21:00:00+00:00,0,0,0,0,0,0
2018-09-05 21:30:00+00:00,0,0,0,0,256,256
2018-09-05 22:00:00+00:00,0,0,0,0,0,0
2018-09-05 22:30:00+00:00,0,0,0,0,0,0
2018-09-05 23:00:00+00:00,0,0,0,0,0,0
2018-09-05 23:30:00+00:00,0,0,0,0,0,0
2018-09-06 00:00:00+00:00,0,0,0,0,0,0
2018-09-06 00:30:00+00:00,0,0,0,0,0,0
2018-09-06 01:00:00+00:00,0,0,0,0,0,0
2018-09-06 01:30:00+00:00,0,0,0,0,0,0
2018-09-06 02:00:00+00:00,0,0,0,0,0,0
2018-09-06 02:30:00+00:00,0,0,0,0,0,0
2018-09-06 03:00:00+00:00,0,0,0,0,0,0
2018-09-06 03:30:00+00:00,0,0,0,0,0,0
2018-09-06 04:00:00+00:00,0,0,2,0,0,2
2018-09-06 04:30:00+00:00,0,0,0,0,0,0
2018-09-06 05:00:00+00:00,0,0,31,0,0,31
2018-09-06 05:30:00+00:00,0,0,87,0,0,87
2018-09-06 06:00:00+00:00,0,36,2,35,0,73
2018-09-06 06:30:00+00:00,0,8,2,8,0,18
2018-09-06 07:00:00+00:00,0,12,26,26,0,64
2018-09-06 07:30:00+00:00,0,5,6,1,0,12
2018-09-06 08:00:00+00:00,0,0,11,21,0,32
2018-09-06 08:30:00+00:00,0,8,56,0,0,64
2018-09-06 09:00:00+00:00,0,11,2,4,0,17
2018-09-06 09:30:00+00:00,0,2,12,3,0,17
2018-09-06 10:00:00+00:00,0,3,13,9,0,25
2018-09-06 10:30:00+00:00,0,0,2,40,0,42
2018-09-06 11:00:00+00:00,0,0,16,6,0,22
2018-09-06 11:30:00+00:00,0,5,17,28,0,50
2018-09-06 12:00:00+00:00,3174,2,12,20,0,3208
2018-09-06 12:30:00+00:00,0,45,9,21,0,75
2018-09-06 13:00:00+00:00,0,12,26,36,0,74
2018-09-06 13:30:00+00:00,0,0,23,42,0,65
2018-09-06 14:00:00+00:00,0,13,21,63,0,97
2018-09-06 14:30:00+00:00,0,1,9,11,0,21
2018-09-06 15:00:00+00:00,0,10,2,13,0,25
2018-09-06 15:30:00+00:00,0,0,64,31,0,95
2018-09-06 16:00:00+00:00,0,0,14,9,0,23
2018-09-06 16:30:00+00:00,0,0,0,0,0,0
2018-09-06 17:00:00+00:00,0,0,0,0,0,0
2018-09-06 17:30:00+00:00,0,0,0,0,0,0
2018-09-06 18:00:00+00:00,0,1,0,0,0,1
2018-09-06 18:30:00+00:00,0,0,0,0,0,0
2018-09-06 19:00:00+00:00,0,0,0,0,0,0
2018-09-06 19:30:00+00:00,0,0,4,0,0,4
2018-09-06 20:00:00+00:00,0,0,1,0,0,1
2018-09-06 20:30:00+00:00,0,0,0,0,0,0
2018-09-06 21:00:00+00:00,0,0,0,0,0,0
2018-09-06 21:30:00+00:00,0,0,0,0,339,339
2018-09-06 22:00:00+00:00,0,0,0,0,0,0
2018-09-06 22:30:00+00:00,0,0,0,0,0,0
2018-09-06 23:00:00+00:00,0,0,0,0,0,0
2018-09-06 23:30:00+00:00,0,0,0,0,0,0
2018-09-07 00:00:00+00:00,0,0,0,0,0,0
2018-09-07 00:30:00+00:00,0,0,0,0,0,0
2018-09-07 01:00:00+00:00,0,0,0,0,0,0
2018-09-07 01:30:00+00:00,0,0,0,0,0,0
2018-09-07 02:00:00+00:00,0,0,0,0,0,0
2018-09-07 02:30:00+00:00,0,0,0,0,0,0
2018-09-07 03:00:00+00:00,0,0,0,0,0,0
2018-09-07 03:30:00+00:00,0,0,0,0,0,0
2018-09-07 04:00:00+00:00,0,0,0,0,0,0
2018-09-07 04:30:00+00:00,0,0,0,0,0,0
2018-09-07 05:00:00+00:00,0,1,0,0,0,1
2018-09-07 05:30:00+00:00,0,0,5,0,0,5
2018-09-07 06:00:00+00:00,0,0,9,4,0,13
2018-09-07 06:30:00+00:00,0,0,11,3,0,14
2018-09-07 07:00:00+00:00,0,3,6,79,0,88
2018-09-07 07:30:00+00:00,0,2,27,45,0,74
2018-09-07 08:00:00+00:00,0,11,2,19,0,32
2018-09-07 08:30:00+00:00,0,0,9,18,0,27
2018-09-07 09:00:00+00:00,0,2,13,37,0,52
2018-09-07 09:30:00+00:00,0,1,11,14,0,26
2018-09-07 10:00:00+00:00,0,5,28,40,0,73
2018-09-07 10:30:00+00:00,0,7,10,41,0,58
2018-09-07 11:00:00+00:00,0,39,19,56,0,114
2018-09-07 11:30:00+00:00,0,13,17,7,0,37
2018-09-07 12:00:00+00:00,0,7,19,19,0,45
2018-09-07 12:30:00+00:00,12,1,14,35,0,62
2018-09-07 13:00:00+00:00,0,3,2,34,0,39
2018-09-07 13:30:00+00:00,0,0,46,121,0,167
2018-09-07 14:00:00+00:00,0,19,14,63,0,96
2018-09-07 14:30:00+00:00,0,1,0,16,0,17
2018-09-07 15:00:00+00:00,0,0,12,17,0,29
2018-09-07 15:30:00+00:00,0,0,61,18,0,79
2018-09-07 16:00:00+00:00,0,0,25,0,0,25
2018-09-07 16:30:00+00:00,0,0,0,0,0,0
2018-09-07 17:00:00+00:00,0,0,0,0,0,0
2018-09-07 17:30:00+00:00,0,0,0,0,0,0
2018-09-07 18:00:00+00:00,0,0,0,0,0,0
2018-09-07 18:30:00+00:00,0,0,0,0,0,0
2018-09-07 19:00:00+00:00,0,0,0,0,0,0
2018-09-07 19:30:00+00:00,0,0,0,0,0,0
2018-09-07 20:00:00+00:00,0,0,0,0,0,0
2018-09-07 20:30:00+00:00,0,0,0,0,0,0
2018-09-07 21:00:00+00:00,0,0,0,0,0,0
2018-09-07 21:30:00+00:00,0,0,23,0,234,257
2018-09-07 22:00:00+00:00,0,0,0,0,0,0
2018-09-07 22:30:00+00:00,0,0,0,0,0,0
2018-09-07 23:00:00+00:00,0,0,0,0,0,0
2018-09-07 23:30:00+00:00,0,0,0,0,0,0
2018-09-08 00:00:00+00:00,0,0,0,0,0,0
2018-09-08 00:30:00+00:00,0,0,0,0,0,0
2018-09-08 01:00:00+00:00,0,0,0,0,0,0
2018-09-08 01:30:00+00:00,0,0,0,0,0,0
2018-09-08 02:00:00+00:00,0,0,0,0,0,0
2018-09-08 02:30:00+00:00,0,0,0,0,0,0
2018-09-08 03:00:00+00:00,0,0,0,0,0,0
2018-09-08 03:30:00+00:00,0,0,0,0,0,0
2018-09-08 04:00:00+00:00,0,0,0,0,0,0
2018-09-08 04:30:00+00:00,0,0,0,0,0,0
2018-09-08 05:00:00+00:00,0,0,0,0,0,0
2018-09-08 05:30:00+00:00,0,0,0,0,0,0
2018-09-08 06:00:00+00:00,0,0,0,0,0,0
2018-09-08 06:30:00+00:00,0,0,0,0,0,0
2018-09-08 07:00:00+00:00,0,0,0,0,0,0
2018-09-08 07:30:00+00:00,0,0,0,0,0,0
2018-09-08 08:00:00+00:00,0,0,0,0,0,0
2018-09-08 08:30:00+00:00,0,0,0,0,0,0
2018-09-08 09:00:00+00:00,0,0,0,0,0,0
2018-09-08 09:30:00+00:00,0,0,0,0,0,0
2018-09-08 10:00:00+00:00,0,0,0,0,0,0
2018-09-08 10:30:00+00:00,0,0,0,0,0,0
2018-09-08 11:00:00+00:00,0,0,0,0,0,0
2018-09-08 11:30:00+00:00,0,0,0,0,0,0
2018-09-08 12:00:00+00:00,0,0,0,0,0,0
2018-09-08 12:30:00+00:00,0,0,0,0,0,0
2018-09-08 13:00:00+00:00,0,0,0,0,0,0
2018-09-08 13:30:00+00:00,0,0,0,0,0,0
2018-09-08 14:00:00+00:00,0,0,0,0,0,0
2018-09-08 14:30:00+00:00,0,0,0,0,0,0
2018-09-08 15:00:00+00:00,0,0,0,0,0,0
2018-09-08 15:30:00+00:00,0,0,0,0,0,0
2018-09-08 16:00:00+00:00,0,0,0,0,0,0
2018-09-08 16:30:00+00:00,0,0,0,0,0,0
2018-09-08 17:00:00+00:00,0,0,0,0,0,0
2018-09-08 17:30:00+00:00,0,0,0,0,0,0
2018-09-08 18:00:00+00:00,0,0,0,0,0,0
2018-09-08 18:30:00+00:00,0,0,0,0,0,0
2018-09-08 19:00:00+00:00,0,0,0,0,0,0
2018-09-08 19:30:00+00:00,0,0,0,0,0,0
2018-09-08 20:00:00+00:00,0,0,0,0,0,0
2018-09-08 20:30:00+00:00,0,0,0,0,0,0
2018-09-08 21:00:00+00:00,0,0,0,0,0,0
2018-09-08 21:30:00+00:00,0,0,0,0,2,2
2018-09-08 22:00:00+00:00,0,0,0,0,0,0
2018-09-08 22:30:00+00:00,0,0,0,0,0,0
2018-09-08 23:00:00+00:00,0,0,0,0,0,0
2018-09-08 23:30:00+00:00,0,0,0,0,0,0
2018-09-09 00:00:00+00:00,0,0,0,0,0,0
2018-09-09 00:30:00+00:00,0,0,0,0,0,0
2018-09-09 01:00:00+00:00,0,0,0,0,0,0
2018-09-09 01:30:00+00:00,0,0,0,0,0,0
2018-09-09 02:00:00+00:00,0,0,0,0,0,0
2018-09-09 02:30:00+00:00,0,0,0,0,0,0
2018-09-09 03:00:00+00:00,0,0,0,0,0,0
2018-09-09 03:30:00+00:00,0,0,0,0,0,0
2018-09-09 04:00:00+00:00,0,0,0,0,0,0
2018-09-09 04:30:00+00:00,0,0,0,0,0,0
2018-09-09 05:00:00+00:00,0,0,0,0,0,0
2018-09-09 05:30:00+00:00,0,0,23,0,0,23
2018-09-09 06:00:00+00:00,0,0,0,0,0,0
2018-09-09 06:30:00+00:00,0,0,2,0,0,2
2018-09-09 07:00:00+00:00,0,0,0,0,0,0
2018-09-09 07:30:00+00:00,0,0,0,0,0,0
2018-09-09 08:00:00+00:00,0,0,0,0,0,0
2018-09-09 08:30:00+00:00,0,0,0,0,0,0
2018-09-09 09:00:00+00:00,0,0,0,0,0,0
2018-09-09 09:30:00+00:00,0,0,0,0,0,0
2018-09-09 10:00:00+00:00,0,0,0,0,0,0
2018-09-09 10:30:00+00:00,0,0,0,0,0,0
2018-09-09 11:00:00+00:00,0,0,0,0,0,0
2018-09-09 11:30:00+00:00,0,0,0,0,0,0
2018-09-09 12:00:00+00:00,0,0,0,0,0,0
2018-09-09 12:30:00+00:00,0,0,0,0,0,0
2018-09-09 13:00:00+00:00,0,0,0,0,0,0
2018-09-09 13:30:00+00:00,0,0,0,0,0,0
2018-09-09 14:00:00+00:00,0,0,0,0,0,0
2018-09-09 14:30:00+00:00,0,0,0,0,0,0
2018-09-09 15:00:00+00:00,0,0,0,0,0,0
2018-09-09 15:30:00+00:00,0,0,0,0,0,0
2018-09-09 16:00:00+00:00,0,0,0,0,0,0
2018-09-09 16:30:00+00:00,0,0,0,0,0,0
2018-09-09 17:00:00+00:00,0,0,0,0,0,0
2018-09-09 17:30:00+00:00,0,0,0,0,0,0
2018-09-09 18:00:00+00:00,0,0,0,0,0,0
2018-09-09 18:30:00+00:00,0,0,0,0,0,0
2018-09-09 19:00:00+00:00,0,0,0,0,0,0
2018-09-09 19:30:00+00:00,0,0,0,0,0,0
2018-09-09 20:00:00+00:00,0,0,0,0,0,0
2018-09-09 20:30:00+00:00,0,0,0,0,0,0
2018-09-09 21:00:00+00:00,0,0,0,0,0,0
2018-09-09 21:30:00+00:00,0,0,0,0,7,7
2018-09-09 22:00:00+00:00,0,0,0,0,0,0
2018-09-09 22:30:00+00:00,0,0,0,0,0,0
2018-09-09 23:00:00+00:00,0,0,0,0,0,0
2018-09-09 23:30:00+00:00,0,0,0,0,0,0
2018-09-10 00:00:00+00:00,0,0,0,0,0,0
2018-09-10 00:30:00+00:00,0,0,0,0,0,0
2018-09-10 01:00:00+00:00,0,0,0,0,0,0
2018-09-10 01:30:00+00:00,0,0,0,0,0,0
2018-09-10 02:00:00+00:00,0,0,0,0,0,0
2018-09-10 02:30:00+00:00,0,0,0,0,0,0
2018-09-10 03:00:00+00:00,0,0,0,0,0,0
2018-09-10 03:30:00+00:00,0,0,0,0,0,0
2018-09-10 04:00:00+00:00,0,0,0,0,0,0
2018-09-10 04:30:00+00:00,0,0,0,0,0,0
2018-09-10 05:00:00+00:00,0,0,3,0,0,3
2018-09-10 05:30:00+00:00,0,1,12,0,0,13
2018-09-10 06:00:00+00:00,0,3,14,0,0,17
2018-09-10 06:30:00+00:00,0,13,3,6,0,22
2018-09-10 07:00:00+00:00,0,12,14,25,0,51
2018-09-10 07:30:00+00:00,0,17,5,18,0,40
2018-09-10 08:00:00+00:00,0,43,5,3,0,51
2018-09-10 08:30:00+00:00,0,14,34,26,0,74
2018-09-10 09:00:00+00:00,0,5,23,18,0,46
2018-09-10 09:30:00+00:00,0,36,7,12,0,55
2018-09-10 10:00:00+00:00,0,1,9,6,0,16
2018-09-10 10:30:00+00:00,0,1,11,13,0,25
2018-09-10 11:00:00+00:00,0,2,17,36,0,55
2018-09-10 11:30:00+00:00,0,4,44,3,0,51
2018-09-10 12:00:00+00:00,0,0,26,16,0,42
2018-09-10 12:30:00+00:00,0,2,16,44,0,62
2018-09-10 13:00:00+00:00,0,24,9,13,0,46
2018-09-10 13:30:00+00:00,0,7,12,3,0,22
2018-09-10 14:00:00+00:00,0,3,4,4,0,11
2018-09-10 14:30:00+00:00,0,4,31,5,0,40
2018-09-10 15:00:00+00:00,0,6,23,7,0,36
2018-09-10 15:30:00+00:00,0,7,34,14,0,55
2018-09-10 16:00:00+00:00,0,3,2,0,0,5
2018-09-10 16:30:00+00:00,0,0,0,0,0,0
2018-09-10 17:00:00+00:00,0,0,1,0,0,1
2018-09-10 17:30:00+00:00,0,0,1,0,0,1
2018-09-10 18:00:00+00:00,0,0,0,0,0,0
2018-09-10 18:30:00+00:00,0,0,0,0,0,0
2018-09-10 19:00:00+00:00,0,0,0,0,0,0
2018-09-10 19:30:00+00:00,0,0,10,0,0,10
2018-09-10 20:00:00+00:00,0,0,0,0,0,0
2018-09-10 20:30:00+00:00,0,0,0,0,0,0
2018-09-10 21:00:00+00:00,0,0,0,0,0,0
2018-09-10 21:30:00+00:00,0,0,0,0,281,281
2018-09-10 22:00:00+00:00,0,0,0,0,0,0
2018-09-10 22:30:00+00:00,0,0,0,0,0,0
2018-09-10 23:00:00+00:00,0,0,0,0,0,0
2018-09-10 23:30:00+00:00,0,0,0,0,0,0
2018-09-11 00:00:00+00:00,0,0,0,0,0,0
2018-09-11 00:30:00+00:00,0,0,0,0,0,0
2018-09-11 01:00:00+00:00,0,0,0,0,0,0
2018-09-11 01:30:00+00:00,0,0,0,0,0,0
2018-09-11 02:00:00+00:00,0,0,0,0,0,0
2018-09-11 02:30:00+00:00,0,0,0,0,0,0
2018-09-11 03:00:00+00:00,0,0,0,0,0,0
2018-09-11 03:30:00+00:00,0,0,0,0,0,0
2018-09-11 04:00:00+00:00,0,0,0,0,0,0
2018-09-11 04:30:00+00:00,0,0,0,0,0,0
2018-09-11 05:00:00+00:00,0,0,3,0,0,3
2018-09-11 05:30:00+00:00,0,1,3,0,0,4
2018-09-11 06:00:00+00:00,0,0,12,0,0,12
2018-09-11 06:30:00+00:00,0,0,3,16,0,19
2018-09-11 07:00:00+00:00,0,11,2,29,0,42
2018-09-11 07:30:00+00:00,0,7,18,17,0,42
2018-09-11 08:00:00+00:00,0,10,5,16,0,31
2018-09-11 08:30:00+00:00,0,69,11,0,0,80
2018-09-11 09:00:00+00:00,0,15,14,0,0,29
2018-09-11 09:30:00+00:00,0,3,37,20,0,60
2018-09-11 10:00:00+00:00,0,13,9,115,0,137
2018-09-11 10:30:00+00:00,0,0,19,49,0,68
2018-09-11 11:00:00+00:00,23,8,34,15,0,80
2018-09-11 11:30:00+00:00,0,1,19,14,0,34
2018-09-11 12:00:00+00:00,0,21,23,33,0,77
2018-09-11 12:30:00+00:00,0,1,21,46,0,68
2018-09-11 13:00:00+00:00,0,23,5,63,0,91
2018-09-11 13:30:00+00:00,0,20,2,37,0,59
2018-09-11 14:00:00+00:00,66,17,2,50,0,135
2018-09-11 14:30:00+00:00,0,1,8,31,0,40
2018-09-11 15:00:00+00:00,0,1,0,25,0,26
2018-09-11 15:30:00+00:00,0,4,16,14,0,34
2018-09-11 16:00:00+00:00,0,0,5,15,0,20
2018-09-11 16:30:00+00:00,0,0,0,0,0,0
2018-09-11 17:00:00+00:00,0,0,3,0,0,3
2018-09-11 17:30:00+00:00,0,0,5,0,0,5
2018-09-11 18:00:00+00:00,0,0,0,0,0,0
2018-09-11 18:30:00+00:00,0,0,0,0,0,0
2018-09-11 19:00:00+00:00,0,0,12,0,0,12
2018-09-11 19:30:00+00:00,0,0,0,0,0,0
2018-09-11 20:00:00+00:00,0,0,2,0,0,2
2018-09-11 20:30:00+00:00,0,0,0,0,0,0
2018-09-11 21:00:00+00:00,0,0,0,0,0,0
2018-09-11 21:30:00+00:00,0,0,0,0,166,166
2018-09-11 22:00:00+00:00,0,0,0,0,0,0
2018-09-11 22:30:00+00:00,0,0,0,0,0,0
2018-09-11 23:00:00+00:00,0,0,0,0,0,0
2018-09-11 23:30:00+00:00,0,0,0,0,0,0
2018-09-12 00:00:00+00:00,0,0,0,0,0,0
2018-09-12 00:30:00+00:00,0,0,0,0,0,0
2018-09-12 01:00:00+00:00,0,0,0,0,0,0
2018-09-12 01:30:00+00:00,0,0,0,0,0,0
2018-09-12 02:00:00+00:00,0,0,0,0,0,0
2018-09-12 02:30:00+00:00,0,0,0,0,0,0
2018-09-12 03:00:00+00:00,0,0,0,2,0,2
2018-09-12 03:30:00+00:00,0,0,0,3,0,3
2018-09-12 04:00:00+00:00,0,0,1,11,0,12
2018-09-12 04:30:00+00:00,0,0,0,14,0,14
2018-09-12 05:00:00+00:00,0,0,5,32,0,37
2018-09-12 05:30:00+00:00,0,0,4,8,0,12
2018-09-12 06:00:00+00:00,0,0,3,0,0,3
2018-09-12 06:30:00+00:00,0,1,10,25,0,36
2018-09-12 07:00:00+00:00,0,11,9,15,0,35
2018-09-12 07:30:00+00:00,0,0,27,24,0,51
2018-09-12 08:00:00+00:00,0,1,6,12,0,19
2018-09-12 08:30:00+00:00,0,5,4,8,0,17
2018-09-12 09:00:00+00:00,0,4,36,10,0,50
2018-09-12 09:30:00+00:00,0,2,11,43,0,56
2018-09-12 10:00:00+00:00,0,0,11,32,0,43
2018-09-12 10:30:00+00:00,0,0,15,7,0,22
2018-09-12 11:00:00+00:00,0,2,15,62,0,79
2018-09-12 11:30:00+00:00,0,5,48,2,0,55
2018-09-12 12:00:00+00:00,0,0,25,10,0,35
2018-09-12 12:30:00+00:00,0,1,17,70,0,88
2018-09-12 13:00:00+00:00,0,12,4,62,0,78
2018-09-12 13:30:00+00:00,0,15,23,81,0,119
2018-09-12 14:00:00+00:00,0,12,14,53,0,79
2018-09-12 14:30:00+00:00,0,0,7,8,0,15
2018-09-12 15:00:00+00:00,0,0,0,0,0,0
2018-09-12 15:30:00+00:00,0,0,4,3,0,7
2018-09-12 16:00:00+00:00,0,0,5,0,0,5
2018-09-12 16:30:00+00:00,0,0,22,0,0,22
2018-09-12 17:00:00+00:00,0,0,0,0,0,0
2018-09-12 17:30:00+00:00,0,1,29,0,0,30
2018-09-12 18:00:00+00:00,0,0,1,0,0,1
2018-09-12 18:30:00+00:00,0,0,1,0,0,1
2018-09-12 19:00:00+00:00,0,0,0,0,0,0
2018-09-12 19:30:00+00:00,0,0,0,0,0,0
2018-09-12 20:00:00+00:00,0,0,1,0,0,1
2018-09-12 20:30:00+00:00,0,0,0,0,0,0
2018-09-12 21:00:00+00:00,0,0,0,0,0,0
2018-09-12 21:30:00+00:00,0,0,0,0,260,260
2018-09-12 22:00:00+00:00,0,0,0,0,0,0
2018-09-12 22:30:00+00:00,0,0,0,0,0,0
2018-09-12 23:00:00+00:00,0,0,0,0,0,0
2018-09-12 23:30:00+00:00,0,0,0,0,0,0
2018-09-13 00:00:00+00:00,0,0,0,0,0,0
2018-09-13 00:30:00+00:00,0,0,0,0,0,0
2018-09-13 01:00:00+00:00,0,0,0,0,0,0
2018-09-13 01:30:00+00:00,0,0,0,0,0,0
2018-09-13 02:00:00+00:00,0,0,0,0,0,0
2018-09-13 02:30:00+00:00,0,0,0,0,0,0
2018-09-13 03:00:00+00:00,0,0,0,0,0,0
2018-09-13 03:30:00+00:00,0,0,0,0,0,0
2018-09-13 04:00:00+00:00,0,0,0,0,0,0
2018-09-13 04:30:00+00:00,0,0,0,3,0,3
2018-09-13 05:00:00+00:00,0,0,1,4,0,5
2018-09-13 05:30:00+00:00,0,2,8,0,0,10
2018-09-13 06:00:00+00:00,0,0,4,0,0,4
2018-09-13 06:30:00+00:00,0,14,5,0,0,19
2018-09-13 07:00:00+00:00,0,18,3,6,0,27
2018-09-13 07:30:00+00:00,0,8,18,18,0,44
2018-09-13 08:00:00+00:00,0,24,37,1,0,62
2018-09-13 08:30:00+00:00,0,16,10,6,0,32
2018-09-13 09:00:00+00:00,0,1,8,8,0,17
2018-09-13 09:30:00+00:00,0,0,3,8,0,11
2018-09-13 10:00:00+00:00,0,0,18,7,0,25
2018-09-13 10:30:00+00:00,0,0,6,47,0,53
2018-09-13 11:00:00+00:00,0,1,6,69,0,76
2018-09-13 11:30:00+00:00,0,2,10,37,0,49
2018-09-13 12:00:00+00:00,0,3,6,56,0,65
2018-09-13 12:30:00+00:00,0,8,22,84,0,114
2018-09-13 13:00:00+00:00,0,16,2,18,0,36
2018-09-13 13:30:00+00:00,0,26,6,33,0,65
2018-09-13 14:00:00+00:00,0,2,14,31,0,47
2018-09-13 14:30:00+00:00,445,32,5,24,0,506
2018-09-13 15:00:00+00:00,0,3,0,17,0,20
2018-09-13 15:30:00+00:00,0,0,1,6,0,7
2018-09-13 16:00:00+00:00,0,0,1,0,0,1
2018-09-13 16:30:00+00:00,0,0,4,0,0,4
2018-09-13 17:00:00+00:00,0,0,0,10,0,10
2018-09-13 17:30:00+00:00,0,0,0,0,0,0
2018-09-13 18:00:00+00:00,0,0,1,0,0,1
2018-09-13 18:30:00+00:00,0,0,2,0,0,2
2018-09-13 19:00:00+00:00,0,0,0,0,0,0
2018-09-13 19:30:00+00:00,0,0,1,0,0,1
2018-09-13 20:00:00+00:00,0,0,1,0,0,1
2018-09-13 20:30:00+00:00,0,0,0,0,0,0
2018-09-13 21:00:00+00:00,0,2,0,0,0,2
2018-09-13 21:30:00+00:00,0,0,0,0,264,264
2018-09-13 22:00:00+00:00,0,1,0,0,0,1
2018-09-13 22:30:00+00:00,0,4,0,0,0,4
2018-09-13 23:00:00+00:00,0,0,0,0,0,0
2018-09-13 23:30:00+00:00,0,0,0,0,0,0
2018-09-14 00:00:00+00:00,0,0,0,0,0,0
2018-09-14 00:30:00+00:00,0,0,0,0,0,0
2018-09-14 01:00:00+00:00,0,0,0,0,0,0
2018-09-14 01:30:00+00:00,0,0,6,0,0,6
2018-09-14 02:00:00+00:00,0,0,0,27,0,27
2018-09-14 02:30:00+00:00,0,0,0,58,0,58
2018-09-14 03:00:00+00:00,0,0,0,57,0,57
2018-09-14 03:30:00+00:00,0,0,1,5,0,6
2018-09-14 04:00:00+00:00,0,0,4,6,0,10
2018-09-14 04:30:00+00:00,0,0,0,24,0,24
2018-09-14 05:00:00+00:00,0,0,6,77,0,83
2018-09-14 05:30:00+00:00,0,0,3,38,0,41
2018-09-14 06:00:00+00:00,0,14,22,42,0,78
2018-09-14 06:30:00+00:00,0,7,12,5,0,24
2018-09-14 07:00:00+00:00,0,1,13,26,0,40
2018-09-14 07:30:00+00:00,0,4,5,164,0,173
2018-09-14 08:00:00+00:00,0,1,30,5,0,36
2018-09-14 08:30:00+00:00,0,5,3,15,0,23
2018-09-14 09:00:00+00:00,0,24,10,28,0,62
2018-09-14 09:30:00+00:00,0,64,7,43,0,114
2018-09-14 10:00:00+00:00,0,12,5,56,0,73
2018-09-14 10:30:00+00:00,0,1,5,61,0,67
2018-09-14 11:00:00+00:00,2,1,62,1,0,66
2018-09-14 11:30:00+00:00,0,3,24,6,0,33
2018-09-14 12:00:00+00:00,0,0,16,3,0,19
2018-09-14 12:30:00+00:00,0,4,4,3,0,11
2018-09-14 13:00:00+00:00,0,0,9,9,0,18
2018-09-14 13:30:00+00:00,0,0,0,7,0,7
2018-09-14 14:00:00+00:00,0,13,1,7,0,21
2018-09-14 14:30:00+00:00,0,12,10,11,0,33
2018-09-14 15:00:00+00:00,0,0,13,1,0,14
2018-09-14 15:30:00+00:00,0,0,0,4,0,4
2018-09-14 16:00:00+00:00,0,0,0,0,0,0
2018-09-14 16:30:00+00:00,0,0,1,0,0,1
2018-09-14 17:00:00+00:00,0,0,0,0,0,0
2018-09-14 17:30:00+00:00,0,0,0,0,0,0
2018-09-14 18:00:00+00:00,0,0,0,0,0,0
2018-09-14 18:30:00+00:00,0,0,0,0,0,0
2018-09-14 19:00:00+00:00,0,0,0,0,0,0
2018-09-14 19:30:00+00:00,0,0,0,0,0,0
2018-09-14 20:00:00+00:00,0,0,6,0,0,6
2018-09-14 20:30:00+00:00,0,0,0,0,0,0
2018-09-14 21:00:00+00:00,0,0,0,0,0,0
2018-09-14 21:30:00+00:00,0,0,0,0,149,149
2018-09-14 22:00:00+00:00,0,0,0,0,0,0
2018-09-14 22:30:00+00:00,0,0,0,0,0,0
2018-09-14 23:00:00+00:00,0,0,0,0,0,0
2018-09-14 23:30:00+00:00,0,0,0,0,0,0
2018-09-15 00:00:00+00:00,0,0,0,0,0,0
2018-09-15 00:30:00+00:00,0,0,0,0,0,0
2018-09-15 01:00:00+00:00,0,0,0,0,0,0
2018-09-15 01:30:00+00:00,0,0,0,0,0,0
2018-09-15 02:00:00+00:00,0,0,23,0,0,23
2018-09-15 02:30:00+00:00,0,0,0,0,0,0
2018-09-15 03:00:00+00:00,0,0,0,0,0,0
2018-09-15 03:30:00+00:00,0,0,0,0,0,0
2018-09-15 04:00:00+00:00,0,0,0,0,0,0
2018-09-15 04:30:00+00:00,0,0,0,0,0,0
2018-09-15 05:00:00+00:00,0,0,0,0,0,0
2018-09-15 05:30:00+00:00,0,0,0,0,0,0
2018-09-15 06:00:00+00:00,0,0,0,0,0,0
2018-09-15 06:30:00+00:00,0,0,0,0,0,0
2018-09-15 07:00:00+00:00,0,0,0,0,0,0
2018-09-15 07:30:00+00:00,0,0,0,0,0,0
2018-09-15 08:00:00+00:00,0,0,0,0,0,0
2018-09-15 08:30:00+00:00,0,0,0,0,0,0
2018-09-15 09:00:00+00:00,0,0,0,0,0,0
2018-09-15 09:30:00+00:00,0,0,0,0,0,0
2018-09-15 10:00:00+00:00,0,0,0,0,0,0
2018-09-15 10:30:00+00:00,0,0,0,0,0,0
2018-09-15 11:00:00+00:00,0,0,0,0,0,0
2018-09-15 11:30:00+00:00,0,0,0,0,0,0
2018-09-15 12:00:00+00:00,0,0,0,0,0,0
2018-09-15 12:30:00+00:00,0,0,0,0,0,0
2018-09-15 13:00:00+00:00,0,0,0,0,0,0
2018-09-15 13:30:00+00:00,0,0,0,0,0,0
2018-09-15 14:00:00+00:00,0,0,0,0,0,0
2018-09-15 14:30:00+00:00,0,0,0,0,0,0
2018-09-15 15:00:00+00:00,0,0,0,0,0,0
2018-09-15 15:30:00+00:00,0,0,0,0,0,0
2018-09-15 16:00:00+00:00,0,0,0,0,0,0
2018-09-15 16:30:00+00:00,0,0,0,0,0,0
2018-09-15 17:00:00+00:00,0,0,0,0,0,0
2018-09-15 17:30:00+00:00,0,0,0,0,0,0
2018-09-15 18:00:00+00:00,0,0,0,0,0,0
2018-09-15 18:30:00+00:00,0,0,0,0,0,0
2018-09-15 19:00:00+00:00,0,0,0,0,0,0
2018-09-15 19:30:00+00:00,0,0,0,0,0,0
2018-09-15 20:00:00+00:00,0,0,0,0,0,0
2018-09-15 20:30:00+00:00,0,0,0,0,0,0
2018-09-15 21:00:00+00:00,0,0,0,0,0,0
2018-09-15 21:30:00+00:00,0,0,0,0,18,18
2018-09-15 22:00:00+00:00,0,0,0,0,0,0
2018-09-15 22:30:00+00:00,0,0,0,0,0,0
2018-09-15 23:00:00+00:00,0,0,0,0,0,0
2018-09-15 23:30:00+00:00,0,0,0,0,0,0
2018-09-16 00:00:00+00:00,0,0,0,0,0,0
2018-09-16 00:30:00+00:00,0,0,0,0,0,0
2018-09-16 01:00:00+00:00,0,0,0,0,0,0
2018-09-16 01:30:00+00:00,0,0,0,0,0,0
2018-09-16 02:00:00+00:00,0,0,0,0,0,0
2018-09-16 02:30:00+00:00,0,0,0,0,0,0
2018-09-16 03:00:00+00:00,0,0,0,0,0,0
2018-09-16 03:30:00+00:00,0,0,0,0,0,0
2018-09-16 04:00:00+00:00,0,0,0,0,0,0
2018-09-16 04:30:00+00:00,0,0,0,0,0,0
2018-09-16 05:00:00+00:00,0,0,0,0,0,0
2018-09-16 05:30:00+00:00,0,0,0,0,0,0
2018-09-16 06:00:00+00:00,0,0,0,0,0,0
2018-09-16 06:30:00+00:00,0,0,0,0,0,0
2018-09-16 07:00:00+00:00,0,0,0,0,0,0
2018-09-16 07:30:00+00:00,0,0,0,0,0,0
2018-09-16 08:00:00+00:00,0,0,0,0,0,0
2018-09-16 08:30:00+00:00,0,0,0,0,0,0
2018-09-16 09:00:00+00:00,0,0,0,0,0,0
2018-09-16 09:30:00+00:00,0,0,0,0,0,0
2018-09-16 10:00:00+00:00,0,0,0,0,0,0
2018-09-16 10:30:00+00:00,0,0,0,0,0,0
2018-09-16 11:00:00+00:00,0,0,0,0,0,0
2018-09-16 11:30:00+00:00,0,0,0,0,0,0
2018-09-16 12:00:00+00:00,0,0,0,0,0,0
2018-09-16 12:30:00+00:00,0,0,0,0,0,0
2018-09-16 13:00:00+00:00,0,0,0,0,0,0
2018-09-16 13:30:00+00:00,0,0,0,0,0,0
2018-09-16 14:00:00+00:00,0,0,0,0,0,0
2018-09-16 14:30:00+00:00,0,0,0,0,0,0
2018-09-16 15:00:00+00:00,0,0,0,0,0,0
2018-09-16 15:30:00+00:00,0,0,0,0,0,0
2018-09-16 16:00:00+00:00,0,0,0,0,0,0
2018-09-16 16:30:00+00:00,0,0,0,0,0,0
2018-09-16 17:00:00+00:00,0,0,0,0,0,0
2018-09-16 17:30:00+00:00,0,0,0,0,0,0
2018-09-16 18:00:00+00:00,0,0,0,0,0,0
2018-09-16 18:30:00+00:00,0,0,0,0,0,0
2018-09-16 19:00:00+00:00,0,0,0,0,0,0
2018-09-16 19:30:00+00:00,0,0,0,0,0,0
2018-09-16 20:00:00+00:00,0,0,0,0,0,0
2018-09-16 20:30:00+00:00,0,0,0,0,0,0
2018-09-16 21:00:00+00:00,0,0,0,0,0,0
2018-09-16 21:30:00+00:00,0,0,0,0,5,5
2018-09-16 22:00:00+00:00,0,0,0,0,0,0
2018-09-16 22:30:00+00:00,0,0,0,0,0,0
2018-09-16 23:00:00+00:00,0,0,0,0,0,0
2018-09-16 23:30:00+00:00,0,0,0,0,0,0
2018-09-17 00:00:00+00:00,0,0,0,0,0,0
2018-09-17 00:30:00+00:00,0,0,0,0,0,0
2018-09-17 01:00:00+00:00,0,0,0,0,0,0
2018-09-17 01:30:00+00:00,0,0,0,0,0,0
2018-09-17 02:00:00+00:00,0,0,0,0,0,0
2018-09-17 02:30:00+00:00,0,0,0,0,0,0
2018-09-17 03:00:00+00:00,0,0,0,0,0,0
2018-09-17 03:30:00+00:00,0,0,0,0,0,0
2018-09-17 04:00:00+00:00,0,0,0,0,0,0
2018-09-17 04:30:00+00:00,0,0,4,0,0,4
2018-09-17 05:00:00+00:00,0,0,11,0,0,11
2018-09-17 05:30:00+00:00,0,0,1,0,0,1
2018-09-17 06:00:00+00:00,0,4,2,0,0,6
2018-09-17 06:30:00+00:00,0,10,8,0,0,18
2018-09-17 07:00:00+00:00,0,3,8,6,0,17
2018-09-17 07:30:00+00:00,0,41,11,14,0,66
2018-09-17 08:00:00+00:00,26,8,7,0,0,41
2018-09-17 08:30:00+00:00,0,0,2,0,0,2
2018-09-17 09:00:00+00:00,0,3,7,1,0,11
2018-09-17 09:30:00+00:00,0,13,7,42,0,62
2018-09-17 10:00:00+00:00,0,2,20,34,0,56
2018-09-17 10:30:00+00:00,0,17,16,2,0,35
2018-09-17 11:00:00+00:00,0,0,18,3,0,21
2018-09-17 11:30:00+00:00,0,2,18,4,0,24
2018-09-17 12:00:00+00:00,0,33,2,5,0,40
2018-09-17 12:30:00+00:00,0,4,6,11,0,21
2018-09-17 13:00:00+00:00,0,6,15,21,0,42
2018-09-17 13:30:00+00:00,0,2,6,63,0,71
2018-09-17 14:00:00+00:00,0,0,2,39,0,41
2018-09-17 14:30:00+00:00,0,0,8,2,0,10
2018-09-17 15:00:00+00:00,0,1,12,12,0,25
2018-09-17 15:30:00+00:00,0,0,1,11,0,12
2018-09-17 16:00:00+00:00,0,0,19,0,0,19
2018-09-17 16:30:00+00:00,0,0,0,0,0,0
2018-09-17 17:00:00+00:00,0,0,4,0,0,4
2018-09-17 17:30:00+00:00,0,0,0,0,0,0
2018-09-17 18:00:00+00:00,0,0,1,0,0,1
2018-09-17 18:30:00+00:00,0,0,0,0,0,0
2018-09-17 19:00:00+00:00,0,0,0,0,0,0
2018-09-17 19:30:00+00:00,0,0,0,0,0,0
2018-09-17 20:00:00+00:00,0,0,3,0,0,3
2018-09-17 20:30:00+00:00,0,0,0,0,0,0
2018-09-17 21:00:00+00:00,0,0,0,0,0,0
2018-09-17 21:30:00+00:00,0,0,0,0,139,139
2018-09-17 22:00:00+00:00,0,0,16,0,0,16
2018-09-17 22:30:00+00:00,0,0,0,0,0,0
2018-09-17 23:00:00+00:00,0,0,0,0,0,0
2018-09-17 23:30:00+00:00,0,0,0,0,0,0
2018-09-18 00:00:00+00:00,0,0,0,0,0,0
2018-09-18 00:30:00+00:00,0,0,0,0,0,0
2018-09-18 01:00:00+00:00,0,0,0,0,0,0
2018-09-18 01:30:00+00:00,0,0,0,0,0,0
2018-09-18 02:00:00+00:00,0,0,0,0,0,0
2018-09-18 02:30:00+00:00,0,0,0,0,0,0
2018-09-18 03:00:00+00:00,0,0,0,0,0,0
2018-09-18 03:30:00+00:00,0,0,0,0,0,0
2018-09-18 04:00:00+00:00,0,0,0,15,0,15
2018-09-18 04:30:00+00:00,0,0,4,23,0,27
2018-09-18 05:00:00+00:00,0,0,2,2,0,4
2018-09-18 05:30:00+00:00,0,0,8,19,0,27
2018-09-18 06:00:00+00:00,0,1,5,16,0,22
2018-09-18 06:30:00+00:00,0,4,1,0,0,5
2018-09-18 07:00:00+00:00,0,4,3,12,0,19
2018-09-18 07:30:00+00:00,0,0,5,1,0,6
2018-09-18 08:00:00+00:00,0,57,24,12,0,93
2018-09-18 08:30:00+00:00,0,6,12,13,0,31
2018-09-18 09:00:00+00:00,0,6,1,12,0,19
2018-09-18 09:30:00+00:00,0,23,3,18,0,44
2018-09-18 10:00:00+00:00,0,12,14,44,0,70
2018-09-18 10:30:00+00:00,0,0,6,6,0,12
2018-09-18 11:00:00+00:00,0,28,27,21,0,76
2018-09-18 11:30:00+00:00,0,1,4,42,0,47
2018-09-18 12:00:00+00:00,0,0,9,24,0,33
2018-09-18 12:30:00+00:00,0,17,14,43,0,74
2018-09-18 13:00:00+00:00,0,6,8,64,0,78
2018-09-18 13:30:00+00:00,0,1,2,9,0,12
2018-09-18 14:00:00+00:00,0,0,10,5,0,15
2018-09-18 14:30:00+00:00,0,2,3,7,0,12
2018-09-18 15:00:00+00:00,0,0,9,11,0,20
2018-09-18 15:30:00+00:00,0,0,4,2,0,6
2018-09-18 16:00:00+00:00,0,0,9,2,0,11
2018-09-18 16:30:00+00:00,0,0,5,0,0,5
2018-09-18 17:00:00+00:00,0,0,2,0,0,2
2018-09-18 17:30:00+00:00,0,0,0,0,0,0
2018-09-18 18:00:00+00:00,0,0,0,0,0,0
2018-09-18 18:30:00+00:00,0,0,0,0,0,0
2018-09-18 19:00:00+00:00,0,0,0,0,0,0
2018-09-18 19:30:00+00:00,0,0,0,0,0,0
2018-09-18 20:00:00+00:00,0,0,0,0,0,0
2018-09-18 20:30:00+00:00,0,0,0,0,0,0
2018-09-18 21:00:00+00:00,0,0,0,0,0,0
2018-09-18 21:30:00+00:00,0,0,0,0,100,100
2018-09-18 22:00:00+00:00,0,0,0,0,0,0
2018-09-18 22:30:00+00:00,0,0,0,0,0,0
2018-09-18 23:00:00+00:00,0,0,0,0,0,0
2018-09-18 23:30:00+00:00,0,0,0,0,0,0
2018-09-19 00:00:00+00:00,0,0,0,0,0,0
2018-09-19 00:30:00+00:00,0,0,0,0,0,0
2018-09-19 01:00:00+00:00,0,0,0,0,0,0
2018-09-19 01:30:00+00:00,0,0,0,0,0,0
2018-09-19 02:00:00+00:00,0,0,0,0,0,0
2018-09-19 02:30:00+00:00,0,0,0,0,0,0
2018-09-19 03:00:00+00:00,0,0,0,0,0,0
2018-09-19 03:30:00+00:00,0,0,0,0,0,0
2018-09-19 04:00:00+00:00,0,0,0,10,0,10
2018-09-19 04:30:00+00:00,0,0,0,2,0,2
2018-09-19 05:00:00+00:00,0,0,2,0,0,2
2018-09-19 05:30:00+00:00,0,0,3,12,0,15
2018-09-19 06:00:00+00:00,0,2,11,1,0,14
2018-09-19 06:30:00+00:00,0,0,6,10,0,16
2018-09-19 07:00:00+00:00,0,13,6,60,0,79
2018-09-19 07:30:00+00:00,0,2,1,19,0,22
2018-09-19 08:00:00+00:00,0,10,3,46,0,59
2018-09-19 08:30:00+00:00,0,3,58,4,0,65
2018-09-19 09:00:00+00:00,0,6,2,1,0,9
2018-09-19 09:30:00+00:00,0,0,10,15,0,25
2018-09-19 10:00:00+00:00,0,4,4,27,0,35
2018-09-19 10:30:00+00:00,2,9,13,55,0,79
2018-09-19 11:00:00+00:00,0,17,10,11,0,38
2018-09-19 11:30:00+00:00,0,3,22,17,0,42
2018-09-19 12:00:00+00:00,0,17,3,10,0,30
2018-09-19 12:30:00+00:00,0,2,1,21,0,24
2018-09-19 13:00:00+00:00,0,5,1,5,0,11
2018-09-19 13:30:00+00:00,0,0,13,11,0,24
2018-09-19 14:00:00+00:00,0,0,0,4,0,4
2018-09-19 14:30:00+00:00,0,0,10,4,0,14
2018-09-19 15:00:00+00:00,0,0,1,0,0,1
2018-09-19 15:30:00+00:00,0,7,3,0,0,10
2018-09-19 16:00:00+00:00,0,2,0,0,0,2
2018-09-19 16:30:00+00:00,0,0,0,0,0,0
2018-09-19 17:00:00+00:00,0,0,0,0,0,0
2018-09-19 17:30:00+00:00,0,0,0,0,0,0
2018-09-19 18:00:00+00:00,0,0,8,0,0,8
2018-09-19 18:30:00+00:00,0,0,4,0,0,4
2018-09-19 19:00:00+00:00,0,0,0,0,0,0
2018-09-19 19:30:00+00:00,0,0,0,0,0,0
2018-09-19 20:00:00+00:00,0,0,0,0,0,0
2018-09-19 20:30:00+00:00,0,0,0,0,0,0
2018-09-19 21:00:00+00:00,0,0,0,0,0,0
2018-09-19 21:30:00+00:00,0,0,0,0,110,110
2018-09-19 22:00:00+00:00,0,0,0,0,0,0
2018-09-19 22:30:00+00:00,0,0,0,0,0,0
2018-09-19 23:00:00+00:00,0,0,0,0,0,0
2018-09-19 23:30:00+00:00,0,0,0,0,0,0
2018-09-20 00:00:00+00:00,0,0,0,0,0,0
2018-09-20 00:30:00+00:00,0,0,0,0,0,0
2018-09-20 01:00:00+00:00,0,0,0,0,0,0
2018-09-20 01:30:00+00:00,0,0,0,0,0,0
2018-09-20 02:00:00+00:00,0,0,0,0,0,0
2018-09-20 02:30:00+00:00,0,0,0,0,0,0
2018-09-20 03:00:00+00:00,0,0,0,0,0,0
2018-09-20 03:30:00+00:00,0,0,0,0,0,0
2018-09-20 04:00:00+00:00,0,0,3,2,0,5
2018-09-20 04:30:00+00:00,0,0,0,8,0,8
2018-09-20 05:00:00+00:00,0,0,0,0,0,0
2018-09-20 05:30:00+00:00,0,0,13,5,0,18
2018-09-20 06:00:00+00:00,0,5,1,1,0,7
2018-09-20 06:30:00+00:00,0,16,6,25,0,47
2018-09-20 07:00:00+00:00,0,19,9,26,0,54
2018-09-20 07:30:00+00:00,0,11,2,7,0,20
2018-09-20 08:00:00+00:00,0,10,6,23,0,39
2018-09-20 08:30:00+00:00,0,1,4,19,0,24
2018-09-20 09:00:00+00:00,0,16,32,44,0,92
2018-09-20 09:30:00+00:00,0,19,1,74,0,94
2018-09-20 10:00:00+00:00,0,18,20,22,0,60
2018-09-20 10:30:00+00:00,0,0,6,23,0,29
2018-09-20 11:00:00+00:00,0,1,13,8,0,22
2018-09-20 11:30:00+00:00,0,0,2,33,0,35
2018-09-20 12:00:00+00:00,0,8,0,12,0,20
2018-09-20 12:30:00+00:00,0,1,3,22,0,26
2018-09-20 13:00:00+00:00,0,16,7,35,0,58
2018-09-20 13:30:00+00:00,0,3,2,27,0,32
2018-09-20 14:00:00+00:00,517,17,6,37,0,577
2018-09-20 14:30:00+00:00,0,0,5,5,0,10
2018-09-20 15:00:00+00:00,0,0,0,2,0,2
2018-09-20 15:30:00+00:00,0,0,3,1,0,4
2018-09-20 16:00:00+00:00,0,0,0,0,0,0
2018-09-20 16:30:00+00:00,0,0,2,0,0,2
2018-09-20 17:00:00+00:00,0,0,29,0,0,29
2018-09-20 17:30:00+00:00,0,0,1,0,0,1
2018-09-20 18:00:00+00:00,0,0,0,0,0,0
2018-09-20 18:30:00+00:00,0,0,0,0,0,0
2018-09-20 19:00:00+00:00,0,0,0,0,0,0
2018-09-20 19:30:00+00:00,0,0,0,0,0,0
2018-09-20 20:00:00+00:00,0,0,0,0,0,0
2018-09-20 20:30:00+00:00,0,0,0,0,0,0
2018-09-20 21:00:00+00:00,0,0,0,0,0,0
2018-09-20 21:30:00+00:00,0,0,0,0,260,260
2018-09-20 22:00:00+00:00,0,0,0,0,0,0
2018-09-20 22:30:00+00:00,0,0,0,0,0,0
2018-09-20 23:00:00+00:00,0,0,0,0,0,0
2018-09-20 23:30:00+00:00,0,0,0,0,0,0
2018-09-21 00:00:00+00:00,0,0,0,0,0,0
2018-09-21 00:30:00+00:00,0,0,0,0,0,0
2018-09-21 01:00:00+00:00,0,0,0,0,0,0
2018-09-21 01:30:00+00:00,0,0,0,0,0,0
2018-09-21 02:00:00+00:00,0,0,0,0,0,0
2018-09-21 02:30:00+00:00,0,0,0,0,0,0
2018-09-21 03:00:00+00:00,0,0,0,0,0,0
2018-09-21 03:30:00+00:00,0,0,0,1,0,1
2018-09-21 04:00:00+00:00,0,0,0,5,0,5
2018-09-21 04:30:00+00:00,0,0,4,5,0,9
2018-09-21 05:00:00+00:00,0,0,0,2,0,2
2018-09-21 05:30:00+00:00,0,0,5,2,0,7
2018-09-21 06:00:00+00:00,0,1,3,5,0,9
2018-09-21 06:30:00+00:00,0,0,10,0,0,10
2018-09-21 07:00:00+00:00,0,5,4,33,0,42
2018-09-21 07:30:00+00:00,0,15,8,9,0,32
2018-09-21 08:00:00+00:00,0,1,7,1,0,9
2018-09-21 08:30:00+00:00,0,0,18,0,0,18
2018-09-21 09:00:00+00:00,0,22,13,3,0,38
2018-09-21 09:30:00+00:00,0,19,4,13,0,36
2018-09-21 10:00:00+00:00,0,5,9,0,0,14
2018-09-21 10:30:00+00:00,0,21,11,0,0,32
2018-09-21 11:00:00+00:00,0,1,4,11,0,16
2018-09-21 11:30:00+00:00,0,1,5,13,0,19
2018-09-21 12:00:00+00:00,6,6,1,14,0,27
2018-09-21 12:30:00+00:00,0,15,1,8,0,24
2018-09-21 13:00:00+00:00,0,0,3,8,0,11
2018-09-21 13:30:00+00:00,0,4,3,19,0,26
2018-09-21 14:00:00+00:00,0,1,3,18,0,22
2018-09-21 14:30:00+00:00,0,1,14,3,0,18
2018-09-21 15:00:00+00:00,0,0,0,3,0,3
2018-09-21 15:30:00+00:00,0,0,46,48,0,94
2018-09-21 16:00:00+00:00,0,0,17,18,0,35
2018-09-21 16:30:00+00:00,0,0,3,0,0,3
2018-09-21 17:00:00+00:00,0,0,0,0,0,0
2018-09-21 17:30:00+00:00,0,0,0,0,0,0
2018-09-21 18:00:00+00:00,0,0,35,0,0,35
2018-09-21 18:30:00+00:00,0,0,0,0,0,0
2018-09-21 19:00:00+00:00,0,0,0,0,0,0
2018-09-21 19:30:00+00:00,0,0,0,0,0,0
2018-09-21 20:00:00+00:00,0,0,0,0,0,0
2018-09-21 20:30:00+00:00,0,0,0,0,0,0
2018-09-21 21:00:00+00:00,0,0,0,0,0,0
2018-09-21 21:30:00+00:00,0,0,0,0,134,134
2018-09-21 22:00:00+00:00,0,0,0,0,0,0
2018-09-21 22:30:00+00:00,0,0,0,0,0,0
2018-09-21 23:00:00+00:00,0,0,0,0,0,0
2018-09-21 23:30:00+00:00,0,0,0,0,0,0
2018-09-22 00:00:00+00:00,0,0,0,0,0,0
2018-09-22 00:30:00+00:00,0,0,0,0,0,0
2018-09-22 01:00:00+00:00,0,0,0,0,0,0
2018-09-22 01:30:00+00:00,0,0,0,0,0,0
2018-09-22 02:00:00+00:00,0,0,0,0,0,0
2018-09-22 02:30:00+00:00,0,0,0,0,0,0
2018-09-22 03:00:00+00:00,0,0,0,0,0,0
2018-09-22 03:30:00+00:00,0,0,0,0,0,0
2018-09-22 04:00:00+00:00,0,0,0,0,0,0
2018-09-22 04:30:00+00:00,0,0,0,0,0,0
2018-09-22 05:00:00+00:00,0,0,0,0,0,0
2018-09-22 05:30:00+00:00,0,0,0,0,0,0
2018-09-22 06:00:00+00:00,0,0,0,0,0,0
2018-09-22 06:30:00+00:00,0,0,0,0,0,0
2018-09-22 07:00:00+00:00,0,0,0,0,0,0
2018-09-22 07:30:00+00:00,0,0,0,0,0,0
2018-09-22 08:00:00+00:00,0,0,0,0,0,0
2018-09-22 08:30:00+00:00,0,0,0,0,0,0
2018-09-22 09:00:00+00:00,0,0,0,0,0,0
2018-09-22 09:30:00+00:00,0,0,0,0,0,0
2018-09-22 10:00:00+00:00,0,0,0,0,0,0
2018-09-22 10:30:00+00:00,0,0,0,0,0,0
2018-09-22 11:00:00+00:00,0,0,0,0,0,0
2018-09-22 11:30:00+00:00,0,0,0,0,0,0
2018-09-22 12:00:00+00:00,0,0,0,0,0,0
2018-09-22 12:30:00+00:00,0,0,0,0,0,0
2018-09-22 13:00:00+00:00,0,0,0,0,0,0
2018-09-22 13:30:00+00:00,0,0,0,0,0,0
2018-09-22 14:00:00+00:00,0,0,0,0,0,0
2018-09-22 14:30:00+00:00,0,0,0,0,0,0
2018-09-22 15:00:00+00:00,0,0,0,0,0,0
2018-09-22 15:30:00+00:00,0,0,0,0,0,0
2018-09-22 16:00:00+00:00,0,0,0,0,0,0
2018-09-22 16:30:00+00:00,0,0,0,0,0,0
2018-09-22 17:00:00+00:00,0,0,0,0,0,0
2018-09-22 17:30:00+00:00,0,0,0,0,0,0
2018-09-22 18:00:00+00:00,0,0,0,0,0,0
2018-09-22 18:30:00+00:00,0,0,0,0,0,0
2018-09-22 19:00:00+00:00,0,0,0,0,0,0
2018-09-22 19:30:00+00:00,0,0,0,0,0,0
2018-09-22 20:00:00+00:00,0,0,0,0,0,0
2018-09-22 20:30:00+00:00,0,0,0,0,0,0
2018-09-22 21:00:00+00:00,0,0,0,0,0,0
2018-09-22 21:30:00+00:00,0,0,0,0,63,63
2018-09-22 22:00:00+00:00,0,0,0,0,0,0
2018-09-22 22:30:00+00:00,0,0,0,0,0,0
2018-09-22 23:00:00+00:00,0,0,0,0,0,0
2018-09-22 23:30:00+00:00,0,0,0,0,0,0
2018-09-23 00:00:00+00:00,0,0,0,0,0,0
2018-09-23 00:30:00+00:00,0,0,0,0,0,0
2018-09-23 01:00:00+00:00,0,0,0,0,0,0
2018-09-23 01:30:00+00:00,0,0,0,0,0,0
2018-09-23 02:00:00+00:00,0,0,0,0,0,0
2018-09-23 02:30:00+00:00,0,0,0,0,0,0
2018-09-23 03:00:00+00:00,0,0,0,0,0,0
2018-09-23 03:30:00+00:00,0,0,0,0,0,0
2018-09-23 04:00:00+00:00,0,0,0,0,0,0
2018-09-23 04:30:00+00:00,0,0,0,0,0,0
2018-09-23 05:00:00+00:00,0,0,0,0,0,0
2018-09-23 05:30:00+00:00,0,0,0,0,0,0
2018-09-23 06:00:00+00:00,0,0,0,0,0,0
2018-09-23 06:30:00+00:00,0,0,0,0,0,0
2018-09-23 07:00:00+00:00,0,0,0,0,0,0
2018-09-23 07:30:00+00:00,0,0,0,0,0,0
2018-09-23 08:00:00+00:00,0,0,0,0,0,0
2018-09-23 08:30:00+00:00,0,0,0,0,0,0
2018-09-23 09:00:00+00:00,0,0,0,0,0,0
2018-09-23 09:30:00+00:00,0,0,0,0,0,0
2018-09-23 10:00:00+00:00,0,0,0,0,0,0
2018-09-23 10:30:00+00:00,0,0,0,0,0,0
2018-09-23 11:00:00+00:00,0,0,0,0,0,0
2018-09-23 11:30:00+00:00,0,0,0,0,0,0
2018-09-23 12:00:00+00:00,0,0,0,0,0,0
2018-09-23 12:30:00+00:00,0,0,0,0,0,0
2018-09-23 13:00:00+00:00,0,0,0,0,0,0
2018-09-23 13:30:00+00:00,0,0,0,0,0,0
2018-09-23 14:00:00+00:00,0,0,0,0,0,0
2018-09-23 14:30:00+00:00,0,0,0,0,0,0
2018-09-23 15:00:00+00:00,0,0,0,0,0,0
2018-09-23 15:30:00+00:00,0,0,0,0,0,0
2018-09-23 16:00:00+00:00,0,0,0,0,0,0
2018-09-23 16:30:00+00:00,0,0,0,0,0,0
2018-09-23 17:00:00+00:00,0,0,0,0,0,0
2018-09-23 17:30:00+00:00,0,0,0,0,0,0
2018-09-23 18:00:00+00:00,0,0,0,0,0,0
2018-09-23 18:30:00+00:00,0,0,0,0,0,0
2018-09-23 19:00:00+00:00,0,0,0,0,0,0
2018-09-23 19:30:00+00:00,0,0,0,0,0,0
2018-09-23 20:00:00+00:00,0,0,0,0,0,0
2018-09-23 20:30:00+00:00,0,0,0,0,0,0
2018-09-23 21:00:00+00:00,0,0,0,0,0,0
2018-09-23 21:30:00+00:00,0,0,0,0,0,0
2018-09-23 22:00:00+00:00,0,0,25,0,0,25
2018-09-23 22:30:00+00:00,0,0,0,0,0,0
2018-09-23 23:00:00+00:00,0,0,0,0,0,0
2018-09-23 23:30:00+00:00,0,0,0,0,0,0
2018-09-24 00:00:00+00:00,0,0,0,0,0,0
2018-09-24 00:30:00+00:00,0,0,0,0,0,0
2018-09-24 01:00:00+00:00,0,0,0,0,0,0
2018-09-24 01:30:00+00:00,0,0,0,0,0,0
2018-09-24 02:00:00+00:00,0,0,0,0,0,0
2018-09-24 02:30:00+00:00,0,0,0,0,0,0
2018-09-24 03:00:00+00:00,0,0,0,0,0,0
2018-09-24 03:30:00+00:00,0,0,0,0,0,0
2018-09-24 04:00:00+00:00,0,0,0,0,0,0
2018-09-24 04:30:00+00:00,0,0,0,0,0,0
2018-09-24 05:00:00+00:00,0,0,0,0,0,0
2018-09-24 05:30:00+00:00,0,2,2,0,0,4
2018-09-24 06:00:00+00:00,0,22,2,0,0,24
2018-09-24 06:30:00+00:00,0,15,1,0,0,16
2018-09-24 07:00:00+00:00,0,11,10,1,0,22
2018-09-24 07:30:00+00:00,0,5,9,5,0,19
2018-09-24 08:00:00+00:00,0,5,7,0,0,12
2018-09-24 08:30:00+00:00,0,2,10,0,0,12
2018-09-24 09:00:00+00:00,0,5,31,5,0,41
2018-09-24 09:30:00+00:00,0,10,10,5,0,25
2018-09-24 10:00:00+00:00,0,2,2,1,0,5
2018-09-24 10:30:00+00:00,0,0,3,7,0,10
2018-09-24 11:00:00+00:00,0,0,4,5,0,9
2018-09-24 11:30:00+00:00,0,1,32,9,0,42
2018-09-24 12:00:00+00:00,0,1,14,0,0,15
2018-09-24 12:30:00+00:00,0,3,16,9,0,28
2018-09-24 13:00:00+00:00,0,0,0,6,0,6
2018-09-24 13:30:00+00:00,0,10,30,28,0,68
2018-09-24 14:00:00+00:00,0,4,9,7,0,20
2018-09-24 14:30:00+00:00,0,0,0,0,0,0
2018-09-24 15:00:00+00:00,0,8,0,5,0,13
2018-09-24 15:30:00+00:00,0,0,3,52,0,55
2018-09-24 16:00:00+00:00,0,0,3,1,0,4
2018-09-24 16:30:00+00:00,0,0,0,0,0,0
2018-09-24 17:00:00+00:00,0,0,0,0,0,0
2018-09-24 17:30:00+00:00,0,0,0,0,0,0
2018-09-24 18:00:00+00:00,0,0,0,0,0,0
2018-09-24 18:30:00+00:00,0,0,7,0,0,7
2018-09-24 19:00:00+00:00,0,0,10,0,0,10
2018-09-24 19:30:00+00:00,0,0,0,0,0,0
2018-09-24 20:00:00+00:00,0,0,1,0,0,1
2018-09-24 20:30:00+00:00,0,0,0,0,0,0
2018-09-24 21:00:00+00:00,0,0,0,0,0,0
2018-09-24 21:30:00+00:00,0,0,0,0,138,138
2018-09-24 22:00:00+00:00,0,0,0,0,0,0
2018-09-24 22:30:00+00:00,0,0,0,0,0,0
2018-09-24 23:00:00+00:00,0,0,0,0,0,0
2018-09-24 23:30:00+00:00,0,0,0,0,0,0
2018-09-25 00:00:00+00:00,0,0,0,0,0,0
2018-09-25 00:30:00+00:00,0,0,0,0,0,0
2018-09-25 01:00:00+00:00,0,0,0,0,0,0
2018-09-25 01:30:00+00:00,0,0,0,0,0,0
2018-09-25 02:00:00+00:00,0,0,0,0,0,0
2018-09-25 02:30:00+00:00,0,0,0,0,0,0
2018-09-25 03:00:00+00:00,0,0,0,0,0,0
2018-09-25 03:30:00+00:00,0,0,0,11,0,11
2018-09-25 04:00:00+00:00,0,0,0,0,0,0
2018-09-25 04:30:00+00:00,0,0,0,0,0,0
2018-09-25 05:00:00+00:00,0,0,0,0,0,0
2018-09-25 05:30:00+00:00,0,0,0,0,0,0
2018-09-25 06:00:00+00:00,0,0,1,0,0,1
2018-09-25 06:30:00+00:00,0,18,3,109,0,130
2018-09-25 07:00:00+00:00,0,3,5,18,0,26
2018-09-25 07:30:00+00:00,0,2,9,3,0,14
2018-09-25 08:00:00+00:00,0,35,3,3,0,41
2018-09-25 08:30:00+00:00,0,2,2,3,0,7
2018-09-25 09:00:00+00:00,0,3,0,2,0,5
2018-09-25 09:30:00+00:00,0,1,6,15,0,22
2018-09-25 10:00:00+00:00,0,12,2,13,0,27
2018-09-25 10:30:00+00:00,0,8,10,20,0,38
2018-09-25 11:00:00+00:00,0,2,33,24,0,59
2018-09-25 11:30:00+00:00,0,10,21,0,0,31
2018-09-25 12:00:00+00:00,0,16,17,5,0,38
2018-09-25 12:30:00+00:00,0,1,2,24,0,27
2018-09-25 13:00:00+00:00,0,4,5,17,0,26
2018-09-25 13:30:00+00:00,0,32,4,19,0,55
2018-09-25 14:00:00+00:00,0,1,2,19,0,22
2018-09-25 14:30:00+00:00,0,1,0,4,0,5
2018-09-25 15:00:00+00:00,0,1,3,3,0,7
2018-09-25 15:30:00+00:00,0,0,1,7,0,8
2018-09-25 16:00:00+00:00,0,0,0,0,0,0
2018-09-25 16:30:00+00:00,0,0,12,0,0,12
2018-09-25 17:00:00+00:00,0,0,0,0,0,0
2018-09-25 17:30:00+00:00,0,0,3,0,0,3
2018-09-25 18:00:00+00:00,0,0,21,0,0,21
2018-09-25 18:30:00+00:00,0,0,0,0,0,0
2018-09-25 19:00:00+00:00,0,0,0,0,0,0
2018-09-25 19:30:00+00:00,0,0,0,0,0,0
2018-09-25 20:00:00+00:00,0,0,0,0,0,0
2018-09-25 20:30:00+00:00,0,0,1,0,0,1
2018-09-25 21:00:00+00:00,0,0,0,0,0,0
2018-09-25 21:30:00+00:00,0,0,0,0,87,87
2018-09-25 22:00:00+00:00,0,0,0,0,0,0
2018-09-25 22:30:00+00:00,0,0,0,0,0,0
2018-09-25 23:00:00+00:00,0,0,0,0,0,0
2018-09-25 23:30:00+00:00,0,0,0,0,0,0
2018-09-26 00:00:00+00:00,0,0,0,0,0,0
2018-09-26 00:30:00+00:00,0,0,0,0,0,0
2018-09-26 01:00:00+00:00,0,0,0,0,0,0
2018-09-26 01:30:00+00:00,0,0,0,0,0,0
2018-09-26 02:00:00+00:00,0,0,0,0,0,0
2018-09-26 02:30:00+00:00,0,0,0,0,0,0
2018-09-26 03:00:00+00:00,0,0,0,0,0,0
2018-09-26 03:30:00+00:00,0,0,0,0,0,0
2018-09-26 04:00:00+00:00,0,0,0,0,0,0
2018-09-26 04:30:00+00:00,0,0,0,1,0,1
2018-09-26 05:00:00+00:00,0,0,10,1,0,11
2018-09-26 05:30:00+00:00,0,1,0,2,0,3
2018-09-26 06:00:00+00:00,0,0,5,7,0,12
2018-09-26 06:30:00+00:00,0,0,19,5,0,24
2018-09-26 07:00:00+00:00,0,0,18,4,0,22
2018-09-26 07:30:00+00:00,0,2,9,6,0,17
2018-09-26 08:00:00+00:00,0,3,12,0,0,15
2018-09-26 08:30:00+00:00,0,3,3,12,0,18
2018-09-26 09:00:00+00:00,0,1,27,4,0,32
2018-09-26 09:30:00+00:00,0,10,1,14,0,25
2018-09-26 10:00:00+00:00,0,1,21,6,0,28
2018-09-26 10:30:00+00:00,0,3,2,0,0,5
2018-09-26 11:00:00+00:00,0,7,1,19,0,27
2018-09-26 11:30:00+00:00,0,1,42,11,0,54
2018-09-26 12:00:00+00:00,0,1,8,15,0,24
2018-09-26 12:30:00+00:00,0,0,19,46,0,65
2018-09-26 13:00:00+00:00,0,16,13,81,0,110
2018-09-26 13:30:00+00:00,0,0,6,66,0,72
2018-09-26 14:00:00+00:00,0,0,10,84,0,94
2018-09-26 14:30:00+00:00,0,1,4,53,0,58
2018-09-26 15:00:00+00:00,0,4,0,4,0,8
2018-09-26 15:30:00+00:00,0,0,5,3,0,8
2018-09-26 16:00:00+00:00,0,0,2,0,0,2
2018-09-26 16:30:00+00:00,0,0,17,0,0,17
2018-09-26 17:00:00+00:00,0,0,0,0,0,0
2018-09-26 17:30:00+00:00,0,0,0,0,0,0
2018-09-26 18:00:00+00:00,0,0,2,0,0,2
2018-09-26 18:30:00+00:00,0,0,0,0,0,0
2018-09-26 19:00:00+00:00,0,0,0,0,0,0
2018-09-26 19:30:00+00:00,0,0,0,0,0,0
2018-09-26 20:00:00+00:00,0,0,0,0,0,0
2018-09-26 20:30:00+00:00,0,0,0,0,0,0
2018-09-26 21:00:00+00:00,0,0,0,0,0,0
2018-09-26 21:30:00+00:00,0,0,0,0,262,262
2018-09-26 22:00:00+00:00,0,0,0,0,0,0
2018-09-26 22:30:00+00:00,0,0,0,0,0,0
2018-09-26 23:00:00+00:00,0,0,0,0,0,0
2018-09-26 23:30:00+00:00,0,0,0,0,0,0
2018-09-27 00:00:00+00:00,0,0,0,0,0,0
2018-09-27 00:30:00+00:00,0,0,0,0,0,0
2018-09-27 01:00:00+00:00,0,0,0,0,0,0
2018-09-27 01:30:00+00:00,0,0,0,0,0,0
2018-09-27 02:00:00+00:00,0,0,0,0,0,0
2018-09-27 02:30:00+00:00,0,0,0,0,0,0
2018-09-27 03:00:00+00:00,0,0,0,0,0,0
2018-09-27 03:30:00+00:00,0,0,0,0,0,0
2018-09-27 04:00:00+00:00,0,0,1,0,0,1
2018-09-27 04:30:00+00:00,0,0,4,0,0,4
2018-09-27 05:00:00+00:00,0,3,3,0,0,6
2018-09-27 05:30:00+00:00,0,1,11,0,0,12
2018-09-27 06:00:00+00:00,0,1,4,5,0,10
2018-09-27 06:30:00+00:00,0,7,2,12,0,21
2018-09-27 07:00:00+00:00,0,3,2,12,0,17
2018-09-27 07:30:00+00:00,0,3,16,27,0,46
2018-09-27 08:00:00+00:00,14,20,8,0,0,42
2018-09-27 08:30:00+00:00,0,1,43,0,0,44
2018-09-27 09:00:00+00:00,0,3,10,36,0,49
2018-09-27 09:30:00+00:00,0,2,4,10,0,16
2018-09-27 10:00:00+00:00,0,2,0,8,0,10
2018-09-27 10:30:00+00:00,0,5,7,15,0,27
2018-09-27 11:00:00+00:00,0,6,2,30,0,38
2018-09-27 11:30:00+00:00,0,9,1,3,0,13
2018-09-27 12:00:00+00:00,0,0,1,37,0,38
2018-09-27 12:30:00+00:00,0,8,7,48,0,63
2018-09-27 13:00:00+00:00,0,8,5,31,0,44
2018-09-27 13:30:00+00:00,0,12,11,9,0,32
2018-09-27 14:00:00+00:00,0,23,29,4,0,56
2018-09-27 14:30:00+00:00,0,0,0,2,0,2
2018-09-27 15:00:00+00:00,0,0,2,1,0,3
2018-09-27 15:30:00+00:00,0,23,21,0,0,44
2018-09-27 16:00:00+00:00,0,0,0,1,0,1
2018-09-27 16:30:00+00:00,0,0,0,0,0,0
2018-09-27 17:00:00+00:00,0,0,1,0,0,1
2018-09-27 17:30:00+00:00,0,0,0,0,0,0
2018-09-27 18:00:00+00:00,0,0,0,0,0,0
2018-09-27 18:30:00+00:00,0,0,0,0,0,0
2018-09-27 19:00:00+00:00,0,0,0,0,0,0
2018-09-27 19:30:00+00:00,0,0,1,0,0,1
2018-09-27 20:00:00+00:00,0,0,6,0,0,6
2018-09-27 20:30:00+00:00,0,0,0,0,0,0
2018-09-27 21:00:00+00:00,0,0,0,0,0,0
2018-09-27 21:30:00+00:00,0,0,0,0,123,123
2018-09-27 22:00:00+00:00,0,0,0,0,0,0
2018-09-27 22:30:00+00:00,0,0,0,0,0,0
2018-09-27 23:00:00+00:00,0,0,0,0,0,0
2018-09-27 23:30:00+00:00,0,0,0,0,0,0
2018-09-28 00:00:00+00:00,0,0,0,0,0,0
2018-09-28 00:30:00+00:00,0,0,0,0,0,0
2018-09-28 01:00:00+00:00,0,0,0,0,0,0
2018-09-28 01:30:00+00:00,0,0,0,0,0,0
2018-09-28 02:00:00+00:00,0,0,0,0,0,0
2018-09-28 02:30:00+00:00,0,0,0,0,0,0
2018-09-28 03:00:00+00:00,0,0,0,0,0,0
2018-09-28 03:30:00+00:00,0,0,0,0,0,0
2018-09-28 04:00:00+00:00,0,0,0,0,0,0
2018-09-28 04:30:00+00:00,0,0,2,0,0,2
2018-09-28 05:00:00+00:00,0,2,6,12,0,20
2018-09-28 05:30:00+00:00,0,17,3,2,0,22
2018-09-28 06:00:00+00:00,0,1,5,0,0,6
2018-09-28 06:30:00+00:00,0,2,2,2,0,6
2018-09-28 07:00:00+00:00,0,8,11,23,0,42
2018-09-28 07:30:00+00:00,0,56,10,15,0,81
2018-09-28 08:00:00+00:00,4989,26,17,7,0,5039
2018-09-28 08:30:00+00:00,0,33,8,25,0,66
2018-09-28 09:00:00+00:00,0,2,4,3,0,9
2018-09-28 09:30:00+00:00,0,1,27,6,0,34
2018-09-28 10:00:00+00:00,0,18,3,16,0,37
2018-09-28 10:30:00+00:00,0,7,14,13,0,34
2018-09-28 11:00:00+00:00,0,10,1,16,0,27
2018-09-28 11:30:00+00:00,1,0,6,7,0,14
2018-09-28 12:00:00+00:00,0,9,7,13,0,29
2018-09-28 12:30:00+00:00,0,0,4,8,0,12
2018-09-28 13:00:00+00:00,0,5,1,19,0,25
2018-09-28 13:30:00+00:00,0,7,1,56,0,64
2018-09-28 14:00:00+00:00,0,0,0,12,0,12
2018-09-28 14:30:00+00:00,0,7,0,2,0,9
2018-09-28 15:00:00+00:00,0,2,9,1,0,12
2018-09-28 15:30:00+00:00,0,1,1,2,0,4
2018-09-28 16:00:00+00:00,0,0,5,0,0,5
2018-09-28 16:30:00+00:00,0,1,9,0,0,10
2018-09-28 17:00:00+00:00,0,0,7,0,0,7
2018-09-28 17:30:00+00:00,0,0,0,0,0,0
2018-09-28 18:00:00+00:00,0,0,0,0,0,0
2018-09-28 18:30:00+00:00,0,0,0,0,0,0
2018-09-28 19:00:00+00:00,0,0,0,0,0,0
2018-09-28 19:30:00+00:00,0,0,0,0,0,0
2018-09-28 20:00:00+00:00,0,0,0,0,0,0
2018-09-28 20:30:00+00:00,0,0,0,0,0,0
2018-09-28 21:00:00+00:00,0,0,0,0,0,0
2018-09-28 21:30:00+00:00,0,0,0,0,334,334
2018-09-28 22:00:00+00:00,0,0,0,0,0,0
2018-09-28 22:30:00+00:00,0,0,0,0,0,0
2018-09-28 23:00:00+00:00,0,0,0,0,0,0
2018-09-28 23:30:00+00:00,0,0,2,0,0,2
2018-09-29 00:00:00+00:00,0,0,0,0,0,0
2018-09-29 00:30:00+00:00,0,0,0,0,0,0
2018-09-29 01:00:00+00:00,0,0,0,0,0,0
2018-09-29 01:30:00+00:00,0,0,0,0,0,0
2018-09-29 02:00:00+00:00,0,0,2,0,0,2
2018-09-29 02:30:00+00:00,0,0,0,0,0,0
2018-09-29 03:00:00+00:00,0,0,0,0,0,0
2018-09-29 03:30:00+00:00,0,0,0,0,0,0
2018-09-29 04:00:00+00:00,0,0,0,0,0,0
2018-09-29 04:30:00+00:00,0,0,0,0,0,0
2018-09-29 05:00:00+00:00,0,0,0,0,0,0
2018-09-29 05:30:00+00:00,0,0,0,0,0,0
2018-09-29 06:00:00+00:00,0,0,0,0,0,0
2018-09-29 06:30:00+00:00,0,0,0,0,0,0
2018-09-29 07:00:00+00:00,0,0,0,0,0,0
2018-09-29 07:30:00+00:00,0,0,0,0,0,0
2018-09-29 08:00:00+00:00,0,0,0,0,0,0
2018-09-29 08:30:00+00:00,0,0,0,0,0,0
2018-09-29 09:00:00+00:00,0,0,0,0,0,0
2018-09-29 09:30:00+00:00,0,0,0,0,0,0
2018-09-29 10:00:00+00:00,0,0,0,0,0,0
2018-09-29 10:30:00+00:00,0,0,0,0,0,0
2018-09-29 11:00:00+00:00,0,0,0,0,0,0
2018-09-29 11:30:00+00:00,0,0,0,0,0,0
2018-09-29 12:00:00+00:00,0,0,0,0,0,0
2018-09-29 12:30:00+00:00,0,0,0,0,0,0
2018-09-29 13:00:00+00:00,0,0,0,0,0,0
2018-09-29 13:30:00+00:00,0,0,0,0,0,0
2018-09-29 14:00:00+00:00,0,0,0,0,0,0
2018-09-29 14:30:00+00:00,0,0,0,0,0,0
2018-09-29 15:00:00+00:00,0,0,0,0,0,0
2018-09-29 15:30:00+00:00,0,0,0,0,0,0
2018-09-29 16:00:00+00:00,0,0,0,0,0,0
2018-09-29 16:30:00+00:00,0,0,0,0,0,0
2018-09-29 17:00:00+00:00,0,0,0,0,0,0
2018-09-29 17:30:00+00:00,0,0,0,0,0,0
2018-09-29 18:00:00+00:00,0,0,0,0,0,0
2018-09-29 18:30:00+00:00,0,0,0,0,0,0
2018-09-29 19:00:00+00:00,0,0,0,0,0,0
2018-09-29 19:30:00+00:00,0,0,0,0,0,0
2018-09-29 20:00:00+00:00,0,0,0,0,0,0
2018-09-29 20:30:00+00:00,0,0,0,0,0,0
2018-09-29 21:00:00+00:00,0,0,0,0,0,0
2018-09-29 21:30:00+00:00,0,0,0,0,70,70
2018-09-29 22:00:00+00:00,0,0,0,0,0,0
2018-09-29 22:30:00+00:00,0,0,0,0,0,0
2018-09-29 23:00:00+00:00,0,0,0,0,0,0
2018-09-29 23:30:00+00:00,0,0,0,0,0,0
2018-09-30 00:00:00+00:00,0,0,0,0,0,0
2018-09-30 00:30:00+00:00,0,0,0,0,0,0
2018-09-30 01:00:00+00:00,0,0,0,0,0,0
2018-09-30 01:30:00+00:00,0,0,0,0,0,0
2018-09-30 02:00:00+00:00,0,0,0,0,0,0
2018-09-30 02:30:00+00:00,0,0,0,0,0,0
2018-09-30 03:00:00+00:00,0,0,0,0,0,0
2018-09-30 03:30:00+00:00,0,0,0,0,0,0
2018-09-30 04:00:00+00:00,0,0,0,0,0,0
2018-09-30 04:30:00+00:00,0,0,0,0,0,0
2018-09-30 05:00:00+00:00,0,0,0,0,0,0
2018-09-30 05:30:00+00:00,0,0,0,0,0,0
2018-09-30 06:00:00+00:00,0,0,0,0,0,0
2018-09-30 06:30:00+00:00,0,0,0,0,0,0
2018-09-30 07:00:00+00:00,0,0,0,0,0,0
2018-09-30 07:30:00+00:00,0,0,0,0,0,0
2018-09-30 08:00:00+00:00,0,0,0,0,0,0
2018-09-30 08:30:00+00:00,0,0,0,0,0,0
2018-09-30 09:00:00+00:00,0,0,0,0,0,0
2018-09-30 09:30:00+00:00,0,0,0,0,0,0
2018-09-30 10:00:00+00:00,0,0,0,0,0,0
2018-09-30 10:30:00+00:00,0,0,0,0,0,0
2018-09-30 11:00:00+00:00,0,0,0,0,0,0
2018-09-30 11:30:00+00:00,0,0,0,0,0,0
2018-09-30 12:00:00+00:00,0,0,0,0,0,0
2018-09-30 12:30:00+00:00,0,0,0,0,0,0
2018-09-30 13:00:00+00:00,0,0,0,0,0,0
2018-09-30 13:30:00+00:00,0,0,0,0,0,0
2018-09-30 14:00:00+00:00,0,0,0,0,0,0
2018-09-30 14:30:00+00:00,0,0,0,0,0,0
2018-09-30 15:00:00+00:00,0,0,0,0,0,0
2018-09-30 15:30:00+00:00,0,0,0,0,0,0
2018-09-30 16:00:00+00:00,0,0,0,0,0,0
2018-09-30 16:30:00+00:00,0,0,0,0,0,0
2018-09-30 17:00:00+00:00,0,0,0,0,0,0
2018-09-30 17:30:00+00:00,0,0,0,0,0,0
2018-09-30 18:00:00+00:00,0,0,0,0,0,0
2018-09-30 18:30:00+00:00,0,0,0,0,0,0
2018-09-30 19:00:00+00:00,0,0,0,0,0,0
2018-09-30 19:30:00+00:00,0,0,0,0,0,0
2018-09-30 20:00:00+00:00,0,0,0,0,0,0
2018-09-30 20:30:00+00:00,0,0,0,0,0,0
2018-09-30 21:00:00+00:00,0,0,0,0,0,0
2018-09-30 21:30:00+00:00,0,0,0,0,177,177
2018-09-30 22:00:00+00:00,0,0,0,0,0,0
2018-09-30 22:30:00+00:00,0,0,0,0,0,0
2018-09-30 23:00:00+00:00,0,0,0,0,0,0
2018-09-30 23:30:00+00:00,0,0,0,0,0,0
2018-10-01 00:00:00+00:00,0,0,0,0,0,0
2018-10-01 00:30:00+00:00,0,0,0,0,0,0
2018-10-01 01:00:00+00:00,0,0,0,0,0,0
2018-10-01 01:30:00+00:00,0,0,0,0,0,0
2018-10-01 02:00:00+00:00,0,0,0,0,0,0
2018-10-01 02:30:00+00:00,0,0,0,0,0,0
2018-10-01 03:00:00+00:00,0,0,0,0,0,0
2018-10-01 03:30:00+00:00,0,0,0,0,0,0
2018-10-01 04:00:00+00:00,0,0,0,0,0,0
2018-10-01 04:30:00+00:00,0,0,0,0,0,0
2018-10-01 05:00:00+00:00,0,0,0,0,0,0
2018-10-01 05:30:00+00:00,0,0,2,0,0,2
2018-10-01 06:00:00+00:00,0,2,2,0,0,4
2018-10-01 06:30:00+00:00,0,20,6,2,0,28
2018-10-01 07:00:00+00:00,0,10,14,13,0,37
2018-10-01 07:30:00+00:00,0,10,13,7,0,30
2018-10-01 08:00:00+00:00,0,17,7,14,0,38
2018-10-01 08:30:00+00:00,0,30,38,2,0,70
2018-10-01 09:00:00+00:00,0,20,5,2,0,27
2018-10-01 09:30:00+00:00,0,6,11,3,0,20
2018-10-01 10:00:00+00:00,0,1,24,23,0,48
2018-10-01 10:30:00+00:00,0,1,7,22,0,30
2018-10-01 11:00:00+00:00,0,8,3,0,0,11
2018-10-01 11:30:00+00:00,0,4,16,2,0,22
2018-10-01 12:00:00+00:00,0,0,3,10,0,13
2018-10-01 12:30:00+00:00,0,0,1,1,0,2
2018-10-01 13:00:00+00:00,0,7,4,8,0,19
2018-10-01 13:30:00+00:00,0,1,7,27,0,35
2018-10-01 14:00:00+00:00,0,1,1,12,0,14
2018-10-01 14:30:00+00:00,0,0,6,7,0,13
2018-10-01 15:00:00+00:00,0,0,5,2,0,7
2018-10-01 15:30:00+00:00,0,1,1,30,0,32
2018-10-01 16:00:00+00:00,0,0,0,0,0,0
2018-10-01 16:30:00+00:00,0,0,0,0,0,0
2018-10-01 17:00:00+00:00,0,0,1,0,0,1
2018-10-01 17:30:00+00:00,0,0,0,0,0,0
2018-10-01 18:00:00+00:00,0,0,0,0,0,0
2018-10-01 18:30:00+00:00,0,4,7,0,0,11
2018-10-01 19:00:00+00:00,0,0,0,0,0,0
2018-10-01 19:30:00+00:00,0,0,0,0,0,0
2018-10-01 20:00:00+00:00,0,0,0,0,0,0
2018-10-01 20:30:00+00:00,0,0,0,0,0,0
2018-10-01 21:00:00+00:00,0,0,0,0,0,0
2018-10-01 21:30:00+00:00,0,0,0,0,124,124
2018-10-01 22:00:00+00:00,0,0,0,0,0,0
2018-10-01 22:30:00+00:00,0,0,0,0,0,0
2018-10-01 23:00:00+00:00,0,0,0,0,0,0
2018-10-01 23:30:00+00:00,0,0,0,0,0,0
2018-10-02 00:00:00+00:00,0,0,0,0,0,0
2018-10-02 00:30:00+00:00,0,0,0,0,0,0
2018-10-02 01:00:00+00:00,0,0,0,0,0,0
2018-10-02 01:30:00+00:00,0,0,0,0,0,0
2018-10-02 02:00:00+00:00,0,0,0,0,0,0
2018-10-02 02:30:00+00:00,0,0,0,0,0,0
2018-10-02 03:00:00+00:00,0,0,0,0,0,0
2018-10-02 03:30:00+00:00,0,0,0,0,0,0
2018-10-02 04:00:00+00:00,0,0,0,0,0,0
2018-10-02 04:30:00+00:00,0,0,0,0,0,0
2018-10-02 05:00:00+00:00,0,0,11,0,0,11
2018-10-02 05:30:00+00:00,0,0,22,0,0,22
2018-10-02 06:00:00+00:00,0,0,7,1,0,8
2018-10-02 06:30:00+00:00,0,0,2,5,0,7
2018-10-02 07:00:00+00:00,0,27,12,13,0,52
2018-10-02 07:30:00+00:00,0,0,17,0,0,17
2018-10-02 08:00:00+00:00,0,22,5,36,0,63
2018-10-02 08:30:00+00:00,0,5,3,3,0,11
2018-10-02 09:00:00+00:00,0,1,22,2,0,25
2018-10-02 09:30:00+00:00,0,5,11,15,0,31
2018-10-02 10:00:00+00:00,0,2,11,9,0,22
2018-10-02 10:30:00+00:00,0,7,6,33,0,46
2018-10-02 11:00:00+00:00,0,2,4,11,0,17
2018-10-02 11:30:00+00:00,0,7,11,12,0,30
2018-10-02 12:00:00+00:00,0,0,3,3,0,6
2018-10-02 12:30:00+00:00,0,40,2,36,0,78
2018-10-02 13:00:00+00:00,0,4,5,68,0,77
2018-10-02 13:30:00+00:00,0,2,13,59,0,74
2018-10-02 14:00:00+00:00,0,1,11,1,0,13
2018-10-02 14:30:00+00:00,0,0,11,2,0,13
2018-10-02 15:00:00+00:00,0,0,2,20,0,22
2018-10-02 15:30:00+00:00,0,0,8,18,0,26
2018-10-02 16:00:00+00:00,0,0,0,4,0,4
2018-10-02 16:30:00+00:00,0,0,0,0,0,0
2018-10-02 17:00:00+00:00,0,0,0,0,0,0
2018-10-02 17:30:00+00:00,0,0,0,0,0,0
2018-10-02 18:00:00+00:00,0,0,0,0,0,0
2018-10-02 18:30:00+00:00,0,0,0,0,0,0
2018-10-02 19:00:00+00:00,0,0,0,0,0,0
2018-10-02 19:30:00+00:00,0,0,0,0,0,0
2018-10-02 20:00:00+00:00,0,0,0,0,0,0
2018-10-02 20:30:00+00:00,0,0,0,0,0,0
2018-10-02 21:00:00+00:00,0,0,0,0,0,0
2018-10-02 21:30:00+00:00,0,0,0,0,110,110
2018-10-02 22:00:00+00:00,0,0,0,0,0,0
2018-10-02 22:30:00+00:00,0,0,0,0,0,0
2018-10-02 23:00:00+00:00,0,0,0,0,0,0
2018-10-02 23:30:00+00:00,0,0,0,0,0,0
2018-10-03 00:00:00+00:00,0,0,0,0,0,0
2018-10-03 00:30:00+00:00,0,0,0,0,0,0
2018-10-03 01:00:00+00:00,0,0,0,0,0,0
2018-10-03 01:30:00+00:00,0,0,0,0,0,0
2018-10-03 02:00:00+00:00,0,0,0,0,0,0
2018-10-03 02:30:00+00:00,0,0,0,0,0,0
2018-10-03 03:00:00+00:00,0,0,0,0,0,0
2018-10-03 03:30:00+00:00,0,0,0,0,0,0
2018-10-03 04:00:00+00:00,0,0,0,0,0,0
2018-10-03 04:30:00+00:00,0,0,0,0,0,0
2018-10-03 05:00:00+00:00,0,0,1,0,0,1
2018-10-03 05:30:00+00:00,0,2,2,0,0,4
2018-10-03 06:00:00+00:00,0,0,3,0,0,3
2018-10-03 06:30:00+00:00,0,0,6,4,0,10
2018-10-03 07:00:00+00:00,0,8,3,15,0,26
2018-10-03 07:30:00+00:00,0,10,11,7,0,28
2018-10-03 08:00:00+00:00,0,1,6,8,0,15
2018-10-03 08:30:00+00:00,0,1,27,81,0,109
2018-10-03 09:00:00+00:00,0,33,12,22,0,67
2018-10-03 09:30:00+00:00,0,0,7,38,0,45
2018-10-03 10:00:00+00:00,0,0,2,20,0,22
2018-10-03 10:30:00+00:00,0,6,9,16,0,31
2018-10-03 11:00:00+00:00,0,0,33,23,0,56
2018-10-03 11:30:00+00:00,0,0,32,8,0,40
2018-10-03 12:00:00+00:00,0,10,5,99,0,114
2018-10-03 12:30:00+00:00,0,37,0,10,0,47
2018-10-03 13:00:00+00:00,0,0,1,7,0,8
2018-10-03 13:30:00+00:00,0,1,5,3,0,9
2018-10-03 14:00:00+00:00,0,0,2,2,0,4
2018-10-03 14:30:00+00:00,0,0,1,1,0,2
2018-10-03 15:00:00+00:00,0,0,17,5,0,22
2018-10-03 15:30:00+00:00,0,0,20,1,0,21
2018-10-03 16:00:00+00:00,0,0,3,0,0,3
2018-10-03 16:30:00+00:00,0,0,0,0,0,0
2018-10-03 17:00:00+00:00,0,0,1,0,0,1
2018-10-03 17:30:00+00:00,0,0,0,0,0,0
2018-10-03 18:00:00+00:00,0,0,0,0,0,0
2018-10-03 18:30:00+00:00,0,0,0,0,0,0
2018-10-03 19:00:00+00:00,0,0,0,0,0,0
2018-10-03 19:30:00+00:00,0,0,0,0,0,0
2018-10-03 20:00:00+00:00,0,0,0,0,0,0
2018-10-03 20:30:00+00:00,0,0,0,0,0,0
2018-10-03 21:00:00+00:00,0,0,0,0,0,0
2018-10-03 21:30:00+00:00,0,0,0,0,69,69
2018-10-03 22:00:00+00:00,0,0,1,0,0,1
2018-10-03 22:30:00+00:00,0,0,0,0,0,0
2018-10-03 23:00:00+00:00,0,0,0,0,0,0
2018-10-03 23:30:00+00:00,0,0,0,0,0,0
2018-10-04 00:00:00+00:00,0,0,0,0,0,0
2018-10-04 00:30:00+00:00,0,0,0,0,0,0
2018-10-04 01:00:00+00:00,0,0,0,0,0,0
2018-10-04 01:30:00+00:00,0,0,0,0,0,0
2018-10-04 02:00:00+00:00,0,0,0,0,0,0
2018-10-04 02:30:00+00:00,0,0,0,0,0,0
2018-10-04 03:00:00+00:00,0,0,0,0,0,0
2018-10-04 03:30:00+00:00,0,0,0,0,0,0
2018-10-04 04:00:00+00:00,0,0,0,0,0,0
2018-10-04 04:30:00+00:00,0,0,0,0,0,0
2018-10-04 05:00:00+00:00,0,0,1,0,0,1
2018-10-04 05:30:00+00:00,0,0,6,0,0,6
2018-10-04 06:00:00+00:00,0,0,9,0,0,9
2018-10-04 06:30:00+00:00,0,4,0,0,0,4
2018-10-04 07:00:00+00:00,0,1,18,13,0,32
2018-10-04 07:30:00+00:00,0,2,1,1,0,4
2018-10-04 08:00:00+00:00,0,20,0,0,0,20
2018-10-04 08:30:00+00:00,0,4,13,0,0,17
2018-10-04 09:00:00+00:00,0,9,6,4,0,19
2018-10-04 09:30:00+00:00,0,20,7,1,0,28
2018-10-04 10:00:00+00:00,0,6,7,6,0,19
2018-10-04 10:30:00+00:00,0,0,1,10,0,11
2018-10-04 11:00:00+00:00,0,5,2,0,0,7
2018-10-04 11:30:00+00:00,0,27,3,2,0,32
2018-10-04 12:00:00+00:00,0,0,0,13,0,13
2018-10-04 12:30:00+00:00,0,0,7,14,0,21
2018-10-04 13:00:00+00:00,0,1,2,8,0,11
2018-10-04 13:30:00+00:00,0,0,11,15,0,26
2018-10-04 14:00:00+00:00,6,0,2,28,0,36
2018-10-04 14:30:00+00:00,3407,0,0,7,0,3414
2018-10-04 15:00:00+00:00,0,0,0,8,0,8
2018-10-04 15:30:00+00:00,0,0,7,8,0,15
2018-10-04 16:00:00+00:00,0,0,0,2,0,2
2018-10-04 16:30:00+00:00,0,2,3,0,0,5
2018-10-04 17:00:00+00:00,0,0,16,0,0,16
2018-10-04 17:30:00+00:00,0,0,0,0,0,0
2018-10-04 18:00:00+00:00,0,0,0,0,0,0
2018-10-04 18:30:00+00:00,0,0,0,0,0,0
2018-10-04 19:00:00+00:00,0,0,0,0,0,0
2018-10-04 19:30:00+00:00,0,0,0,0,0,0
2018-10-04 20:00:00+00:00,0,0,0,0,0,0
2018-10-04 20:30:00+00:00,0,0,0,0,0,0
2018-10-04 21:00:00+00:00,0,0,0,0,0,0
2018-10-04 21:30:00+00:00,0,0,0,0,106,106
2018-10-04 22:00:00+00:00,0,0,0,0,0,0
2018-10-04 22:30:00+00:00,0,0,0,0,0,0
2018-10-04 23:00:00+00:00,0,0,0,0,0,0
2018-10-04 23:30:00+00:00,0,0,0,0,0,0
2018-10-05 00:00:00+00:00,0,0,0,0,0,0
2018-10-05 00:30:00+00:00,0,0,0,0,0,0
2018-10-05 01:00:00+00:00,0,0,0,0,0,0
2018-10-05 01:30:00+00:00,0,0,0,0,0,0
2018-10-05 02:00:00+00:00,0,0,1,0,0,1
2018-10-05 02:30:00+00:00,0,0,0,0,0,0
2018-10-05 03:00:00+00:00,0,0,0,0,0,0
2018-10-05 03:30:00+00:00,0,0,0,0,0,0
2018-10-05 04:00:00+00:00,0,0,0,0,0,0
2018-10-05 04:30:00+00:00,0,0,0,3,0,3
2018-10-05 05:00:00+00:00,0,0,4,20,0,24
2018-10-05 05:30:00+00:00,0,0,2,34,0,36
2018-10-05 06:00:00+00:00,0,0,0,3,0,3
2018-10-05 06:30:00+00:00,0,0,0,47,0,47
2018-10-05 07:00:00+00:00,8,0,0,44,0,52
2018-10-05 07:30:00+00:00,0,1,9,63,0,73
2018-10-05 08:00:00+00:00,0,18,6,18,0,42
2018-10-05 08:30:00+00:00,0,1,2,34,0,37
2018-10-05 09:00:00+00:00,0,45,11,6,0,62
2018-10-05 09:30:00+00:00,0,9,3,0,0,12
2018-10-05 10:00:00+00:00,0,1,7,1,0,9
2018-10-05 10:30:00+00:00,0,22,10,0,0,32
2018-10-05 11:00:00+00:00,0,1,17,13,0,31
2018-10-05 11:30:00+00:00,11,15,9,45,0,80
2018-10-05 12:00:00+00:00,0,1,5,36,0,42
2018-10-05 12:30:00+00:00,0,1,0,9,0,10
2018-10-05 13:00:00+00:00,0,0,0,23,0,23
2018-10-05 13:30:00+00:00,0,0,0,7,0,7
2018-10-05 14:00:00+00:00,0,0,0,6,0,6
2018-10-05 14:30:00+00:00,0,8,0,9,0,17
2018-10-05 15:00:00+00:00,0,5,2,0,0,7
2018-10-05 15:30:00+00:00,0,0,29,6,0,35
2018-10-05 16:00:00+00:00,0,0,0,8,0,8
2018-10-05 16:30:00+00:00,0,0,1,0,0,1
2018-10-05 17:00:00+00:00,0,0,6,0,0,6
2018-10-05 17:30:00+00:00,0,0,1,0,0,1
2018-10-05 18:00:00+00:00,0,0,1,0,0,1
2018-10-05 18:30:00+00:00,0,0,0,0,0,0
2018-10-05 19:00:00+00:00,0,0,0,0,0,0
2018-10-05 19:30:00+00:00,0,0,0,0,0,0
2018-10-05 20:00:00+00:00,0,0,0,0,0,0
2018-10-05 20:30:00+00:00,0,0,0,0,0,0
2018-10-05 21:00:00+00:00,0,0,0,0,0,0
2018-10-05 21:30:00+00:00,0,0,0,0,109,109
2018-10-05 22:00:00+00:00,0,0,0,0,0,0
2018-10-05 22:30:00+00:00,0,0,0,0,0,0
2018-10-05 23:00:00+00:00,0,0,0,0,0,0
2018-10-05 23:30:00+00:00,0,0,0,0,0,0
2018-10-06 00:00:00+00:00,0,0,0,0,0,0
2018-10-06 00:30:00+00:00,0,0,0,0,0,0
2018-10-06 01:00:00+00:00,0,0,0,0,0,0
2018-10-06 01:30:00+00:00,0,0,0,0,0,0
2018-10-06 02:00:00+00:00,0,0,0,0,0,0
2018-10-06 02:30:00+00:00,0,0,0,0,0,0
2018-10-06 03:00:00+00:00,0,0,0,0,0,0
2018-10-06 03:30:00+00:00,0,0,0,0,0,0
2018-10-06 04:00:00+00:00,0,0,0,0,0,0
2018-10-06 04:30:00+00:00,0,0,0,0,0,0
2018-10-06 05:00:00+00:00,0,0,0,0,0,0
2018-10-06 05:30:00+00:00,0,0,0,0,0,0
2018-10-06 06:00:00+00:00,0,0,0,0,0,0
2018-10-06 06:30:00+00:00,0,0,0,0,0,0
2018-10-06 07:00:00+00:00,0,0,0,0,0,0
2018-10-06 07:30:00+00:00,0,0,0,0,0,0
2018-10-06 08:00:00+00:00,0,0,0,0,0,0
2018-10-06 08:30:00+00:00,0,0,0,0,0,0
2018-10-06 09:00:00+00:00,0,0,0,0,0,0
2018-10-06 09:30:00+00:00,0,0,0,0,0,0
2018-10-06 10:00:00+00:00,0,0,0,0,0,0
2018-10-06 10:30:00+00:00,0,0,0,0,0,0
2018-10-06 11:00:00+00:00,0,0,0,0,0,0
2018-10-06 11:30:00+00:00,0,0,0,0,0,0
2018-10-06 12:00:00+00:00,0,0,0,0,0,0
2018-10-06 12:30:00+00:00,0,0,0,0,0,0
2018-10-06 13:00:00+00:00,0,0,0,0,0,0
2018-10-06 13:30:00+00:00,0,0,0,0,0,0
2018-10-06 14:00:00+00:00,0,0,0,0,0,0
2018-10-06 14:30:00+00:00,0,0,0,0,0,0
2018-10-06 15:00:00+00:00,0,0,0,0,0,0
2018-10-06 15:30:00+00:00,0,0,0,0,0,0
2018-10-06 16:00:00+00:00,0,0,0,0,0,0
2018-10-06 16:30:00+00:00,0,0,0,0,0,0
2018-10-06 17:00:00+00:00,0,0,0,0,0,0
2018-10-06 17:30:00+00:00,0,0,0,0,0,0
2018-10-06 18:00:00+00:00,0,0,0,0,0,0
2018-10-06 18:30:00+00:00,0,0,0,0,0,0
2018-10-06 19:00:00+00:00,0,0,0,0,0,0
2018-10-06 19:30:00+00:00,0,0,0,0,0,0
2018-10-06 20:00:00+00:00,0,0,0,0,0,0
2018-10-06 20:30:00+00:00,0,0,0,0,0,0
2018-10-06 21:00:00+00:00,0,0,0,0,0,0
2018-10-06 21:30:00+00:00,0,0,0,0,3,3
2018-10-06 22:00:00+00:00,0,0,0,0,0,0
2018-10-06 22:30:00+00:00,0,0,0,0,0,0
2018-10-06 23:00:00+00:00,0,0,0,0,0,0
2018-10-06 23:30:00+00:00,0,0,0,0,0,0
2018-10-07 00:00:00+00:00,0,0,0,0,0,0
2018-10-07 00:30:00+00:00,0,0,0,0,0,0
2018-10-07 01:00:00+00:00,0,0,0,0,0,0
2018-10-07 01:30:00+00:00,0,0,0,0,0,0
2018-10-07 02:00:00+00:00,0,0,0,0,0,0
2018-10-07 02:30:00+00:00,0,0,0,0,0,0
2018-10-07 03:00:00+00:00,0,0,0,0,0,0
2018-10-07 03:30:00+00:00,0,0,0,0,0,0
2018-10-07 04:00:00+00:00,0,0,0,0,0,0
2018-10-07 04:30:00+00:00,0,0,0,0,0,0
2018-10-07 05:00:00+00:00,0,0,0,0,0,0
2018-10-07 05:30:00+00:00,0,0,1,0,0,1
2018-10-07 06:00:00+00:00,0,0,1,0,0,1
2018-10-07 06:30:00+00:00,0,0,0,0,0,0
2018-10-07 07:00:00+00:00,0,0,0,0,0,0
2018-10-07 07:30:00+00:00,0,0,0,0,0,0
2018-10-07 08:00:00+00:00,0,0,0,0,0,0
2018-10-07 08:30:00+00:00,0,0,0,0,0,0
2018-10-07 09:00:00+00:00,0,0,0,0,0,0
2018-10-07 09:30:00+00:00,0,0,0,0,0,0
2018-10-07 10:00:00+00:00,0,0,0,0,0,0
2018-10-07 10:30:00+00:00,0,0,0,0,0,0
2018-10-07 11:00:00+00:00,0,0,0,0,0,0
2018-10-07 11:30:00+00:00,0,0,0,0,0,0
2018-10-07 12:00:00+00:00,0,0,0,0,0,0
2018-10-07 12:30:00+00:00,0,0,0,0,0,0
2018-10-07 13:00:00+00:00,0,0,0,0,0,0
2018-10-07 13:30:00+00:00,0,0,0,0,0,0
2018-10-07 14:00:00+00:00,0,0,0,0,0,0
2018-10-07 14:30:00+00:00,0,0,0,0,0,0
2018-10-07 15:00:00+00:00,0,0,0,0,0,0
2018-10-07 15:30:00+00:00,0,0,0,0,0,0
2018-10-07 16:00:00+00:00,0,0,0,0,0,0
2018-10-07 16:30:00+00:00,0,0,0,0,0,0
2018-10-07 17:00:00+00:00,0,0,0,0,0,0
2018-10-07 17:30:00+00:00,0,0,0,0,0,0
2018-10-07 18:00:00+00:00,0,0,0,0,0,0
2018-10-07 18:30:00+00:00,0,0,0,0,0,0
2018-10-07 19:00:00+00:00,0,0,0,0,0,0
2018-10-07 19:30:00+00:00,0,0,0,0,0,0
2018-10-07 20:00:00+00:00,0,0,0,0,0,0
2018-10-07 20:30:00+00:00,0,0,0,0,0,0
2018-10-07 21:00:00+00:00,0,0,0,0,0,0
2018-10-07 21:30:00+00:00,0,0,0,0,5,5
2018-10-07 22:00:00+00:00,0,0,0,0,0,0
2018-10-07 22:30:00+00:00,0,0,0,0,0,0
2018-10-07 23:00:00+00:00,0,0,0,0,0,0
2018-10-07 23:30:00+00:00,0,0,0,0,0,0
2018-10-08 00:00:00+00:00,0,0,0,0,0,0
2018-10-08 00:30:00+00:00,0,0,0,0,0,0
2018-10-08 01:00:00+00:00,0,0,0,0,0,0
2018-10-08 01:30:00+00:00,0,0,0,0,0,0
2018-10-08 02:00:00+00:00,0,0,0,0,0,0
2018-10-08 02:30:00+00:00,0,0,0,0,0,0
2018-10-08 03:00:00+00:00,0,0,0,0,0,0
2018-10-08 03:30:00+00:00,0,0,0,0,0,0
2018-10-08 04:00:00+00:00,0,0,9,0,0,9
2018-10-08 04:30:00+00:00,0,0,1,0,0,1
2018-10-08 05:00:00+00:00,0,0,1,0,0,1
2018-10-08 05:30:00+00:00,0,0,3,0,0,3
2018-10-08 06:00:00+00:00,0,4,4,0,0,8
2018-10-08 06:30:00+00:00,0,1,11,27,0,39
2018-10-08 07:00:00+00:00,0,0,1,4,0,5
2018-10-08 07:30:00+00:00,0,0,4,5,0,9
2018-10-08 08:00:00+00:00,0,14,8,15,0,37
2018-10-08 08:30:00+00:00,0,43,20,89,0,152
2018-10-08 09:00:00+00:00,0,5,2,0,0,7
2018-10-08 09:30:00+00:00,0,6,2,2,0,10
2018-10-08 10:00:00+00:00,0,16,4,13,0,33
2018-10-08 10:30:00+00:00,0,1,17,10,0,28
2018-10-08 11:00:00+00:00,0,47,9,8,0,64
2018-10-08 11:30:00+00:00,0,4,0,13,0,17
2018-10-08 12:00:00+00:00,0,7,4,12,0,23
2018-10-08 12:30:00+00:00,0,4,1,17,0,22
2018-10-08 13:00:00+00:00,0,3,3,13,0,19
2018-10-08 13:30:00+00:00,0,0,0,24,0,24
2018-10-08 14:00:00+00:00,0,1,0,6,0,7
2018-10-08 14:30:00+00:00,0,0,1,12,0,13
2018-10-08 15:00:00+00:00,0,0,8,0,0,8
2018-10-08 15:30:00+00:00,0,0,2,0,0,2
2018-10-08 16:00:00+00:00,0,0,0,0,0,0
2018-10-08 16:30:00+00:00,0,0,2,0,0,2
2018-10-08 17:00:00+00:00,0,0,1,0,0,1
2018-10-08 17:30:00+00:00,0,0,5,0,0,5
2018-10-08 18:00:00+00:00,0,0,0,0,0,0
2018-10-08 18:30:00+00:00,0,0,0,0,0,0
2018-10-08 19:00:00+00:00,0,0,0,0,0,0
2018-10-08 19:30:00+00:00,0,0,0,0,0,0
2018-10-08 20:00:00+00:00,0,0,1,0,0,1
2018-10-08 20:30:00+00:00,0,0,0,0,0,0
2018-10-08 21:00:00+00:00,0,0,0,0,0,0
2018-10-08 21:30:00+00:00,0,0,0,0,117,117
2018-10-08 22:00:00+00:00,0,0,0,0,0,0
2018-10-08 22:30:00+00:00,0,0,0,0,0,0
2018-10-08 23:00:00+00:00,0,0,0,0,0,0
2018-10-08 23:30:00+00:00,0,0,0,0,0,0
2018-10-09 00:00:00+00:00,0,0,0,0,0,0
2018-10-09 00:30:00+00:00,0,0,0,0,0,0
2018-10-09 01:00:00+00:00,0,0,0,0,0,0
2018-10-09 01:30:00+00:00,0,0,0,0,0,0
2018-10-09 02:00:00+00:00,0,0,0,0,0,0
2018-10-09 02:30:00+00:00,0,0,0,0,0,0
2018-10-09 03:00:00+00:00,0,0,0,0,0,0
2018-10-09 03:30:00+00:00,0,0,0,0,0,0
2018-10-09 04:00:00+00:00,0,0,2,0,0,2
2018-10-09 04:30:00+00:00,0,0,0,0,0,0
2018-10-09 05:00:00+00:00,0,0,3,0,0,3
2018-10-09 05:30:00+00:00,0,0,1,0,0,1
2018-10-09 06:00:00+00:00,0,4,2,0,0,6
2018-10-09 06:30:00+00:00,0,25,2,0,0,27
2018-10-09 07:00:00+00:00,0,19,7,21,0,47
2018-10-09 07:30:00+00:00,0,33,5,16,0,54
2018-10-09 08:00:00+00:00,0,0,10,25,0,35
2018-10-09 08:30:00+00:00,0,2,3,2,0,7
2018-10-09 09:00:00+00:00,0,0,3,8,0,11
2018-10-09 09:30:00+00:00,0,13,3,12,0,28
2018-10-09 10:00:00+00:00,0,4,8,28,0,40
2018-10-09 10:30:00+00:00,0,8,16,10,0,34
2018-10-09 11:00:00+00:00,0,3,10,0,0,13
2018-10-09 11:30:00+00:00,0,1,6,2,0,9
2018-10-09 12:00:00+00:00,0,8,7,7,0,22
2018-10-09 12:30:00+00:00,0,3,12,39,0,54
2018-10-09 13:00:00+00:00,0,7,8,6,0,21
2018-10-09 13:30:00+00:00,0,0,2,30,0,32
2018-10-09 14:00:00+00:00,0,0,2,2,0,4
2018-10-09 14:30:00+00:00,0,48,0,0,0,48
2018-10-09 15:00:00+00:00,0,9,3,0,0,12
2018-10-09 15:30:00+00:00,0,0,4,0,0,4
2018-10-09 16:00:00+00:00,0,0,2,0,0,2
2018-10-09 16:30:00+00:00,0,0,1,0,0,1
2018-10-09 17:00:00+00:00,0,0,0,0,0,0
2018-10-09 17:30:00+00:00,0,0,0,0,0,0
2018-10-09 18:00:00+00:00,0,0,0,0,0,0
2018-10-09 18:30:00+00:00,0,0,0,0,0,0
2018-10-09 19:00:00+00:00,0,0,0,0,0,0
2018-10-09 19:30:00+00:00,0,0,0,0,0,0
2018-10-09 20:00:00+00:00,0,0,0,0,0,0
2018-10-09 20:30:00+00:00,0,0,0,0,0,0
2018-10-09 21:00:00+00:00,0,0,0,0,0,0
2018-10-09 21:30:00+00:00,0,0,0,0,67,67
2018-10-09 22:00:00+00:00,0,0,2,0,0,2
2018-10-09 22:30:00+00:00,0,0,0,0,0,0
2018-10-09 23:00:00+00:00,0,0,0,0,0,0
2018-10-09 23:30:00+00:00,0,0,0,0,0,0
2018-10-10 00:00:00+00:00,0,0,0,0,0,0
2018-10-10 00:30:00+00:00,0,0,0,0,0,0
2018-10-10 01:00:00+00:00,0,0,0,0,0,0
2018-10-10 01:30:00+00:00,0,0,0,0,0,0
2018-10-10 02:00:00+00:00,0,0,0,0,0,0
2018-10-10 02:30:00+00:00,0,0,0,0,0,0
2018-10-10 03:00:00+00:00,0,0,0,0,0,0
2018-10-10 03:30:00+00:00,0,0,0,0,0,0
2018-10-10 04:00:00+00:00,0,0,0,0,0,0
2018-10-10 04:30:00+00:00,0,0,4,0,0,4
2018-10-10 05:00:00+00:00,0,0,4,0,0,4
2018-10-10 05:30:00+00:00,0,0,2,0,0,2
2018-10-10 06:00:00+00:00,0,0,10,0,0,10
2018-10-10 06:30:00+00:00,0,2,5,2,0,9
2018-10-10 07:00:00+00:00,0,1,6,4,0,11
2018-10-10 07:30:00+00:00,0,3,6,0,0,9
2018-10-10 08:00:00+00:00,0,2,3,1,0,6
2018-10-10 08:30:00+00:00,0,10,13,2,0,25
2018-10-10 09:00:00+00:00,0,10,38,8,0,56
2018-10-10 09:30:00+00:00,0,15,1,1,0,17
2018-10-10 10:00:00+00:00,0,0,32,15,0,47
2018-10-10 10:30:00+00:00,0,2,17,8,0,27
2018-10-10 11:00:00+00:00,0,2,19,1,0,22
2018-10-10 11:30:00+00:00,0,1,11,2,0,14
2018-10-10 12:00:00+00:00,0,2,3,7,0,12
2018-10-10 12:30:00+00:00,0,2,1,3,0,6
2018-10-10 13:00:00+00:00,0,0,2,30,0,32
2018-10-10 13:30:00+00:00,0,7,0,0,0,7
2018-10-10 14:00:00+00:00,0,0,1,14,0,15
2018-10-10 14:30:00+00:00,0,3,0,7,0,10
2018-10-10 15:00:00+00:00,0,0,2,7,0,9
2018-10-10 15:30:00+00:00,0,0,4,15,0,19
2018-10-10 16:00:00+00:00,0,0,0,6,0,6
2018-10-10 16:30:00+00:00,0,0,0,0,0,0
2018-10-10 17:00:00+00:00,0,0,0,0,0,0
2018-10-10 17:30:00+00:00,0,0,9,0,0,9
2018-10-10 18:00:00+00:00,0,0,0,0,0,0
2018-10-10 18:30:00+00:00,0,0,0,0,0,0
2018-10-10 19:00:00+00:00,0,0,0,0,0,0
2018-10-10 19:30:00+00:00,0,0,0,0,0,0
2018-10-10 20:00:00+00:00,0,0,0,0,0,0
2018-10-10 20:30:00+00:00,0,0,0,0,0,0
2018-10-10 21:00:00+00:00,0,0,0,0,0,0
2018-10-10 21:30:00+00:00,0,0,0,0,114,114
2018-10-10 22:00:00+00:00,0,0,27,0,0,27
2018-10-10 22:30:00+00:00,0,0,0,0,0,0
2018-10-10 23:00:00+00:00,0,0,0,0,0,0
2018-10-10 23:30:00+00:00,0,0,2,0,0,2
2018-10-11 00:00:00+00:00,0,0,0,0,0,0
2018-10-11 00:30:00+00:00,0,0,0,0,0,0
2018-10-11 01:00:00+00:00,0,0,0,0,0,0
2018-10-11 01:30:00+00:00,0,0,0,0,0,0
2018-10-11 02:00:00+00:00,0,0,0,0,0,0
2018-10-11 02:30:00+00:00,0,0,0,0,0,0
2018-10-11 03:00:00+00:00,0,0,0,0,0,0
2018-10-11 03:30:00+00:00,0,0,0,0,0,0
2018-10-11 04:00:00+00:00,0,0,0,0,0,0
2018-10-11 04:30:00+00:00,0,0,0,0,0,0
2018-10-11 05:00:00+00:00,0,0,0,0,0,0
2018-10-11 05:30:00+00:00,0,2,2,0,0,4
2018-10-11 06:00:00+00:00,0,0,2,0,0,2
2018-10-11 06:30:00+00:00,0,32,11,3,0,46
2018-10-11 07:00:00+00:00,0,11,10,1,0,22
2018-10-11 07:30:00+00:00,0,30,5,12,0,47
2018-10-11 08:00:00+00:00,0,1,3,2,0,6
2018-10-11 08:30:00+00:00,0,1,0,0,0,1
2018-10-11 09:00:00+00:00,0,1,1,0,0,2
2018-10-11 09:30:00+00:00,0,2,0,13,0,15
2018-10-11 10:00:00+00:00,0,1,5,46,0,52
2018-10-11 10:30:00+00:00,1,0,3,28,0,32
2018-10-11 11:00:00+00:00,0,1,5,0,0,6
2018-10-11 11:30:00+00:00,372,1,1,0,0,374
2018-10-11 12:00:00+00:00,0,0,6,12,0,18
2018-10-11 12:30:00+00:00,0,1,2,0,0,3
2018-10-11 13:00:00+00:00,0,3,2,5,0,10
2018-10-11 13:30:00+00:00,0,4,2,22,0,28
2018-10-11 14:00:00+00:00,0,1,0,19,0,20
2018-10-11 14:30:00+00:00,0,3,1,6,0,10
2018-10-11 15:00:00+00:00,0,0,2,5,0,7
2018-10-11 15:30:00+00:00,0,1,5,2,0,8
2018-10-11 16:00:00+00:00,0,16,0,0,0,16
2018-10-11 16:30:00+00:00,0,0,0,0,0,0
2018-10-11 17:00:00+00:00,0,0,1,0,0,1
2018-10-11 17:30:00+00:00,0,0,1,0,0,1
2018-10-11 18:00:00+00:00,0,0,0,0,0,0
2018-10-11 18:30:00+00:00,0,0,0,0,0,0
2018-10-11 19:00:00+00:00,0,0,0,0,0,0
2018-10-11 19:30:00+00:00,0,0,0,0,0,0
2018-10-11 20:00:00+00:00,0,0,0,0,0,0
2018-10-11 20:30:00+00:00,0,0,0,0,0,0
2018-10-11 21:00:00+00:00,0,0,0,0,0,0
2018-10-11 21:30:00+00:00,0,0,0,0,60,60
2018-10-11 22:00:00+00:00,0,0,0,0,0,0
2018-10-11 22:30:00+00:00,0,0,0,0,0,0
2018-10-11 23:00:00+00:00,0,0,0,0,0,0
2018-10-11 23:30:00+00:00,0,0,0,0,0,0
2018-10-12 00:00:00+00:00,0,0,0,0,0,0
2018-10-12 00:30:00+00:00,0,0,0,0,0,0
2018-10-12 01:00:00+00:00,0,0,0,0,0,0
2018-10-12 01:30:00+00:00,0,0,0,0,0,0
2018-10-12 02:00:00+00:00,0,0,0,0,0,0
2018-10-12 02:30:00+00:00,0,0,0,0,0,0
2018-10-12 03:00:00+00:00,0,0,0,0,0,0
2018-10-12 03:30:00+00:00,0,0,0,0,0,0
2018-10-12 04:00:00+00:00,0,0,0,0,0,0
2018-10-12 04:30:00+00:00,0,0,0,0,0,0
2018-10-12 05:00:00+00:00,0,0,0,2,0,2
2018-10-12 05:30:00+00:00,0,0,12,3,0,15
2018-10-12 06:00:00+00:00,0,3,2,1,0,6
2018-10-12 06:30:00+00:00,0,5,2,5,0,12
2018-10-12 07:00:00+00:00,0,2,14,3,0,19
2018-10-12 07:30:00+00:00,0,8,2,22,0,32
2018-10-12 08:00:00+00:00,0,1,1,21,0,23
2018-10-12 08:30:00+00:00,0,0,2,3,0,5
2018-10-12 09:00:00+00:00,0,2,0,28,0,30
2018-10-12 09:30:00+00:00,0,8,7,22,0,37
2018-10-12 10:00:00+00:00,0,0,3,13,0,16
2018-10-12 10:30:00+00:00,0,0,0,18,0,18
2018-10-12 11:00:00+00:00,0,0,6,3,0,9
2018-10-12 11:30:00+00:00,0,0,27,12,0,39
2018-10-12 12:00:00+00:00,0,36,3,2,0,41
2018-10-12 12:30:00+00:00,0,19,1,2,0,22
2018-10-12 13:00:00+00:00,0,25,1,11,0,37
2018-10-12 13:30:00+00:00,0,15,0,14,0,29
2018-10-12 14:00:00+00:00,0,0,1,2,0,3
2018-10-12 14:30:00+00:00,52,0,36,0,0,88
2018-10-12 15:00:00+00:00,0,1,5,2,0,8
2018-10-12 15:30:00+00:00,0,0,33,6,0,39
2018-10-12 16:00:00+00:00,0,0,0,5,0,5
2018-10-12 16:30:00+00:00,0,0,0,0,0,0
2018-10-12 17:00:00+00:00,0,0,0,0,0,0
2018-10-12 17:30:00+00:00,0,0,26,0,0,26
2018-10-12 18:00:00+00:00,0,0,7,0,0,7
2018-10-12 18:30:00+00:00,0,0,0,0,0,0
2018-10-12 19:00:00+00:00,0,0,0,0,0,0
2018-10-12 19:30:00+00:00,0,0,0,0,0,0
2018-10-12 20:00:00+00:00,0,0,0,0,0,0
2018-10-12 20:30:00+00:00,0,0,1,0,0,1
2018-10-12 21:00:00+00:00,0,0,0,0,0,0
2018-10-12 21:30:00+00:00,0,0,0,0,181,181
2018-10-12 22:00:00+00:00,0,0,0,0,0,0
2018-10-12 22:30:00+00:00,0,0,0,0,0,0
2018-10-12 23:00:00+00:00,0,0,0,0,0,0
2018-10-12 23:30:00+00:00,0,0,0,0,0,0
2018-10-13 00:00:00+00:00,0,0,0,0,0,0
2018-10-13 00:30:00+00:00,0,0,0,0,0,0
2018-10-13 01:00:00+00:00,0,0,0,0,0,0
2018-10-13 01:30:00+00:00,0,0,0,0,0,0
2018-10-13 02:00:00+00:00,0,0,0,0,0,0
2018-10-13 02:30:00+00:00,0,0,0,0,0,0
2018-10-13 03:00:00+00:00,0,0,0,0,0,0
2018-10-13 03:30:00+00:00,0,0,0,0,0,0
2018-10-13 04:00:00+00:00,0,0,1,0,0,1
2018-10-13 04:30:00+00:00,0,0,0,0,0,0
2018-10-13 05:00:00+00:00,0,0,0,0,0,0
2018-10-13 05:30:00+00:00,0,0,0,0,0,0
2018-10-13 06:00:00+00:00,0,0,0,0,0,0
2018-10-13 06:30:00+00:00,0,0,0,0,0,0
2018-10-13 07:00:00+00:00,0,0,0,0,0,0
2018-10-13 07:30:00+00:00,0,0,0,0,0,0
2018-10-13 08:00:00+00:00,0,0,0,0,0,0
2018-10-13 08:30:00+00:00,0,0,0,0,0,0
2018-10-13 09:00:00+00:00,0,0,0,0,0,0
2018-10-13 09:30:00+00:00,0,0,0,0,0,0
2018-10-13 10:00:00+00:00,0,0,0,0,0,0
2018-10-13 10:30:00+00:00,0,0,0,0,0,0
2018-10-13 11:00:00+00:00,0,0,0,0,0,0
2018-10-13 11:30:00+00:00,0,0,0,0,0,0
2018-10-13 12:00:00+00:00,0,0,0,0,0,0
2018-10-13 12:30:00+00:00,0,0,0,0,0,0
2018-10-13 13:00:00+00:00,0,0,1,0,0,1
2018-10-13 13:30:00+00:00,0,0,0,0,0,0
2018-10-13 14:00:00+00:00,0,0,0,0,0,0
2018-10-13 14:30:00+00:00,0,0,0,0,0,0
2018-10-13 15:00:00+00:00,0,0,0,0,0,0
2018-10-13 15:30:00+00:00,0,0,0,0,0,0
2018-10-13 16:00:00+00:00,0,0,0,0,0,0
2018-10-13 16:30:00+00:00,0,0,0,0,0,0
2018-10-13 17:00:00+00:00,0,0,0,0,0,0
2018-10-13 17:30:00+00:00,0,0,0,0,0,0
2018-10-13 18:00:00+00:00,0,0,0,0,0,0
2018-10-13 18:30:00+00:00,0,0,0,0,0,0
2018-10-13 19:00:00+00:00,0,0,0,0,0,0
2018-10-13 19:30:00+00:00,0,0,0,0,0,0
2018-10-13 20:00:00+00:00,0,0,0,0,0,0
2018-10-13 20:30:00+00:00,0,0,0,0,0,0
2018-10-13 21:00:00+00:00,0,0,0,0,0,0
2018-10-13 21:30:00+00:00,0,0,0,0,0,0
2018-10-13 22:00:00+00:00,0,0,0,0,0,0
2018-10-13 22:30:00+00:00,0,0,0,0,0,0
2018-10-13 23:00:00+00:00,0,0,0,0,0,0
2018-10-13 23:30:00+00:00,0,0,0,0,0,0
2018-10-14 00:00:00+00:00,0,0,0,0,0,0
2018-10-14 00:30:00+00:00,0,0,0,0,0,0
2018-10-14 01:00:00+00:00,0,0,0,0,0,0
2018-10-14 01:30:00+00:00,0,0,0,0,0,0
2018-10-14 02:00:00+00:00,0,0,0,0,0,0
2018-10-14 02:30:00+00:00,0,0,0,0,0,0
2018-10-14 03:00:00+00:00,0,0,0,0,0,0
2018-10-14 03:30:00+00:00,0,0,0,0,0,0
2018-10-14 04:00:00+00:00,0,0,0,0,0,0
2018-10-14 04:30:00+00:00,0,0,0,0,0,0
2018-10-14 05:00:00+00:00,0,0,0,0,0,0
2018-10-14 05:30:00+00:00,0,0,0,0,0,0
2018-10-14 06:00:00+00:00,0,0,0,0,0,0
2018-10-14 06:30:00+00:00,0,0,0,0,0,0
2018-10-14 07:00:00+00:00,0,0,0,0,0,0
2018-10-14 07:30:00+00:00,0,0,0,0,0,0
2018-10-14 08:00:00+00:00,0,0,0,0,0,0
2018-10-14 08:30:00+00:00,0,0,0,0,0,0
2018-10-14 09:00:00+00:00,0,0,0,0,0,0
2018-10-14 09:30:00+00:00,0,0,0,0,0,0
2018-10-14 10:00:00+00:00,0,0,0,0,0,0
2018-10-14 10:30:00+00:00,0,0,0,0,0,0
2018-10-14 11:00:00+00:00,0,0,0,0,0,0
2018-10-14 11:30:00+00:00,0,0,0,0,0,0
2018-10-14 12:00:00+00:00,0,0,0,0,0,0
2018-10-14 12:30:00+00:00,0,0,0,0,0,0
2018-10-14 13:00:00+00:00,0,0,0,0,0,0
2018-10-14 13:30:00+00:00,0,0,0,0,0,0
2018-10-14 14:00:00+00:00,0,0,0,0,0,0
2018-10-14 14:30:00+00:00,0,0,0,0,0,0
2018-10-14 15:00:00+00:00,0,0,0,0,0,0
2018-10-14 15:30:00+00:00,0,0,0,0,0,0
2018-10-14 16:00:00+00:00,0,0,0,0,0,0
2018-10-14 16:30:00+00:00,0,0,0,0,0,0
2018-10-14 17:00:00+00:00,0,0,0,0,0,0
2018-10-14 17:30:00+00:00,0,0,0,0,0,0
2018-10-14 18:00:00+00:00,0,0,0,0,0,0
2018-10-14 18:30:00+00:00,0,0,0,0,0,0
2018-10-14 19:00:00+00:00,0,0,0,0,0,0
2018-10-14 19:30:00+00:00,0,0,0,0,0,0
2018-10-14 20:00:00+00:00,0,0,0,0,0,0
2018-10-14 20:30:00+00:00,0,0,0,0,0,0
2018-10-14 21:00:00+00:00,0,0,0,0,0,0
2018-10-14 21:30:00+00:00,0,0,0,0,2,2
2018-10-14 22:00:00+00:00,0,0,0,0,0,0
2018-10-14 22:30:00+00:00,0,0,0,0,0,0
2018-10-14 23:00:00+00:00,0,0,0,0,0,0
2018-10-14 23:30:00+00:00,0,0,0,0,0,0
2018-10-15 00:00:00+00:00,0,0,0,0,0,0
2018-10-15 00:30:00+00:00,0,0,0,0,0,0
2018-10-15 01:00:00+00:00,0,0,0,0,0,0
2018-10-15 01:30:00+00:00,0,0,0,0,0,0
2018-10-15 02:00:00+00:00,0,0,0,0,0,0
2018-10-15 02:30:00+00:00,0,0,0,0,0,0
2018-10-15 03:00:00+00:00,0,0,0,0,0,0
2018-10-15 03:30:00+00:00,0,0,0,0,0,0
2018-10-15 04:00:00+00:00,0,0,0,0,0,0
2018-10-15 04:30:00+00:00,0,0,0,0,0,0
2018-10-15 05:00:00+00:00,0,0,0,0,0,0
2018-10-15 05:30:00+00:00,0,0,23,0,0,23
2018-10-15 06:00:00+00:00,0,15,3,0,0,18
2018-10-15 06:30:00+00:00,0,0,4,1,0,5
2018-10-15 07:00:00+00:00,0,1,5,2,0,8
2018-10-15 07:30:00+00:00,0,14,2,1,0,17
2018-10-15 08:00:00+00:00,0,31,3,4,0,38
2018-10-15 08:30:00+00:00,0,22,2,1,0,25
2018-10-15 09:00:00+00:00,0,3,1,0,0,4
2018-10-15 09:30:00+00:00,0,8,8,0,0,16
2018-10-15 10:00:00+00:00,0,2,17,0,0,19
2018-10-15 10:30:00+00:00,0,1,2,14,0,17
2018-10-15 11:00:00+00:00,0,4,6,9,0,19
2018-10-15 11:30:00+00:00,0,2,2,6,0,10
2018-10-15 12:00:00+00:00,0,3,4,19,0,26
2018-10-15 12:30:00+00:00,0,1,1,8,0,10
2018-10-15 13:00:00+00:00,0,1,6,6,0,13
2018-10-15 13:30:00+00:00,0,0,3,14,0,17
2018-10-15 14:00:00+00:00,0,1,3,10,0,14
2018-10-15 14:30:00+00:00,0,0,3,10,0,13
2018-10-15 15:00:00+00:00,0,0,0,12,0,12
2018-10-15 15:30:00+00:00,0,0,8,7,0,15
2018-10-15 16:00:00+00:00,0,0,2,0,0,2
2018-10-15 16:30:00+00:00,0,0,0,0,0,0
2018-10-15 17:00:00+00:00,0,0,0,0,0,0
2018-10-15 17:30:00+00:00,0,0,0,0,0,0
2018-10-15 18:00:00+00:00,0,0,1,0,0,1
2018-10-15 18:30:00+00:00,0,0,0,0,0,0
2018-10-15 19:00:00+00:00,0,0,0,0,0,0
2018-10-15 19:30:00+00:00,0,0,0,0,0,0
2018-10-15 20:00:00+00:00,0,0,0,0,0,0
2018-10-15 20:30:00+00:00,0,0,0,0,0,0
2018-10-15 21:00:00+00:00,0,0,16,0,0,16
2018-10-15 21:30:00+00:00,0,0,0,0,86,86
2018-10-15 22:00:00+00:00,0,0,0,0,0,0
2018-10-15 22:30:00+00:00,0,0,0,0,0,0
2018-10-15 23:00:00+00:00,0,0,0,0,0,0
2018-10-15 23:30:00+00:00,0,0,15,0,0,15
2018-10-16 00:00:00+00:00,0,0,0,0,0,0
2018-10-16 00:30:00+00:00,0,0,0,0,0,0
2018-10-16 01:00:00+00:00,0,0,0,0,0,0
2018-10-16 01:30:00+00:00,0,0,0,0,0,0
2018-10-16 02:00:00+00:00,0,0,0,0,0,0
2018-10-16 02:30:00+00:00,0,0,1,0,0,1
2018-10-16 03:00:00+00:00,0,0,1,0,0,1
2018-10-16 03:30:00+00:00,0,0,0,0,0,0
2018-10-16 04:00:00+00:00,0,0,9,0,0,9
2018-10-16 04:30:00+00:00,0,0,32,0,0,32
2018-10-16 05:00:00+00:00,0,0,17,0,0,17
2018-10-16 05:30:00+00:00,0,0,0,0,0,0
2018-10-16 06:00:00+00:00,0,2,2,0,0,4
2018-10-16 06:30:00+00:00,0,0,1,10,0,11
2018-10-16 07:00:00+00:00,0,3,1,5,0,9
2018-10-16 07:30:00+00:00,0,23,5,3,0,31
2018-10-16 08:00:00+00:00,0,27,6,7,0,40
2018-10-16 08:30:00+00:00,0,5,14,21,0,40
2018-10-16 09:00:00+00:00,0,9,7,6,0,22
2018-10-16 09:30:00+00:00,0,26,7,27,0,60
2018-10-16 10:00:00+00:00,0,1,10,18,0,29
2018-10-16 10:30:00+00:00,0,1,33,4,0,38
2018-10-16 11:00:00+00:00,0,2,21,17,0,40
2018-10-16 11:30:00+00:00,0,26,4,8,0,38
2018-10-16 12:00:00+00:00,0,33,9,22,0,64
2018-10-16 12:30:00+00:00,0,49,16,2,0,67
2018-10-16 13:00:00+00:00,0,0,4,12,0,16
2018-10-16 13:30:00+00:00,0,10,17,8,0,35
2018-10-16 14:00:00+00:00,92,14,16,0,0,122
2018-10-16 14:30:00+00:00,0,6,11,0,0,17
2018-10-16 15:00:00+00:00,0,0,0,4,0,4
2018-10-16 15:30:00+00:00,0,1,4,0,0,5
2018-10-16 16:00:00+00:00,0,0,0,0,0,0
2018-10-16 16:30:00+00:00,0,0,0,0,0,0
2018-10-16 17:00:00+00:00,0,0,0,0,0,0
2018-10-16 17:30:00+00:00,0,0,0,0,0,0
2018-10-16 18:00:00+00:00,0,0,0,0,0,0
2018-10-16 18:30:00+00:00,0,0,0,0,0,0
2018-10-16 19:00:00+00:00,0,0,0,0,0,0
2018-10-16 19:30:00+00:00,0,0,0,0,0,0
2018-10-16 20:00:00+00:00,0,0,0,0,0,0
2018-10-16 20:30:00+00:00,0,0,0,0,0,0
2018-10-16 21:00:00+00:00,0,0,2,0,0,2
2018-10-16 21:30:00+00:00,0,0,0,0,74,74
2018-10-16 22:00:00+00:00,0,0,0,0,0,0
2018-10-16 22:30:00+00:00,0,0,0,0,0,0
2018-10-16 23:00:00+00:00,0,0,0,0,0,0
2018-10-16 23:30:00+00:00,0,0,0,0,0,0
2018-10-17 00:00:00+00:00,0,0,0,0,0,0
2018-10-17 00:30:00+00:00,0,0,0,0,0,0
2018-10-17 01:00:00+00:00,0,0,0,0,0,0
2018-10-17 01:30:00+00:00,0,0,0,0,0,0
2018-10-17 02:00:00+00:00,0,0,0,0,0,0
2018-10-17 02:30:00+00:00,0,0,0,0,0,0
2018-10-17 03:00:00+00:00,0,0,0,0,0,0
2018-10-17 03:30:00+00:00,0,0,0,0,0,0
2018-10-17 04:00:00+00:00,0,0,1,0,0,1
2018-10-17 04:30:00+00:00,0,0,5,0,0,5
2018-10-17 05:00:00+00:00,0,0,0,0,0,0
2018-10-17 05:30:00+00:00,0,1,6,0,0,7
2018-10-17 06:00:00+00:00,0,4,6,0,0,10
2018-10-17 06:30:00+00:00,0,1,3,1,0,5
2018-10-17 07:00:00+00:00,0,0,0,0,0,0
2018-10-17 07:30:00+00:00,0,6,5,0,0,11
2018-10-17 08:00:00+00:00,0,1,0,3,0,4
2018-10-17 08:30:00+00:00,0,1,8,0,0,9
2018-10-17 09:00:00+00:00,0,3,19,2,0,24
2018-10-17 09:30:00+00:00,0,0,7,14,0,21
2018-10-17 10:00:00+00:00,0,0,11,25,0,36
2018-10-17 10:30:00+00:00,0,5,0,15,0,20
2018-10-17 11:00:00+00:00,0,7,3,5,0,15
2018-10-17 11:30:00+00:00,0,12,39,0,0,51
2018-10-17 12:00:00+00:00,0,12,14,5,0,31
2018-10-17 12:30:00+00:00,0,15,11,12,0,38
2018-10-17 13:00:00+00:00,0,0,6,9,0,15
2018-10-17 13:30:00+00:00,0,1,13,52,0,66
2018-10-17 14:00:00+00:00,0,1,18,12,0,31
2018-10-17 14:30:00+00:00,0,11,8,3,0,22
2018-10-17 15:00:00+00:00,0,0,0,7,0,7
2018-10-17 15:30:00+00:00,0,0,3,3,0,6
2018-10-17 16:00:00+00:00,0,2,0,0,0,2
2018-10-17 16:30:00+00:00,0,0,0,0,0,0
2018-10-17 17:00:00+00:00,0,0,0,0,0,0
2018-10-17 17:30:00+00:00,0,0,0,0,0,0
2018-10-17 18:00:00+00:00,0,0,1,0,0,1
2018-10-17 18:30:00+00:00,0,0,0,0,0,0
2018-10-17 19:00:00+00:00,0,0,0,0,0,0
2018-10-17 19:30:00+00:00,0,0,0,0,0,0
2018-10-17 20:00:00+00:00,0,0,0,0,0,0
2018-10-17 20:30:00+00:00,0,0,0,0,0,0
2018-10-17 21:00:00+00:00,0,0,0,0,0,0
2018-10-17 21:30:00+00:00,0,0,0,0,106,106
2018-10-17 22:00:00+00:00,0,0,0,0,0,0
2018-10-17 22:30:00+00:00,0,0,0,0,0,0
2018-10-17 23:00:00+00:00,0,0,0,0,0,0
2018-10-17 23:30:00+00:00,0,0,0,0,0,0
2018-10-18 00:00:00+00:00,0,0,0,0,0,0
2018-10-18 00:30:00+00:00,0,0,0,0,0,0
2018-10-18 01:00:00+00:00,0,0,0,0,0,0
2018-10-18 01:30:00+00:00,0,0,0,0,0,0
2018-10-18 02:00:00+00:00,0,0,0,3,0,3
2018-10-18 02:30:00+00:00,0,0,0,0,0,0
2018-10-18 03:00:00+00:00,0,0,0,1,0,1
2018-10-18 03:30:00+00:00,0,0,0,5,0,5
2018-10-18 04:00:00+00:00,0,0,0,11,0,11
2018-10-18 04:30:00+00:00,0,0,0,1,0,1
2018-10-18 05:00:00+00:00,0,0,3,1,0,4
2018-10-18 05:30:00+00:00,0,0,0,5,0,5
2018-10-18 06:00:00+00:00,0,1,3,2,0,6
2018-10-18 06:30:00+00:00,0,4,21,2,0,27
2018-10-18 07:00:00+00:00,0,3,1,4,0,8
2018-10-18 07:30:00+00:00,0,7,2,4,0,13
2018-10-18 08:00:00+00:00,0,34,1,5,0,40
2018-10-18 08:30:00+00:00,0,15,0,0,0,15
2018-10-18 09:00:00+00:00,0,0,12,2,0,14
2018-10-18 09:30:00+00:00,0,21,0,6,0,27
2018-10-18 10:00:00+00:00,0,0,7,9,0,16
2018-10-18 10:30:00+00:00,0,0,5,4,0,9
2018-10-18 11:00:00+00:00,1,2,4,0,0,7
2018-10-18 11:30:00+00:00,0,8,1,5,0,14
2018-10-18 12:00:00+00:00,0,19,1,1,0,21
2018-10-18 12:30:00+00:00,0,4,4,8,0,16
2018-10-18 13:00:00+00:00,0,0,0,21,0,21
2018-10-18 13:30:00+00:00,332,0,1,2,0,335
2018-10-18 14:00:00+00:00,0,19,9,1,0,29
2018-10-18 14:30:00+00:00,0,0,1,2,0,3
2018-10-18 15:00:00+00:00,11,0,0,7,0,18
2018-10-18 15:30:00+00:00,0,0,2,0,0,2
2018-10-18 16:00:00+00:00,0,0,0,0,0,0
2018-10-18 16:30:00+00:00,0,0,0,0,0,0
2018-10-18 17:00:00+00:00,0,0,3,0,0,3
2018-10-18 17:30:00+00:00,0,0,1,0,0,1
2018-10-18 18:00:00+00:00,0,0,0,0,0,0
2018-10-18 18:30:00+00:00,0,0,0,0,0,0
2018-10-18 19:00:00+00:00,0,0,7,0,0,7
2018-10-18 19:30:00+00:00,0,0,0,0,0,0
2018-10-18 20:00:00+00:00,0,0,0,0,0,0
2018-10-18 20:30:00+00:00,0,0,0,0,0,0
2018-10-18 21:00:00+00:00,0,0,0,0,0,0
2018-10-18 21:30:00+00:00,0,0,0,0,167,167
2018-10-18 22:00:00+00:00,0,0,0,0,0,0
2018-10-18 22:30:00+00:00,0,0,0,0,0,0
2018-10-18 23:00:00+00:00,0,0,0,0,0,0
2018-10-18 23:30:00+00:00,0,0,0,0,0,0
2018-10-19 00:00:00+00:00,0,0,0,0,0,0
2018-10-19 00:30:00+00:00,0,0,0,0,0,0
2018-10-19 01:00:00+00:00,0,0,0,0,0,0
2018-10-19 01:30:00+00:00,0,0,0,0,0,0
2018-10-19 02:00:00+00:00,0,0,1,0,0,1
2018-10-19 02:30:00+00:00,0,0,0,0,0,0
2018-10-19 03:00:00+00:00,0,0,0,0,0,0
2018-10-19 03:30:00+00:00,0,0,0,0,0,0
2018-10-19 04:00:00+00:00,0,0,0,7,0,7
2018-10-19 04:30:00+00:00,0,0,0,0,0,0
2018-10-19 05:00:00+00:00,0,0,0,0,0,0
2018-10-19 05:30:00+00:00,0,0,13,0,0,13
2018-10-19 06:00:00+00:00,0,1,0,8,0,9
2018-10-19 06:30:00+00:00,0,4,3,0,0,7
2018-10-19 07:00:00+00:00,0,2,2,1,0,5
2018-10-19 07:30:00+00:00,0,10,6,0,0,16
2018-10-19 08:00:00+00:00,0,4,0,0,0,4
2018-10-19 08:30:00+00:00,0,10,5,0,0,15
2018-10-19 09:00:00+00:00,0,33,22,0,0,55
2018-10-19 09:30:00+00:00,0,23,7,0,0,30
2018-10-19 10:00:00+00:00,0,0,4,0,0,4
2018-10-19 10:30:00+00:00,0,1,1,0,0,2
2018-10-19 11:00:00+00:00,0,0,8,0,0,8
2018-10-19 11:30:00+00:00,0,0,1,0,0,1
2018-10-19 12:00:00+00:00,0,0,0,0,0,0
2018-10-19 12:30:00+00:00,0,2,7,0,0,9
2018-10-19 13:00:00+00:00,0,2,2,0,0,4
2018-10-19 13:30:00+00:00,0,1,0,0,0,1
2018-10-19 14:00:00+00:00,0,0,0,0,0,0
2018-10-19 14:30:00+00:00,0,0,1,0,0,1
2018-10-19 15:00:00+00:00,0,0,0,0,0,0
2018-10-19 15:30:00+00:00,0,0,6,0,0,6
2018-10-19 16:00:00+00:00,0,0,0,0,0,0
2018-10-19 16:30:00+00:00,0,0,0,0,0,0
2018-10-19 17:00:00+00:00,0,0,0,0,0,0
2018-10-19 17:30:00+00:00,0,0,0,0,0,0
2018-10-19 18:00:00+00:00,0,0,0,0,0,0
2018-10-19 18:30:00+00:00,0,0,0,0,0,0
2018-10-19 19:00:00+00:00,0,0,0,0,0,0
2018-10-19 19:30:00+00:00,0,0,0,0,0,0
2018-10-19 20:00:00+00:00,0,0,0,0,0,0
2018-10-19 20:30:00+00:00,0,0,0,0,0,0
2018-10-19 21:00:00+00:00,0,0,0,0,0,0
2018-10-19 21:30:00+00:00,0,0,0,0,119,119
2018-10-19 22:00:00+00:00,0,0,0,0,0,0
2018-10-19 22:30:00+00:00,0,0,0,0,0,0
2018-10-19 23:00:00+00:00,0,0,0,0,0,0
2018-10-19 23:30:00+00:00,0,0,0,0,0,0
2018-10-20 00:00:00+00:00,0,0,0,0,0,0
2018-10-20 00:30:00+00:00,0,0,0,0,0,0
2018-10-20 01:00:00+00:00,0,0,0,0,0,0
2018-10-20 01:30:00+00:00,0,0,0,0,0,0
2018-10-20 02:00:00+00:00,0,0,0,0,0,0
2018-10-20 02:30:00+00:00,0,0,0,0,0,0
2018-10-20 03:00:00+00:00,0,0,0,0,0,0
2018-10-20 03:30:00+00:00,0,0,0,0,0,0
2018-10-20 04:00:00+00:00,0,0,0,0,0,0
2018-10-20 04:30:00+00:00,0,0,0,0,0,0
2018-10-20 05:00:00+00:00,0,0,0,0,0,0
2018-10-20 05:30:00+00:00,0,0,0,0,0,0
2018-10-20 06:00:00+00:00,0,0,0,0,0,0
2018-10-20 06:30:00+00:00,0,0,0,0,0,0
2018-10-20 07:00:00+00:00,0,0,0,0,0,0
2018-10-20 07:30:00+00:00,0,0,0,0,0,0
2018-10-20 08:00:00+00:00,0,0,0,0,0,0
2018-10-20 08:30:00+00:00,0,0,0,0,0,0
2018-10-20 09:00:00+00:00,0,0,0,0,0,0
2018-10-20 09:30:00+00:00,0,0,0,0,0,0
2018-10-20 10:00:00+00:00,0,0,0,0,0,0
2018-10-20 10:30:00+00:00,0,0,0,0,0,0
2018-10-20 11:00:00+00:00,0,0,0,0,0,0
2018-10-20 11:30:00+00:00,0,0,0,0,0,0
2018-10-20 12:00:00+00:00,0,0,0,0,0,0
2018-10-20 12:30:00+00:00,0,0,0,0,0,0
2018-10-20 13:00:00+00:00,0,0,0,0,0,0
2018-10-20 13:30:00+00:00,0,0,0,0,0,0
2018-10-20 14:00:00+00:00,0,0,0,0,0,0
2018-10-20 14:30:00+00:00,0,0,0,0,0,0
2018-10-20 15:00:00+00:00,0,0,0,0,0,0
2018-10-20 15:30:00+00:00,0,0,0,0,0,0
2018-10-20 16:00:00+00:00,0,0,0,0,0,0
2018-10-20 16:30:00+00:00,0,0,0,0,0,0
2018-10-20 17:00:00+00:00,0,0,0,0,0,0
2018-10-20 17:30:00+00:00,0,0,0,0,0,0
2018-10-20 18:00:00+00:00,0,0,0,0,0,0
2018-10-20 18:30:00+00:00,0,0,0,0,0,0
2018-10-20 19:00:00+00:00,0,0,0,0,0,0
2018-10-20 19:30:00+00:00,0,0,0,0,0,0
2018-10-20 20:00:00+00:00,0,0,0,0,0,0
2018-10-20 20:30:00+00:00,0,0,0,0,0,0
2018-10-20 21:00:00+00:00,0,0,0,0,0,0
2018-10-20 21:30:00+00:00,0,0,0,0,1,1
2018-10-20 22:00:00+00:00,0,0,0,0,0,0
2018-10-20 22:30:00+00:00,0,0,0,0,0,0
2018-10-20 23:00:00+00:00,0,0,0,0,0,0
2018-10-20 23:30:00+00:00,0,0,0,0,0,0
2018-10-21 00:00:00+00:00,0,0,0,0,0,0
2018-10-21 00:30:00+00:00,0,0,0,0,0,0
2018-10-21 01:00:00+00:00,0,0,0,0,0,0
2018-10-21 01:30:00+00:00,0,0,0,0,0,0
2018-10-21 02:00:00+00:00,0,0,0,0,0,0
2018-10-21 02:30:00+00:00,0,0,0,0,0,0
2018-10-21 03:00:00+00:00,0,0,0,0,0,0
2018-10-21 03:30:00+00:00,0,0,0,0,0,0
2018-10-21 04:00:00+00:00,0,0,0,0,0,0
2018-10-21 04:30:00+00:00,0,0,0,0,0,0
2018-10-21 05:00:00+00:00,0,0,0,0,0,0
2018-10-21 05:30:00+00:00,0,0,0,0,0,0
2018-10-21 06:00:00+00:00,0,0,0,0,0,0
2018-10-21 06:30:00+00:00,0,2,0,0,0,2
2018-10-21 07:00:00+00:00,0,0,0,0,0,0
2018-10-21 07:30:00+00:00,0,0,0,0,0,0
2018-10-21 08:00:00+00:00,0,0,0,0,0,0
2018-10-21 08:30:00+00:00,0,0,0,0,0,0
2018-10-21 09:00:00+00:00,0,0,0,0,0,0
2018-10-21 09:30:00+00:00,0,0,0,0,0,0
2018-10-21 10:00:00+00:00,0,0,0,0,0,0
2018-10-21 10:30:00+00:00,0,0,0,0,0,0
2018-10-21 11:00:00+00:00,0,0,0,0,0,0
2018-10-21 11:30:00+00:00,0,0,0,0,0,0
2018-10-21 12:00:00+00:00,0,0,0,0,0,0
2018-10-21 12:30:00+00:00,0,0,0,0,0,0
2018-10-21 13:00:00+00:00,0,0,0,0,0,0
2018-10-21 13:30:00+00:00,0,0,0,0,0,0
2018-10-21 14:00:00+00:00,0,0,0,0,0,0
2018-10-21 14:30:00+00:00,0,0,0,0,0,0
2018-10-21 15:00:00+00:00,0,0,0,0,0,0
2018-10-21 15:30:00+00:00,0,0,0,0,0,0
2018-10-21 16:00:00+00:00,0,0,0,0,0,0
2018-10-21 16:30:00+00:00,0,0,0,0,0,0
2018-10-21 17:00:00+00:00,0,0,0,0,0,0
2018-10-21 17:30:00+00:00,0,0,0,0,0,0
2018-10-21 18:00:00+00:00,0,0,0,0,0,0
2018-10-21 18:30:00+00:00,0,0,0,0,0,0
2018-10-21 19:00:00+00:00,0,0,0,0,0,0
2018-10-21 19:30:00+00:00,0,0,0,0,0,0
2018-10-21 20:00:00+00:00,0,0,0,0,0,0
2018-10-21 20:30:00+00:00,0,0,0,0,0,0
2018-10-21 21:00:00+00:00,0,0,0,0,0,0
2018-10-21 21:30:00+00:00,0,0,0,0,0,0
2018-10-21 22:00:00+00:00,0,0,0,0,0,0
2018-10-21 22:30:00+00:00,0,0,0,0,0,0
2018-10-21 23:00:00+00:00,0,0,19,0,0,19
2018-10-21 23:30:00+00:00,0,0,0,0,0,0
2018-10-22 00:00:00+00:00,0,0,0,0,0,0
2018-10-22 00:30:00+00:00,0,0,0,0,0,0
2018-10-22 01:00:00+00:00,0,0,0,0,0,0
2018-10-22 01:30:00+00:00,0,0,0,0,0,0
2018-10-22 02:00:00+00:00,0,0,0,0,0,0
2018-10-22 02:30:00+00:00,0,0,0,0,0,0
2018-10-22 03:00:00+00:00,0,0,0,0,0,0
2018-10-22 03:30:00+00:00,0,0,0,0,0,0
2018-10-22 04:00:00+00:00,0,0,0,0,0,0
2018-10-22 04:30:00+00:00,0,0,0,0,0,0
2018-10-22 05:00:00+00:00,0,1,0,0,0,1
2018-10-22 05:30:00+00:00,0,0,17,0,0,17
2018-10-22 06:00:00+00:00,0,0,1,0,0,1
2018-10-22 06:30:00+00:00,0,0,0,0,0,0
2018-10-22 07:00:00+00:00,0,7,11,0,0,18
2018-10-22 07:30:00+00:00,0,26,11,0,0,37
2018-10-22 08:00:00+00:00,0,1,0,0,0,1
2018-10-22 08:30:00+00:00,0,3,15,0,0,18
2018-10-22 09:00:00+00:00,0,0,8,3,0,11
2018-10-22 09:30:00+00:00,0,0,14,0,0,14
2018-10-22 10:00:00+00:00,0,2,11,2,0,15
2018-10-22 10:30:00+00:00,0,0,7,15,0,22
2018-10-22 11:00:00+00:00,0,0,4,31,0,35
2018-10-22 11:30:00+00:00,0,0,12,3,0,15
2018-10-22 12:00:00+00:00,0,0,8,2,0,10
2018-10-22 12:30:00+00:00,0,0,9,14,0,23
2018-10-22 13:00:00+00:00,0,0,6,26,0,32
2018-10-22 13:30:00+00:00,0,2,5,27,0,34
2018-10-22 14:00:00+00:00,0,2,0,26,0,28
2018-10-22 14:30:00+00:00,0,1,16,15,0,32
2018-10-22 15:00:00+00:00,0,0,4,0,0,4
2018-10-22 15:30:00+00:00,0,0,3,10,0,13
2018-10-22 16:00:00+00:00,0,0,0,2,0,2
2018-10-22 16:30:00+00:00,0,0,0,0,0,0
2018-10-22 17:00:00+00:00,0,0,1,0,0,1
2018-10-22 17:30:00+00:00,0,0,0,0,0,0
2018-10-22 18:00:00+00:00,0,0,0,0,0,0
2018-10-22 18:30:00+00:00,0,0,0,0,0,0
2018-10-22 19:00:00+00:00,0,0,0,0,0,0
2018-10-22 19:30:00+00:00,0,1,0,0,0,1
2018-10-22 20:00:00+00:00,0,0,0,0,0,0
2018-10-22 20:30:00+00:00,0,0,0,0,0,0
2018-10-22 21:00:00+00:00,0,0,0,0,0,0
2018-10-22 21:30:00+00:00,0,0,0,0,89,89
2018-10-22 22:00:00+00:00,0,0,0,0,0,0
2018-10-22 22:30:00+00:00,0,0,0,0,0,0
2018-10-22 23:00:00+00:00,0,0,0,0,0,0
2018-10-22 23:30:00+00:00,0,0,0,0,0,0
2018-10-23 00:00:00+00:00,0,0,0,0,0,0
2018-10-23 00:30:00+00:00,0,0,0,0,0,0
2018-10-23 01:00:00+00:00,0,0,0,0,0,0
2018-10-23 01:30:00+00:00,0,0,0,0,0,0
2018-10-23 02:00:00+00:00,0,0,0,0,0,0
2018-10-23 02:30:00+00:00,0,0,0,0,0,0
2018-10-23 03:00:00+00:00,0,0,0,0,0,0
2018-10-23 03:30:00+00:00,0,0,0,0,0,0
2018-10-23 04:00:00+00:00,0,0,0,0,0,0
2018-10-23 04:30:00+00:00,0,0,4,0,0,4
2018-10-23 05:00:00+00:00,0,0,3,0,0,3
2018-10-23 05:30:00+00:00,0,2,1,0,0,3
2018-10-23 06:00:00+00:00,0,0,4,0,0,4
2018-10-23 06:30:00+00:00,0,0,8,0,0,8
2018-10-23 07:00:00+00:00,0,24,0,12,0,36
2018-10-23 07:30:00+00:00,0,68,3,12,0,83
2018-10-23 08:00:00+00:00,0,3,2,2,0,7
2018-10-23 08:30:00+00:00,0,2,11,3,0,16
2018-10-23 09:00:00+00:00,0,0,1,10,0,11
2018-10-23 09:30:00+00:00,0,7,11,5,0,23
2018-10-23 10:00:00+00:00,0,7,5,9,0,21
2018-10-23 10:30:00+00:00,0,6,1,0,0,7
2018-10-23 11:00:00+00:00,0,0,9,4,0,13
2018-10-23 11:30:00+00:00,0,18,7,0,0,25
2018-10-23 12:00:00+00:00,0,1,3,8,0,12
2018-10-23 12:30:00+00:00,0,15,2,17,0,34
2018-10-23 13:00:00+00:00,0,3,6,9,0,18
2018-10-23 13:30:00+00:00,0,3,1,9,0,13
2018-10-23 14:00:00+00:00,0,0,12,0,0,12
2018-10-23 14:30:00+00:00,0,0,4,1,0,5
2018-10-23 15:00:00+00:00,0,2,0,3,0,5
2018-10-23 15:30:00+00:00,0,0,11,2,0,13
2018-10-23 16:00:00+00:00,0,18,0,6,0,24
2018-10-23 16:30:00+00:00,0,1,0,0,0,1
2018-10-23 17:00:00+00:00,0,0,0,0,0,0
2018-10-23 17:30:00+00:00,0,0,0,0,0,0
2018-10-23 18:00:00+00:00,0,0,0,0,0,0
2018-10-23 18:30:00+00:00,0,0,0,0,0,0
2018-10-23 19:00:00+00:00,0,0,0,0,0,0
2018-10-23 19:30:00+00:00,0,0,0,0,0,0
2018-10-23 20:00:00+00:00,0,0,0,0,0,0
2018-10-23 20:30:00+00:00,0,0,0,0,0,0
2018-10-23 21:00:00+00:00,0,0,0,0,0,0
2018-10-23 21:30:00+00:00,0,0,0,0,81,81
2018-10-23 22:00:00+00:00,0,0,0,0,0,0
2018-10-23 22:30:00+00:00,0,0,0,0,0,0
2018-10-23 23:00:00+00:00,0,0,0,0,0,0
2018-10-23 23:30:00+00:00,0,0,0,0,0,0
2018-10-24 00:00:00+00:00,0,0,0,0,0,0
2018-10-24 00:30:00+00:00,0,0,0,0,0,0
2018-10-24 01:00:00+00:00,0,0,0,0,0,0
2018-10-24 01:30:00+00:00,0,0,0,0,0,0
2018-10-24 02:00:00+00:00,0,0,3,0,0,3
2018-10-24 02:30:00+00:00,0,0,0,0,0,0
2018-10-24 03:00:00+00:00,0,0,0,0,0,0
2018-10-24 03:30:00+00:00,0,0,0,0,0,0
2018-10-24 04:00:00+00:00,0,0,1,0,0,1
2018-10-24 04:30:00+00:00,0,0,1,0,0,1
2018-10-24 05:00:00+00:00,0,0,2,0,0,2
2018-10-24 05:30:00+00:00,0,0,6,0,0,6
2018-10-24 06:00:00+00:00,0,1,4,0,0,5
2018-10-24 06:30:00+00:00,0,0,3,1,0,4
2018-10-24 07:00:00+00:00,0,2,13,2,0,17
2018-10-24 07:30:00+00:00,0,0,3,1,0,4
2018-10-24 08:00:00+00:00,0,0,3,0,0,3
2018-10-24 08:30:00+00:00,0,5,17,0,0,22
2018-10-24 09:00:00+00:00,0,1,7,2,0,10
2018-10-24 09:30:00+00:00,0,0,7,0,0,7
2018-10-24 10:00:00+00:00,0,2,6,1,0,9
2018-10-24 10:30:00+00:00,0,0,8,10,0,18
2018-10-24 11:00:00+00:00,0,18,13,0,0,31
2018-10-24 11:30:00+00:00,0,0,20,0,0,20
2018-10-24 12:00:00+00:00,0,1,10,3,0,14
2018-10-24 12:30:00+00:00,0,1,12,22,0,35
2018-10-24 13:00:00+00:00,0,1,6,31,0,38
2018-10-24 13:30:00+00:00,0,4,0,21,0,25
2018-10-24 14:00:00+00:00,0,10,0,30,0,40
2018-10-24 14:30:00+00:00,0,4,0,2,0,6
2018-10-24 15:00:00+00:00,0,19,0,2,0,21
2018-10-24 15:30:00+00:00,0,0,7,0,0,7
2018-10-24 16:00:00+00:00,0,0,0,0,0,0
2018-10-24 16:30:00+00:00,0,0,0,0,0,0
2018-10-24 17:00:00+00:00,0,0,0,0,0,0
2018-10-24 17:30:00+00:00,0,0,15,0,0,15
2018-10-24 18:00:00+00:00,0,0,1,0,0,1
2018-10-24 18:30:00+00:00,0,0,0,0,0,0
2018-10-24 19:00:00+00:00,0,0,0,0,0,0
2018-10-24 19:30:00+00:00,0,0,0,0,0,0
2018-10-24 20:00:00+00:00,0,0,0,0,0,0
2018-10-24 20:30:00+00:00,0,0,0,0,0,0
2018-10-24 21:00:00+00:00,0,0,0,0,0,0
2018-10-24 21:30:00+00:00,0,0,0,0,91,91
2018-10-24 22:00:00+00:00,0,0,0,0,0,0
2018-10-24 22:30:00+00:00,0,0,0,0,0,0
2018-10-24 23:00:00+00:00,0,0,0,0,0,0
2018-10-24 23:30:00+00:00,0,0,0,0,0,0
2018-10-25 00:00:00+00:00,0,0,0,0,0,0
2018-10-25 00:30:00+00:00,0,0,0,0,0,0
2018-10-25 01:00:00+00:00,0,0,0,0,0,0
2018-10-25 01:30:00+00:00,0,0,0,0,0,0
2018-10-25 02:00:00+00:00,0,0,0,0,0,0
2018-10-25 02:30:00+00:00,0,0,0,0,0,0
2018-10-25 03:00:00+00:00,0,0,0,0,0,0
2018-10-25 03:30:00+00:00,0,0,0,0,0,0
2018-10-25 04:00:00+00:00,0,0,0,0,0,0
2018-10-25 04:30:00+00:00,0,0,0,0,0,0
2018-10-25 05:00:00+00:00,0,0,1,0,0,1
2018-10-25 05:30:00+00:00,0,1,9,0,0,10
2018-10-25 06:00:00+00:00,0,1,1,0,0,2
2018-10-25 06:30:00+00:00,0,0,0,0,0,0
2018-10-25 07:00:00+00:00,0,7,6,0,0,13
2018-10-25 07:30:00+00:00,0,0,11,0,0,11
2018-10-25 08:00:00+00:00,0,8,1,7,0,16
2018-10-25 08:30:00+00:00,0,19,8,1,0,28
2018-10-25 09:00:00+00:00,0,27,5,2,0,34
2018-10-25 09:30:00+00:00,0,7,0,19,0,26
2018-10-25 10:00:00+00:00,0,9,4,6,0,19
2018-10-25 10:30:00+00:00,0,2,6,1,0,9
2018-10-25 11:00:00+00:00,0,9,3,0,0,12
2018-10-25 11:30:00+00:00,0,4,9,0,0,13
2018-10-25 12:00:00+00:00,0,0,0,0,0,0
2018-10-25 12:30:00+00:00,0,0,2,1,0,3
2018-10-25 13:00:00+00:00,0,0,2,1,0,3
2018-10-25 13:30:00+00:00,0,0,2,1,0,3
2018-10-25 14:00:00+00:00,0,1,0,4,0,5
2018-10-25 14:30:00+00:00,0,4,1,0,0,5
2018-10-25 15:00:00+00:00,0,3,4,4,0,11
2018-10-25 15:30:00+00:00,0,0,9,0,0,9
2018-10-25 16:00:00+00:00,0,0,0,0,0,0
2018-10-25 16:30:00+00:00,0,0,0,0,0,0
2018-10-25 17:00:00+00:00,0,0,0,0,0,0
2018-10-25 17:30:00+00:00,0,0,0,0,0,0
2018-10-25 18:00:00+00:00,0,0,0,0,0,0
2018-10-25 18:30:00+00:00,0,0,1,0,0,1
2018-10-25 19:00:00+00:00,0,0,0,0,0,0
2018-10-25 19:30:00+00:00,0,0,0,0,0,0
2018-10-25 20:00:00+00:00,0,0,0,0,0,0
2018-10-25 20:30:00+00:00,0,0,0,0,0,0
2018-10-25 21:00:00+00:00,0,0,0,0,0,0
2018-10-25 21:30:00+00:00,0,0,0,0,92,92
2018-10-25 22:00:00+00:00,0,0,0,0,0,0
2018-10-25 22:30:00+00:00,0,0,0,0,0,0
2018-10-25 23:00:00+00:00,0,0,0,0,0,0
2018-10-25 23:30:00+00:00,0,0,0,0,0,0
2018-10-26 00:00:00+00:00,0,0,0,0,0,0
2018-10-26 00:30:00+00:00,0,0,0,0,0,0
2018-10-26 01:00:00+00:00,0,0,0,0,0,0
2018-10-26 01:30:00+00:00,0,0,0,0,0,0
2018-10-26 02:00:00+00:00,0,0,0,0,0,0
2018-10-26 02:30:00+00:00,0,0,0,0,0,0
2018-10-26 03:00:00+00:00,0,0,0,0,0,0
2018-10-26 03:30:00+00:00,0,0,0,0,0,0
2018-10-26 04:00:00+00:00,0,0,0,0,0,0
2018-10-26 04:30:00+00:00,0,0,7,0,0,7
2018-10-26 05:00:00+00:00,0,0,1,0,0,1
2018-10-26 05:30:00+00:00,0,0,0,0,0,0
2018-10-26 06:00:00+00:00,0,2,4,1,0,7
2018-10-26 06:30:00+00:00,0,6,3,0,0,9
2018-10-26 07:00:00+00:00,0,0,0,0,0,0
2018-10-26 07:30:00+00:00,0,4,1,0,0,5
2018-10-26 08:00:00+00:00,0,1,7,0,0,8
2018-10-26 08:30:00+00:00,0,1,16,0,0,17
2018-10-26 09:00:00+00:00,3980,0,36,0,0,4016
2018-10-26 09:30:00+00:00,0,8,4,2,0,14
2018-10-26 10:00:00+00:00,0,14,3,0,0,17
2018-10-26 10:30:00+00:00,0,0,1,5,0,6
2018-10-26 11:00:00+00:00,21,71,12,0,0,104
2018-10-26 11:30:00+00:00,0,2,6,2,0,10
2018-10-26 12:00:00+00:00,0,21,4,0,0,25
2018-10-26 12:30:00+00:00,0,0,1,2,0,3
2018-10-26 13:00:00+00:00,0,3,0,0,0,3
2018-10-26 13:30:00+00:00,0,2,1,6,0,9
2018-10-26 14:00:00+00:00,0,0,0,8,0,8
2018-10-26 14:30:00+00:00,0,0,0,2,0,2
2018-10-26 15:00:00+00:00,0,0,15,4,0,19
2018-10-26 15:30:00+00:00,0,0,2,2,0,4
2018-10-26 16:00:00+00:00,0,0,0,0,0,0
2018-10-26 16:30:00+00:00,0,0,0,0,0,0
2018-10-26 17:00:00+00:00,0,0,0,0,0,0
2018-10-26 17:30:00+00:00,0,0,0,0,0,0
2018-10-26 18:00:00+00:00,0,0,0,0,0,0
2018-10-26 18:30:00+00:00,0,0,12,0,0,12
2018-10-26 19:00:00+00:00,0,0,0,0,0,0
2018-10-26 19:30:00+00:00,0,0,0,0,0,0
2018-10-26 20:00:00+00:00,0,0,0,0,0,0
2018-10-26 20:30:00+00:00,0,0,0,0,0,0
2018-10-26 21:00:00+00:00,0,0,0,0,0,0
2018-10-26 21:30:00+00:00,0,0,0,0,103,103
2018-10-26 22:00:00+00:00,0,0,0,0,0,0
2018-10-26 22:30:00+00:00,0,0,0,0,0,0
2018-10-26 23:00:00+00:00,0,0,0,0,0,0
2018-10-26 23:30:00+00:00,0,0,0,0,0,0
2018-10-27 00:00:00+00:00,0,0,0,0,0,0
2018-10-27 00:30:00+00:00,0,0,0,0,0,0
2018-10-27 01:00:00+00:00,0,0,0,0,0,0
2018-10-27 01:30:00+00:00,0,0,0,0,0,0
2018-10-27 02:00:00+00:00,0,0,0,0,0,0
2018-10-27 02:30:00+00:00,0,0,0,0,0,0
2018-10-27 03:00:00+00:00,0,0,0,0,0,0
2018-10-27 03:30:00+00:00,0,0,0,0,0,0
2018-10-27 04:00:00+00:00,0,0,0,0,0,0
2018-10-27 04:30:00+00:00,0,0,0,0,0,0
2018-10-27 05:00:00+00:00,0,0,0,0,0,0
2018-10-27 05:30:00+00:00,0,0,0,0,0,0
2018-10-27 06:00:00+00:00,0,0,0,0,0,0
2018-10-27 06:30:00+00:00,0,0,0,0,0,0
2018-10-27 07:00:00+00:00,0,0,0,0,0,0
2018-10-27 07:30:00+00:00,0,0,0,0,0,0
2018-10-27 08:00:00+00:00,0,0,0,0,0,0
2018-10-27 08:30:00+00:00,0,0,0,0,0,0
2018-10-27 09:00:00+00:00,0,0,0,0,0,0
2018-10-27 09:30:00+00:00,0,0,0,0,0,0
2018-10-27 10:00:00+00:00,0,0,0,0,0,0
2018-10-27 10:30:00+00:00,0,0,0,0,0,0
2018-10-27 11:00:00+00:00,0,0,0,0,0,0
2018-10-27 11:30:00+00:00,0,0,0,0,0,0
2018-10-27 12:00:00+00:00,0,0,0,0,0,0
2018-10-27 12:30:00+00:00,0,0,0,0,0,0
2018-10-27 13:00:00+00:00,0,0,0,0,0,0
2018-10-27 13:30:00+00:00,0,0,0,0,0,0
2018-10-27 14:00:00+00:00,0,0,0,0,0,0
2018-10-27 14:30:00+00:00,0,0,0,0,0,0
2018-10-27 15:00:00+00:00,0,0,0,0,0,0
2018-10-27 15:30:00+00:00,0,0,0,0,0,0
2018-10-27 16:00:00+00:00,0,0,0,0,0,0
2018-10-27 16:30:00+00:00,0,0,0,0,0,0
2018-10-27 17:00:00+00:00,0,0,0,0,0,0
2018-10-27 17:30:00+00:00,0,0,0,0,0,0
2018-10-27 18:00:00+00:00,0,0,0,0,0,0
2018-10-27 18:30:00+00:00,0,0,0,0,0,0
2018-10-27 19:00:00+00:00,0,0,0,0,0,0
2018-10-27 19:30:00+00:00,0,0,0,0,0,0
2018-10-27 20:00:00+00:00,0,0,0,0,0,0
2018-10-27 20:30:00+00:00,0,0,0,0,0,0
2018-10-27 21:00:00+00:00,0,0,0,0,0,0
2018-10-27 21:30:00+00:00,0,0,0,0,0,0
2018-10-27 22:00:00+00:00,0,0,0,0,0,0
2018-10-27 22:30:00+00:00,0,0,0,0,0,0
2018-10-27 23:00:00+00:00,0,0,0,0,0,0
2018-10-27 23:30:00+00:00,0,0,0,0,0,0
2018-10-28 00:00:00+00:00,0,0,0,0,0,0
2018-10-28 00:30:00+00:00,0,0,0,0,0,0
2018-10-28 01:00:00+00:00,0,0,0,0,0,0
2018-10-28 01:30:00+00:00,0,0,0,0,0,0
2018-10-28 02:00:00+00:00,0,0,0,0,0,0
2018-10-28 02:30:00+00:00,0,0,0,0,0,0
2018-10-28 03:00:00+00:00,0,0,0,0,0,0
2018-10-28 03:30:00+00:00,0,0,0,0,0,0
2018-10-28 04:00:00+00:00,0,0,0,0,0,0
2018-10-28 04:30:00+00:00,0,0,0,0,0,0
2018-10-28 05:00:00+00:00,0,0,0,0,0,0
2018-10-28 05:30:00+00:00,0,0,0,0,0,0
2018-10-28 06:00:00+00:00,0,0,0,0,0,0
2018-10-28 06:30:00+00:00,0,0,0,0,0,0
2018-10-28 07:00:00+00:00,0,0,0,0,0,0
2018-10-28 07:30:00+00:00,0,0,0,0,0,0
2018-10-28 08:00:00+00:00,0,0,0,0,0,0
2018-10-28 08:30:00+00:00,0,0,0,0,0,0
2018-10-28 09:00:00+00:00,0,0,0,0,0,0
2018-10-28 09:30:00+00:00,0,0,0,0,0,0
2018-10-28 10:00:00+00:00,0,0,0,0,0,0
2018-10-28 10:30:00+00:00,0,0,0,0,0,0
2018-10-28 11:00:00+00:00,0,0,0,0,0,0
2018-10-28 11:30:00+00:00,0,0,0,0,0,0
2018-10-28 12:00:00+00:00,0,0,0,0,0,0
2018-10-28 12:30:00+00:00,0,0,0,0,0,0
2018-10-28 13:00:00+00:00,0,0,0,0,0,0
2018-10-28 13:30:00+00:00,0,0,0,0,0,0
2018-10-28 14:00:00+00:00,0,0,0,0,0,0
2018-10-28 14:30:00+00:00,0,0,0,0,0,0
2018-10-28 15:00:00+00:00,0,0,0,0,0,0
2018-10-28 15:30:00+00:00,0,0,0,0,0,0
2018-10-28 16:00:00+00:00,0,0,0,0,0,0
2018-10-28 16:30:00+00:00,0,0,0,0,0,0
2018-10-28 17:00:00+00:00,0,0,0,0,0,0
2018-10-28 17:30:00+00:00,0,0,0,0,0,0
2018-10-28 18:00:00+00:00,0,0,0,0,0,0
2018-10-28 18:30:00+00:00,0,0,0,0,0,0
2018-10-28 19:00:00+00:00,0,0,0,0,0,0
2018-10-28 19:30:00+00:00,0,0,0,0,0,0
2018-10-28 20:00:00+00:00,0,0,0,0,0,0
2018-10-28 20:30:00+00:00,0,0,0,0,0,0
2018-10-28 21:00:00+00:00,0,0,0,0,0,0
2018-10-28 21:30:00+00:00,0,0,0,0,0,0
2018-10-28 22:00:00+00:00,0,0,0,0,0,0
2018-10-28 22:30:00+00:00,0,0,0,0,0,0
2018-10-28 23:00:00+00:00,0,0,0,0,0,0
2018-10-28 23:30:00+00:00,0,0,0,0,0,0
2018-10-29 00:00:00+00:00,0,0,0,0,0,0
2018-10-29 00:30:00+00:00,0,0,0,0,0,0
2018-10-29 01:00:00+00:00,0,0,0,0,0,0
2018-10-29 01:30:00+00:00,0,0,0,0,0,0
2018-10-29 02:00:00+00:00,0,0,0,0,0,0
2018-10-29 02:30:00+00:00,0,0,0,0,0,0
2018-10-29 03:00:00+00:00,0,0,0,0,0,0
2018-10-29 03:30:00+00:00,0,0,0,0,0,0
2018-10-29 04:00:00+00:00,0,0,0,0,0,0
2018-10-29 04:30:00+00:00,0,0,0,0,0,0
2018-10-29 05:00:00+00:00,0,0,0,0,0,0
2018-10-29 05:30:00+00:00,0,0,1,0,0,1
2018-10-29 06:00:00+00:00,0,0,0,0,0,0
2018-10-29 06:30:00+00:00,0,0,0,3,0,3
2018-10-29 07:00:00+00:00,0,2,0,15,0,17
2018-10-29 07:30:00+00:00,0,31,23,5,0,59
2018-10-29 08:00:00+00:00,0,2,2,11,0,15
2018-10-29 08:30:00+00:00,0,2,2,5,0,9
2018-10-29 09:00:00+00:00,0,5,6,11,0,22
2018-10-29 09:30:00+00:00,0,2,4,1,0,7
2018-10-29 10:00:00+00:00,0,0,1,20,0,21
2018-10-29 10:30:00+00:00,0,4,13,13,0,30
2018-10-29 11:00:00+00:00,0,1,13,9,0,23
2018-10-29 11:30:00+00:00,0,3,3,4,0,10
2018-10-29 12:00:00+00:00,0,1,8,16,0,25
2018-10-29 12:30:00+00:00,0,11,6,6,0,23
2018-10-29 13:00:00+00:00,0,0,6,5,0,11
2018-10-29 13:30:00+00:00,0,2,5,6,0,13
2018-10-29 14:00:00+00:00,0,1,9,17,0,27
2018-10-29 14:30:00+00:00,0,2,5,1,0,8
2018-10-29 15:00:00+00:00,0,1,15,0,0,16
2018-10-29 15:30:00+00:00,0,5,0,2,0,7
2018-10-29 16:00:00+00:00,0,0,5,1,0,6
2018-10-29 16:30:00+00:00,0,0,2,1,0,3
2018-10-29 17:00:00+00:00,0,0,0,2,0,2
2018-10-29 17:30:00+00:00,0,0,10,0,0,10
2018-10-29 18:00:00+00:00,0,0,35,0,0,35
2018-10-29 18:30:00+00:00,0,0,0,0,0,0
2018-10-29 19:00:00+00:00,0,0,0,0,0,0
2018-10-29 19:30:00+00:00,0,0,0,0,0,0
2018-10-29 20:00:00+00:00,0,0,0,0,0,0
2018-10-29 20:30:00+00:00,0,0,0,0,0,0
2018-10-29 21:00:00+00:00,0,0,0,0,0,0
2018-10-29 21:30:00+00:00,0,0,0,0,0,0
2018-10-29 22:00:00+00:00,0,0,0,0,0,0
2018-10-29 22:30:00+00:00,0,0,0,0,106,106
2018-10-29 23:00:00+00:00,0,0,0,0,0,0
2018-10-29 23:30:00+00:00,0,0,0,0,0,0
2018-10-30 00:00:00+00:00,0,0,0,0,0,0
2018-10-30 00:30:00+00:00,0,0,0,0,0,0
2018-10-30 01:00:00+00:00,0,0,0,0,0,0
2018-10-30 01:30:00+00:00,0,0,0,0,0,0
2018-10-30 02:00:00+00:00,0,0,0,0,0,0
2018-10-30 02:30:00+00:00,0,0,0,0,0,0
2018-10-30 03:00:00+00:00,0,0,0,0,0,0
2018-10-30 03:30:00+00:00,0,0,0,0,0,0
2018-10-30 04:00:00+00:00,0,0,0,0,0,0
2018-10-30 04:30:00+00:00,0,0,0,0,0,0
2018-10-30 05:00:00+00:00,0,0,0,0,0,0
2018-10-30 05:30:00+00:00,0,0,0,0,0,0
2018-10-30 06:00:00+00:00,0,0,0,0,0,0
2018-10-30 06:30:00+00:00,0,0,1,0,0,1
2018-10-30 07:00:00+00:00,0,2,4,0,0,6
2018-10-30 07:30:00+00:00,0,1,3,3,0,7
2018-10-30 08:00:00+00:00,0,0,7,6,0,13
2018-10-30 08:30:00+00:00,0,4,3,2,0,9
2018-10-30 09:00:00+00:00,0,2,2,1,0,5
2018-10-30 09:30:00+00:00,0,0,4,8,0,12
2018-10-30 10:00:00+00:00,0,0,20,4,0,24
2018-10-30 10:30:00+00:00,0,0,27,8,0,35
2018-10-30 11:00:00+00:00,0,7,8,2,0,17
2018-10-30 11:30:00+00:00,0,0,5,0,0,5
2018-10-30 12:00:00+00:00,0,3,7,0,0,10
2018-10-30 12:30:00+00:00,0,1,5,8,0,14
2018-10-30 13:00:00+00:00,0,0,4,3,0,7
2018-10-30 13:30:00+00:00,0,0,4,8,0,12
2018-10-30 14:00:00+00:00,0,6,9,6,0,21
2018-10-30 14:30:00+00:00,0,0,2,2,0,4
2018-10-30 15:00:00+00:00,0,1,0,0,0,1
2018-10-30 15:30:00+00:00,0,0,0,3,0,3
2018-10-30 16:00:00+00:00,0,3,0,6,0,9
2018-10-30 16:30:00+00:00,0,0,0,3,0,3
2018-10-30 17:00:00+00:00,0,0,0,1,0,1
2018-10-30 17:30:00+00:00,0,0,0,0,0,0
2018-10-30 18:00:00+00:00,0,0,0,0,0,0
2018-10-30 18:30:00+00:00,0,28,0,0,0,28
2018-10-30 19:00:00+00:00,0,0,0,0,0,0
2018-10-30 19:30:00+00:00,0,0,0,0,0,0
2018-10-30 20:00:00+00:00,0,0,0,0,0,0
2018-10-30 20:30:00+00:00,0,0,0,0,0,0
2018-10-30 21:00:00+00:00,0,0,0,0,0,0
2018-10-30 21:30:00+00:00,0,0,0,0,0,0
2018-10-30 22:00:00+00:00,0,0,0,0,0,0
2018-10-30 22:30:00+00:00,0,0,0,0,104,104
2018-10-30 23:00:00+00:00,0,0,0,0,0,0
2018-10-30 23:30:00+00:00,0,0,0,0,0,0
2018-10-31 00:00:00+00:00,0,0,0,0,0,0
2018-10-31 00:30:00+00:00,0,0,0,0,0,0
2018-10-31 01:00:00+00:00,0,0,1,0,0,1
2018-10-31 01:30:00+00:00,0,0,0,0,0,0
2018-10-31 02:00:00+00:00,0,0,0,0,0,0
2018-10-31 02:30:00+00:00,0,0,0,0,0,0
2018-10-31 03:00:00+00:00,0,0,0,0,0,0
2018-10-31 03:30:00+00:00,0,0,0,0,0,0
2018-10-31 04:00:00+00:00,0,0,0,0,0,0
2018-10-31 04:30:00+00:00,0,0,0,0,0,0
2018-10-31 05:00:00+00:00,0,0,0,0,0,0
2018-10-31 05:30:00+00:00,0,0,1,0,0,1
2018-10-31 06:00:00+00:00,0,0,0,0,0,0
2018-10-31 06:30:00+00:00,0,0,4,0,0,4
2018-10-31 07:00:00+00:00,0,2,9,0,0,11
2018-10-31 07:30:00+00:00,0,0,2,0,0,2
2018-10-31 08:00:00+00:00,0,12,6,0,0,18
2018-10-31 08:30:00+00:00,0,2,6,0,0,8
2018-10-31 09:00:00+00:00,0,2,5,0,0,7
2018-10-31 09:30:00+00:00,0,16,11,1,0,28
2018-10-31 10:00:00+00:00,0,3,27,10,0,40
2018-10-31 10:30:00+00:00,0,1,7,8,0,16
2018-10-31 11:00:00+00:00,0,0,15,1,0,16
2018-10-31 11:30:00+00:00,0,2,0,2,0,4
2018-10-31 12:00:00+00:00,0,4,39,23,0,66
2018-10-31 12:30:00+00:00,0,7,9,31,0,47
2018-10-31 13:00:00+00:00,0,0,2,2,0,4
2018-10-31 13:30:00+00:00,0,15,3,51,0,69
2018-10-31 14:00:00+00:00,0,3,0,7,0,10
2018-10-31 14:30:00+00:00,0,11,1,46,0,58
2018-10-31 15:00:00+00:00,0,4,0,5,0,9
2018-10-31 15:30:00+00:00,0,2,3,2,0,7
2018-10-31 16:00:00+00:00,0,0,0,7,0,7
2018-10-31 16:30:00+00:00,0,13,5,5,0,23
2018-10-31 17:00:00+00:00,0,0,0,0,0,0
2018-10-31 17:30:00+00:00,0,0,13,0,0,13
2018-10-31 18:00:00+00:00,0,0,0,0,0,0
2018-10-31 18:30:00+00:00,0,0,0,0,0,0
2018-10-31 19:00:00+00:00,0,0,0,0,0,0
2018-10-31 19:30:00+00:00,0,0,0,0,0,0
2018-10-31 20:00:00+00:00,0,0,0,0,0,0
2018-10-31 20:30:00+00:00,0,0,0,0,0,0
2018-10-31 21:00:00+00:00,0,0,0,0,0,0
2018-10-31 21:30:00+00:00,0,0,0,0,0,0
2018-10-31 22:00:00+00:00,0,0,0,0,0,0
2018-10-31 22:30:00+00:00,0,0,0,0,267,267
2018-10-31 23:00:00+00:00,0,0,0,0,0,0
2018-10-31 23:30:00+00:00,0,0,0,0,0,0
2018-11-01 00:00:00+00:00,0,0,0,0,0,0
2018-11-01 00:30:00+00:00,0,0,0,0,0,0
2018-11-01 01:00:00+00:00,0,0,0,0,0,0
2018-11-01 01:30:00+00:00,0,0,0,0,0,0
2018-11-01 02:00:00+00:00,0,0,0,0,0,0
2018-11-01 02:30:00+00:00,0,0,0,0,0,0
2018-11-01 03:00:00+00:00,0,0,0,11,0,11
2018-11-01 03:30:00+00:00,0,0,0,4,0,4
2018-11-01 04:00:00+00:00,0,0,0,20,0,20
2018-11-01 04:30:00+00:00,0,0,0,0,0,0
2018-11-01 05:00:00+00:00,0,0,0,2,0,2
2018-11-01 05:30:00+00:00,0,0,0,2,0,2
2018-11-01 06:00:00+00:00,0,0,0,3,0,3
2018-11-01 06:30:00+00:00,0,0,2,0,0,2
2018-11-01 07:00:00+00:00,0,1,15,0,0,16
2018-11-01 07:30:00+00:00,0,2,2,0,0,4
2018-11-01 08:00:00+00:00,0,0,9,7,0,16
2018-11-01 08:30:00+00:00,0,3,0,3,0,6
2018-11-01 09:00:00+00:00,0,3,0,5,0,8
2018-11-01 09:30:00+00:00,0,0,1,26,0,27
2018-11-01 10:00:00+00:00,0,15,0,10,0,25
2018-11-01 10:30:00+00:00,0,3,0,8,0,11
2018-11-01 11:00:00+00:00,0,1,0,2,0,3
2018-11-01 11:30:00+00:00,0,0,2,0,0,2
2018-11-01 12:00:00+00:00,0,0,0,1,0,1
2018-11-01 12:30:00+00:00,0,0,8,14,0,22
2018-11-01 13:00:00+00:00,0,7,0,16,0,23
2018-11-01 13:30:00+00:00,0,0,1,10,0,11
2018-11-01 14:00:00+00:00,0,1,12,9,0,22
2018-11-01 14:30:00+00:00,0,1,2,6,0,9
2018-11-01 15:00:00+00:00,168,1,0,3,0,172
2018-11-01 15:30:00+00:00,0,9,0,7,0,16
2018-11-01 16:00:00+00:00,0,46,7,0,0,53
2018-11-01 16:30:00+00:00,0,0,1,2,0,3
2018-11-01 17:00:00+00:00,0,0,0,0,0,0
2018-11-01 17:30:00+00:00,0,0,0,0,0,0
2018-11-01 18:00:00+00:00,0,0,0,0,0,0
2018-11-01 18:30:00+00:00,0,0,0,0,0,0
2018-11-01 19:00:00+00:00,0,0,0,0,0,0
2018-11-01 19:30:00+00:00,0,0,1,0,0,1
2018-11-01 20:00:00+00:00,0,0,0,0,0,0
2018-11-01 20:30:00+00:00,0,0,0,0,0,0
2018-11-01 21:00:00+00:00,0,0,0,0,0,0
2018-11-01 21:30:00+00:00,0,0,0,0,0,0
2018-11-01 22:00:00+00:00,0,0,0,0,0,0
2018-11-01 22:30:00+00:00,0,0,0,0,41,41
2018-11-01 23:00:00+00:00,0,0,0,0,0,0
2018-11-01 23:30:00+00:00,0,0,0,0,0,0
2018-11-02 00:00:00+00:00,0,0,0,0,0,0
2018-11-02 00:30:00+00:00,0,0,0,0,0,0
2018-11-02 01:00:00+00:00,0,0,0,0,0,0
2018-11-02 01:30:00+00:00,0,0,0,0,0,0
2018-11-02 02:00:00+00:00,0,0,0,0,0,0
2018-11-02 02:30:00+00:00,0,0,0,0,0,0
2018-11-02 03:00:00+00:00,0,0,0,14,0,14
2018-11-02 03:30:00+00:00,0,0,0,1,0,1
2018-11-02 04:00:00+00:00,0,0,0,0,0,0
2018-11-02 04:30:00+00:00,0,0,0,0,0,0
2018-11-02 05:00:00+00:00,0,0,0,15,0,15
2018-11-02 05:30:00+00:00,0,0,0,5,0,5
2018-11-02 06:00:00+00:00,0,2,0,2,0,4
2018-11-02 06:30:00+00:00,0,0,0,0,0,0
2018-11-02 07:00:00+00:00,0,0,5,0,0,5
2018-11-02 07:30:00+00:00,0,1,0,2,0,3
2018-11-02 08:00:00+00:00,0,2,0,0,0,2
2018-11-02 08:30:00+00:00,0,2,0,0,0,2
2018-11-02 09:00:00+00:00,0,13,0,0,0,13
2018-11-02 09:30:00+00:00,0,21,0,1,0,22
2018-11-02 10:00:00+00:00,0,13,7,18,0,38
2018-11-02 10:30:00+00:00,0,0,6,3,0,9
2018-11-02 11:00:00+00:00,0,0,3,3,0,6
2018-11-02 11:30:00+00:00,0,6,1,0,0,7
2018-11-02 12:00:00+00:00,0,2,0,2,0,4
2018-11-02 12:30:00+00:00,0,1,0,3,0,4
2018-11-02 13:00:00+00:00,0,1,13,2,0,16
2018-11-02 13:30:00+00:00,0,3,0,0,0,3
2018-11-02 14:00:00+00:00,0,1,0,1,0,2
2018-11-02 14:30:00+00:00,0,0,0,0,0,0
2018-11-02 15:00:00+00:00,13,2,0,0,0,15
2018-11-02 15:30:00+00:00,0,0,3,0,0,3
2018-11-02 16:00:00+00:00,0,0,8,0,0,8
2018-11-02 16:30:00+00:00,0,0,0,5,0,5
2018-11-02 17:00:00+00:00,0,0,0,1,0,1
2018-11-02 17:30:00+00:00,0,0,0,0,0,0
2018-11-02 18:00:00+00:00,0,0,0,0,0,0
2018-11-02 18:30:00+00:00,0,0,0,0,0,0
2018-11-02 19:00:00+00:00,0,0,0,0,0,0
2018-11-02 19:30:00+00:00,0,0,0,0,0,0
2018-11-02 20:00:00+00:00,0,0,0,0,0,0
2018-11-02 20:30:00+00:00,0,0,0,0,0,0
2018-11-02 21:00:00+00:00,0,0,0,0,0,0
2018-11-02 21:30:00+00:00,0,0,0,0,0,0
2018-11-02 22:00:00+00:00,0,0,0,0,0,0
2018-11-02 22:30:00+00:00,0,0,0,0,25,25
2018-11-02 23:00:00+00:00,0,0,0,0,0,0
2018-11-02 23:30:00+00:00,0,0,0,0,0,0
2018-11-03 00:00:00+00:00,0,0,0,0,0,0
2018-11-03 00:30:00+00:00,0,0,0,0,0,0
2018-11-03 01:00:00+00:00,0,0,0,0,0,0
2018-11-03 01:30:00+00:00,0,0,0,0,0,0
2018-11-03 02:00:00+00:00,0,0,0,0,0,0
2018-11-03 02:30:00+00:00,0,0,0,0,0,0
2018-11-03 03:00:00+00:00,0,0,0,0,0,0
2018-11-03 03:30:00+00:00,0,0,0,0,0,0
2018-11-03 04:00:00+00:00,0,0,0,0,0,0
2018-11-03 04:30:00+00:00,0,0,0,0,0,0
2018-11-03 05:00:00+00:00,0,0,0,0,0,0
2018-11-03 05:30:00+00:00,0,0,0,0,0,0
2018-11-03 06:00:00+00:00,0,0,0,0,0,0
2018-11-03 06:30:00+00:00,0,0,0,0,0,0
2018-11-03 07:00:00+00:00,0,0,0,0,0,0
2018-11-03 07:30:00+00:00,0,0,0,0,0,0
2018-11-03 08:00:00+00:00,0,0,0,0,0,0
2018-11-03 08:30:00+00:00,0,0,0,0,0,0
2018-11-03 09:00:00+00:00,0,0,0,0,0,0
2018-11-03 09:30:00+00:00,0,0,0,0,0,0
2018-11-03 10:00:00+00:00,0,0,0,0,0,0
2018-11-03 10:30:00+00:00,0,0,0,0,0,0
2018-11-03 11:00:00+00:00,0,0,0,0,0,0
2018-11-03 11:30:00+00:00,0,0,0,0,0,0
2018-11-03 12:00:00+00:00,0,0,0,0,0,0
2018-11-03 12:30:00+00:00,0,0,0,0,0,0
2018-11-03 13:00:00+00:00,0,0,0,0,0,0
2018-11-03 13:30:00+00:00,0,0,0,0,0,0
2018-11-03 14:00:00+00:00,0,0,0,0,0,0
2018-11-03 14:30:00+00:00,0,0,0,0,0,0
2018-11-03 15:00:00+00:00,0,0,0,0,0,0
2018-11-03 15:30:00+00:00,0,0,0,0,0,0
2018-11-03 16:00:00+00:00,0,0,0,0,0,0
2018-11-03 16:30:00+00:00,0,0,0,0,0,0
2018-11-03 17:00:00+00:00,0,0,0,0,0,0
2018-11-03 17:30:00+00:00,0,0,0,0,0,0
2018-11-03 18:00:00+00:00,0,0,0,0,0,0
2018-11-03 18:30:00+00:00,0,0,0,0,0,0
2018-11-03 19:00:00+00:00,0,0,0,0,0,0
2018-11-03 19:30:00+00:00,0,0,0,0,0,0
2018-11-03 20:00:00+00:00,0,0,0,0,0,0
2018-11-03 20:30:00+00:00,0,0,0,0,0,0
2018-11-03 21:00:00+00:00,0,0,0,0,0,0
2018-11-03 21:30:00+00:00,0,0,0,0,0,0
2018-11-03 22:00:00+00:00,0,0,0,0,0,0
2018-11-03 22:30:00+00:00,0,0,0,0,0,0
2018-11-03 23:00:00+00:00,0,0,0,0,0,0
2018-11-03 23:30:00+00:00,0,0,0,0,0,0
2018-11-04 00:00:00+00:00,0,0,0,0,0,0
2018-11-04 00:30:00+00:00,0,0,0,0,0,0
2018-11-04 01:00:00+00:00,0,0,0,0,0,0
2018-11-04 01:30:00+00:00,0,0,0,0,0,0
2018-11-04 02:00:00+00:00,0,0,0,0,0,0
2018-11-04 02:30:00+00:00,0,0,0,0,0,0
2018-11-04 03:00:00+00:00,0,0,0,0,0,0
2018-11-04 03:30:00+00:00,0,0,0,0,0,0
2018-11-04 04:00:00+00:00,0,0,0,0,0,0
2018-11-04 04:30:00+00:00,0,0,0,0,0,0
2018-11-04 05:00:00+00:00,0,0,0,0,0,0
2018-11-04 05:30:00+00:00,0,0,0,0,0,0
2018-11-04 06:00:00+00:00,0,0,0,0,0,0
2018-11-04 06:30:00+00:00,0,0,0,0,0,0
2018-11-04 07:00:00+00:00,0,0,0,0,0,0
2018-11-04 07:30:00+00:00,0,0,0,0,0,0
2018-11-04 08:00:00+00:00,0,0,0,0,0,0
2018-11-04 08:30:00+00:00,0,0,0,0,0,0
2018-11-04 09:00:00+00:00,0,0,0,0,0,0
2018-11-04 09:30:00+00:00,0,0,0,0,0,0
2018-11-04 10:00:00+00:00,0,0,0,0,0,0
2018-11-04 10:30:00+00:00,0,0,0,0,0,0
2018-11-04 11:00:00+00:00,0,0,0,0,0,0
2018-11-04 11:30:00+00:00,0,0,0,0,0,0
2018-11-04 12:00:00+00:00,0,0,0,0,0,0
2018-11-04 12:30:00+00:00,0,0,0,0,0,0
2018-11-04 13:00:00+00:00,0,0,0,0,0,0
2018-11-04 13:30:00+00:00,0,0,0,0,0,0
2018-11-04 14:00:00+00:00,0,0,0,0,0,0
2018-11-04 14:30:00+00:00,0,0,0,0,0,0
2018-11-04 15:00:00+00:00,0,0,0,0,0,0
2018-11-04 15:30:00+00:00,0,0,0,0,0,0
2018-11-04 16:00:00+00:00,0,0,0,0,0,0
2018-11-04 16:30:00+00:00,0,0,0,0,0,0
2018-11-04 17:00:00+00:00,0,0,0,0,0,0
2018-11-04 17:30:00+00:00,0,0,0,0,0,0
2018-11-04 18:00:00+00:00,0,0,0,0,0,0
2018-11-04 18:30:00+00:00,0,0,0,0,0,0
2018-11-04 19:00:00+00:00,0,0,0,0,0,0
2018-11-04 19:30:00+00:00,0,0,0,0,0,0
2018-11-04 20:00:00+00:00,0,0,0,0,0,0
2018-11-04 20:30:00+00:00,0,0,0,0,0,0
2018-11-04 21:00:00+00:00,0,0,0,0,0,0
2018-11-04 21:30:00+00:00,0,0,0,0,0,0
2018-11-04 22:00:00+00:00,0,0,0,0,0,0
2018-11-04 22:30:00+00:00,0,0,0,0,0,0
2018-11-04 23:00:00+00:00,0,0,0,0,0,0
2018-11-04 23:30:00+00:00,0,0,0,0,0,0
2018-11-05 00:00:00+00:00,0,0,0,0,0,0
2018-11-05 00:30:00+00:00,0,0,0,0,0,0
2018-11-05 01:00:00+00:00,0,0,0,0,0,0
2018-11-05 01:30:00+00:00,0,0,39,0,0,39
2018-11-05 02:00:00+00:00,0,0,0,0,0,0
2018-11-05 02:30:00+00:00,0,0,0,0,0,0
2018-11-05 03:00:00+00:00,0,0,0,0,0,0
2018-11-05 03:30:00+00:00,0,0,0,0,0,0
2018-11-05 04:00:00+00:00,0,0,0,0,0,0
2018-11-05 04:30:00+00:00,0,0,0,0,0,0
2018-11-05 05:00:00+00:00,0,0,0,0,0,0
2018-11-05 05:30:00+00:00,0,0,0,0,0,0
2018-11-05 06:00:00+00:00,0,0,0,0,0,0
2018-11-05 06:30:00+00:00,0,0,3,2,0,5
2018-11-05 07:00:00+00:00,0,13,11,12,0,36
2018-11-05 07:30:00+00:00,0,2,0,5,0,7
2018-11-05 08:00:00+00:00,0,0,3,0,0,3
2018-11-05 08:30:00+00:00,0,4,2,0,0,6
2018-11-05 09:00:00+00:00,0,15,9,0,0,24
2018-11-05 09:30:00+00:00,0,7,3,0,0,10
2018-11-05 10:00:00+00:00,0,13,25,0,0,38
2018-11-05 10:30:00+00:00,0,11,1,0,0,12
2018-11-05 11:00:00+00:00,0,0,5,0,0,5
2018-11-05 11:30:00+00:00,0,2,0,0,0,2
2018-11-05 12:00:00+00:00,0,3,3,0,0,6
2018-11-05 12:30:00+00:00,0,6,20,0,0,26
2018-11-05 13:00:00+00:00,1,0,0,0,0,1
2018-11-05 13:30:00+00:00,0,3,3,2,0,8
2018-11-05 14:00:00+00:00,0,0,4,0,0,4
2018-11-05 14:30:00+00:00,0,0,0,0,0,0
2018-11-05 15:00:00+00:00,0,0,0,0,0,0
2018-11-05 15:30:00+00:00,0,0,6,2,0,8
2018-11-05 16:00:00+00:00,0,1,4,0,0,5
2018-11-05 16:30:00+00:00,0,1,1,0,0,2
2018-11-05 17:00:00+00:00,0,0,0,0,0,0
2018-11-05 17:30:00+00:00,0,0,0,0,0,0
2018-11-05 18:00:00+00:00,0,0,31,0,0,31
2018-11-05 18:30:00+00:00,0,0,3,0,0,3
2018-11-05 19:00:00+00:00,0,0,0,0,0,0
2018-11-05 19:30:00+00:00,0,0,1,0,0,1
2018-11-05 20:00:00+00:00,0,0,1,0,0,1
2018-11-05 20:30:00+00:00,0,0,0,0,0,0
2018-11-05 21:00:00+00:00,0,0,0,0,0,0
2018-11-05 21:30:00+00:00,0,0,0,0,0,0
2018-11-05 22:00:00+00:00,0,0,0,0,0,0
2018-11-05 22:30:00+00:00,0,0,9,0,43,52
2018-11-05 23:00:00+00:00,0,0,0,0,0,0
2018-11-05 23:30:00+00:00,0,0,0,0,0,0
2018-11-06 00:00:00+00:00,0,0,0,0,0,0
2018-11-06 00:30:00+00:00,0,0,0,0,0,0
2018-11-06 01:00:00+00:00,0,0,0,0,0,0
2018-11-06 01:30:00+00:00,0,0,0,0,0,0
2018-11-06 02:00:00+00:00,0,0,0,0,0,0
2018-11-06 02:30:00+00:00,0,0,0,0,0,0
2018-11-06 03:00:00+00:00,0,0,0,0,0,0
2018-11-06 03:30:00+00:00,0,0,0,0,0,0
2018-11-06 04:00:00+00:00,0,0,0,0,0,0
2018-11-06 04:30:00+00:00,0,0,0,0,0,0
2018-11-06 05:00:00+00:00,0,0,0,0,0,0
2018-11-06 05:30:00+00:00,0,0,0,0,0,0
2018-11-06 06:00:00+00:00,0,0,0,0,0,0
2018-11-06 06:30:00+00:00,0,4,4,0,0,8
2018-11-06 07:00:00+00:00,0,4,2,0,0,6
2018-11-06 07:30:00+00:00,0,0,2,0,0,2
2018-11-06 08:00:00+00:00,0,0,2,0,0,2
2018-11-06 08:30:00+00:00,0,1,4,0,0,5
2018-11-06 09:00:00+00:00,0,6,11,0,0,17
2018-11-06 09:30:00+00:00,0,3,0,13,0,16
2018-11-06 10:00:00+00:00,0,9,8,0,0,17
2018-11-06 10:30:00+00:00,0,48,13,0,0,61
2018-11-06 11:00:00+00:00,0,11,0,0,0,11
2018-11-06 11:30:00+00:00,0,11,1,27,0,39
2018-11-06 12:00:00+00:00,0,1,1,0,0,2
2018-11-06 12:30:00+00:00,0,0,1,0,0,1
2018-11-06 13:00:00+00:00,0,8,7,4,0,19
2018-11-06 13:30:00+00:00,0,0,0,10,0,10
2018-11-06 14:00:00+00:00,0,1,3,0,0,4
2018-11-06 14:30:00+00:00,0,6,7,0,0,13
2018-11-06 15:00:00+00:00,0,8,3,0,0,11
2018-11-06 15:30:00+00:00,0,3,0,0,0,3
2018-11-06 16:00:00+00:00,0,56,7,0,0,63
2018-11-06 16:30:00+00:00,0,0,0,0,0,0
2018-11-06 17:00:00+00:00,0,0,0,0,0,0
2018-11-06 17:30:00+00:00,0,0,0,0,0,0
2018-11-06 18:00:00+00:00,0,0,0,0,0,0
2018-11-06 18:30:00+00:00,0,0,6,0,0,6
2018-11-06 19:00:00+00:00,0,0,0,0,0,0
2018-11-06 19:30:00+00:00,0,0,0,0,0,0
2018-11-06 20:00:00+00:00,0,0,0,0,0,0
2018-11-06 20:30:00+00:00,0,0,1,0,0,1
2018-11-06 21:00:00+00:00,0,0,0,0,0,0
2018-11-06 21:30:00+00:00,0,0,0,0,0,0
2018-11-06 22:00:00+00:00,0,0,0,0,0,0
2018-11-06 22:30:00+00:00,0,0,0,0,47,47
2018-11-06 23:00:00+00:00,0,0,0,0,0,0
2018-11-06 23:30:00+00:00,0,0,0,0,0,0
2018-11-07 00:00:00+00:00,0,0,0,0,0,0
2018-11-07 00:30:00+00:00,0,0,0,0,0,0
2018-11-07 01:00:00+00:00,0,0,0,0,0,0
2018-11-07 01:30:00+00:00,0,0,0,0,0,0
2018-11-07 02:00:00+00:00,0,0,0,0,0,0
2018-11-07 02:30:00+00:00,0,0,0,0,0,0
2018-11-07 03:00:00+00:00,0,0,0,0,0,0
2018-11-07 03:30:00+00:00,0,0,0,0,0,0
2018-11-07 04:00:00+00:00,0,0,0,0,0,0
2018-11-07 04:30:00+00:00,0,0,0,0,0,0
2018-11-07 05:00:00+00:00,0,0,0,2,0,2
2018-11-07 05:30:00+00:00,0,0,0,17,0,17
2018-11-07 06:00:00+00:00,0,0,0,2,0,2
2018-11-07 06:30:00+00:00,0,3,66,0,0,69
2018-11-07 07:00:00+00:00,0,0,7,45,0,52
2018-11-07 07:30:00+00:00,0,0,1,1,0,2
2018-11-07 08:00:00+00:00,0,3,5,8,0,16
2018-11-07 08:30:00+00:00,0,4,5,1,0,10
2018-11-07 09:00:00+00:00,0,4,5,0,0,9
2018-11-07 09:30:00+00:00,0,3,5,0,0,8
2018-11-07 10:00:00+00:00,0,6,11,4,0,21
2018-11-07 10:30:00+00:00,0,3,3,2,0,8
2018-11-07 11:00:00+00:00,0,1,4,0,0,5
2018-11-07 11:30:00+00:00,0,0,3,0,0,3
2018-11-07 12:00:00+00:00,0,3,3,0,0,6
2018-11-07 12:30:00+00:00,0,5,11,0,0,16
2018-11-07 13:00:00+00:00,0,0,6,0,0,6
2018-11-07 13:30:00+00:00,0,1,19,0,0,20
2018-11-07 14:00:00+00:00,0,2,0,0,0,2
2018-11-07 14:30:00+00:00,0,0,0,0,0,0
2018-11-07 15:00:00+00:00,0,0,0,0,0,0
2018-11-07 15:30:00+00:00,0,89,27,0,0,116
2018-11-07 16:00:00+00:00,0,14,0,0,0,14
2018-11-07 16:30:00+00:00,0,0,4,0,0,4
2018-11-07 17:00:00+00:00,0,0,0,0,0,0
2018-11-07 17:30:00+00:00,0,0,0,0,0,0
2018-11-07 18:00:00+00:00,0,0,0,0,0,0
2018-11-07 18:30:00+00:00,0,0,0,0,0,0
2018-11-07 19:00:00+00:00,0,0,0,0,0,0
2018-11-07 19:30:00+00:00,0,0,0,0,0,0
2018-11-07 20:00:00+00:00,0,0,0,0,0,0
2018-11-07 20:30:00+00:00,0,0,0,0,0,0
2018-11-07 21:00:00+00:00,0,0,0,0,0,0
2018-11-07 21:30:00+00:00,0,0,0,0,0,0
2018-11-07 22:00:00+00:00,0,2,0,0,0,2
2018-11-07 22:30:00+00:00,0,0,0,0,74,74
2018-11-07 23:00:00+00:00,0,0,0,0,0,0
2018-11-07 23:30:00+00:00,0,0,0,0,0,0
2018-11-08 00:00:00+00:00,0,0,0,0,0,0
2018-11-08 00:30:00+00:00,0,0,0,0,0,0
2018-11-08 01:00:00+00:00,0,0,0,0,0,0
2018-11-08 01:30:00+00:00,0,0,0,0,0,0
2018-11-08 02:00:00+00:00,0,0,0,0,0,0
2018-11-08 02:30:00+00:00,0,0,0,0,0,0
2018-11-08 03:00:00+00:00,0,0,0,0,0,0
2018-11-08 03:30:00+00:00,0,0,0,0,0,0
2018-11-08 04:00:00+00:00,0,0,0,0,0,0
2018-11-08 04:30:00+00:00,0,0,0,0,0,0
2018-11-08 05:00:00+00:00,0,0,0,0,0,0
2018-11-08 05:30:00+00:00,0,0,0,0,0,0
2018-11-08 06:00:00+00:00,0,1,1,0,0,2
2018-11-08 06:30:00+00:00,0,1,2,0,0,3
2018-11-08 07:00:00+00:00,0,2,6,0,0,8
2018-11-08 07:30:00+00:00,0,0,4,0,0,4
2018-11-08 08:00:00+00:00,0,1,5,0,0,6
2018-11-08 08:30:00+00:00,0,0,1,0,0,1
2018-11-08 09:00:00+00:00,0,13,1,0,0,14
2018-11-08 09:30:00+00:00,0,16,5,4,0,25
2018-11-08 10:00:00+00:00,0,12,7,9,0,28
2018-11-08 10:30:00+00:00,0,8,1,13,0,22
2018-11-08 11:00:00+00:00,0,1,0,2,0,3
2018-11-08 11:30:00+00:00,0,1,5,0,0,6
2018-11-08 12:00:00+00:00,0,0,29,1,0,30
2018-11-08 12:30:00+00:00,0,0,19,2,0,21
2018-11-08 13:00:00+00:00,0,2,1,6,0,9
2018-11-08 13:30:00+00:00,0,2,2,2,0,6
2018-11-08 14:00:00+00:00,0,2,5,0,0,7
2018-11-08 14:30:00+00:00,0,20,4,1,0,25
2018-11-08 15:00:00+00:00,0,6,0,20,0,26
2018-11-08 15:30:00+00:00,1988,2,26,2,0,2018
2018-11-08 16:00:00+00:00,0,2,0,19,0,21
2018-11-08 16:30:00+00:00,0,0,5,1,0,6
2018-11-08 17:00:00+00:00,1,0,0,0,0,1
2018-11-08 17:30:00+00:00,0,0,0,0,0,0
2018-11-08 18:00:00+00:00,0,0,0,0,0,0
2018-11-08 18:30:00+00:00,0,0,0,0,0,0
2018-11-08 19:00:00+00:00,0,0,6,0,0,6
2018-11-08 19:30:00+00:00,0,31,1,0,0,32
2018-11-08 20:00:00+00:00,0,0,0,0,0,0
2018-11-08 20:30:00+00:00,0,0,0,0,0,0
2018-11-08 21:00:00+00:00,0,0,0,0,0,0
2018-11-08 21:30:00+00:00,0,0,0,0,0,0
2018-11-08 22:00:00+00:00,0,0,0,0,0,0
2018-11-08 22:30:00+00:00,0,0,0,0,63,63
2018-11-08 23:00:00+00:00,0,0,0,0,0,0
2018-11-08 23:30:00+00:00,0,0,0,0,0,0
2018-11-09 00:00:00+00:00,0,0,0,0,0,0
2018-11-09 00:30:00+00:00,0,0,0,0,0,0
2018-11-09 01:00:00+00:00,0,0,0,0,0,0
2018-11-09 01:30:00+00:00,0,0,0,0,0,0
2018-11-09 02:00:00+00:00,0,0,0,0,0,0
2018-11-09 02:30:00+00:00,0,0,0,0,0,0
2018-11-09 03:00:00+00:00,0,0,0,0,0,0
2018-11-09 03:30:00+00:00,0,0,0,0,0,0
2018-11-09 04:00:00+00:00,0,0,0,0,0,0
2018-11-09 04:30:00+00:00,0,0,0,0,0,0
2018-11-09 05:00:00+00:00,0,0,0,0,0,0
2018-11-09 05:30:00+00:00,0,0,4,0,0,4
2018-11-09 06:00:00+00:00,0,0,0,0,0,0
2018-11-09 06:30:00+00:00,0,1,0,0,0,1
2018-11-09 07:00:00+00:00,0,0,0,0,0,0
2018-11-09 07:30:00+00:00,0,2,2,0,0,4
2018-11-09 08:00:00+00:00,0,0,0,0,0,0
2018-11-09 08:30:00+00:00,0,0,0,0,0,0
2018-11-09 09:00:00+00:00,0,11,4,0,0,15
2018-11-09 09:30:00+00:00,3,3,1,0,0,7
2018-11-09 10:00:00+00:00,0,0,2,0,0,2
2018-11-09 10:30:00+00:00,0,0,2,0,0,2
2018-11-09 11:00:00+00:00,0,20,3,0,0,23
2018-11-09 11:30:00+00:00,0,27,10,0,0,37
2018-11-09 12:00:00+00:00,0,2,12,0,0,14
2018-11-09 12:30:00+00:00,0,2,1,0,0,3
2018-11-09 13:00:00+00:00,0,0,1,0,0,1
2018-11-09 13:30:00+00:00,0,15,0,0,0,15
2018-11-09 14:00:00+00:00,0,73,0,0,0,73
2018-11-09 14:30:00+00:00,0,2,30,0,0,32
2018-11-09 15:00:00+00:00,0,1,0,0,0,1
2018-11-09 15:30:00+00:00,0,0,4,0,0,4
2018-11-09 16:00:00+00:00,0,0,0,0,0,0
2018-11-09 16:30:00+00:00,0,0,4,0,0,4
2018-11-09 17:00:00+00:00,0,0,0,0,0,0
2018-11-09 17:30:00+00:00,0,0,0,0,0,0
2018-11-09 18:00:00+00:00,0,0,0,0,0,0
2018-11-09 18:30:00+00:00,0,0,4,0,0,4
2018-11-09 19:00:00+00:00,0,0,1,0,0,1
2018-11-09 19:30:00+00:00,0,0,0,0,0,0
2018-11-09 20:00:00+00:00,0,0,0,0,0,0
2018-11-09 20:30:00+00:00,0,0,0,0,0,0
2018-11-09 21:00:00+00:00,0,0,0,0,0,0
2018-11-09 21:30:00+00:00,0,0,0,0,0,0
2018-11-09 22:00:00+00:00,0,0,0,0,0,0
2018-11-09 22:30:00+00:00,0,0,0,0,88,88
2018-11-09 23:00:00+00:00,0,0,0,0,0,0
2018-11-09 23:30:00+00:00,0,0,0,0,0,0
2018-11-10 00:00:00+00:00,0,0,0,0,0,0
2018-11-10 00:30:00+00:00,0,0,0,0,0,0
2018-11-10 01:00:00+00:00,0,0,0,0,0,0
2018-11-10 01:30:00+00:00,0,0,0,0,0,0
2018-11-10 02:00:00+00:00,0,0,0,0,0,0
2018-11-10 02:30:00+00:00,0,0,0,0,0,0
2018-11-10 03:00:00+00:00,0,0,0,0,0,0
2018-11-10 03:30:00+00:00,0,0,0,0,0,0
2018-11-10 04:00:00+00:00,0,0,0,0,0,0
2018-11-10 04:30:00+00:00,0,0,0,0,0,0
2018-11-10 05:00:00+00:00,0,0,0,0,0,0
2018-11-10 05:30:00+00:00,0,0,0,0,0,0
2018-11-10 06:00:00+00:00,0,0,0,0,0,0
2018-11-10 06:30:00+00:00,0,0,0,0,0,0
2018-11-10 07:00:00+00:00,0,0,0,0,0,0
2018-11-10 07:30:00+00:00,0,0,0,0,0,0
2018-11-10 08:00:00+00:00,0,0,0,0,0,0
2018-11-10 08:30:00+00:00,0,0,0,0,0,0
2018-11-10 09:00:00+00:00,0,0,0,0,0,0
2018-11-10 09:30:00+00:00,0,0,0,0,0,0
2018-11-10 10:00:00+00:00,0,0,0,0,0,0
2018-11-10 10:30:00+00:00,0,0,0,0,0,0
2018-11-10 11:00:00+00:00,0,0,0,0,0,0
2018-11-10 11:30:00+00:00,0,0,0,0,0,0
2018-11-10 12:00:00+00:00,0,0,0,0,0,0
2018-11-10 12:30:00+00:00,0,0,0,0,0,0
2018-11-10 13:00:00+00:00,0,0,0,0,0,0
2018-11-10 13:30:00+00:00,0,0,0,0,0,0
2018-11-10 14:00:00+00:00,0,0,0,0,0,0
2018-11-10 14:30:00+00:00,0,0,0,0,0,0
2018-11-10 15:00:00+00:00,0,0,0,0,0,0
2018-11-10 15:30:00+00:00,0,0,0,0,0,0
2018-11-10 16:00:00+00:00,0,0,0,0,0,0
2018-11-10 16:30:00+00:00,0,0,0,0,0,0
2018-11-10 17:00:00+00:00,0,0,0,0,0,0
2018-11-10 17:30:00+00:00,0,0,0,0,0,0
2018-11-10 18:00:00+00:00,0,0,0,0,0,0
2018-11-10 18:30:00+00:00,0,0,0,0,0,0
2018-11-10 19:00:00+00:00,0,0,0,0,0,0
2018-11-10 19:30:00+00:00,0,0,0,0,0,0
2018-11-10 20:00:00+00:00,0,0,0,0,0,0
2018-11-10 20:30:00+00:00,0,0,0,0,0,0
2018-11-10 21:00:00+00:00,0,0,0,0,0,0
2018-11-10 21:30:00+00:00,0,0,0,0,0,0
2018-11-10 22:00:00+00:00,0,0,0,0,0,0
2018-11-10 22:30:00+00:00,0,0,0,0,1,1
2018-11-10 23:00:00+00:00,0,0,0,0,0,0
2018-11-10 23:30:00+00:00,0,0,0,0,0,0
2018-11-11 00:00:00+00:00,0,0,0,0,0,0
2018-11-11 00:30:00+00:00,0,0,0,0,0,0
2018-11-11 01:00:00+00:00,0,0,0,0,0,0
2018-11-11 01:30:00+00:00,0,0,0,0,0,0
2018-11-11 02:00:00+00:00,0,0,0,0,0,0
2018-11-11 02:30:00+00:00,0,0,0,0,0,0
2018-11-11 03:00:00+00:00,0,0,0,0,0,0
2018-11-11 03:30:00+00:00,0,0,0,0,0,0
2018-11-11 04:00:00+00:00,0,0,0,0,0,0
2018-11-11 04:30:00+00:00,0,0,0,0,0,0
2018-11-11 05:00:00+00:00,0,0,0,0,0,0
2018-11-11 05:30:00+00:00,0,0,0,0,0,0
2018-11-11 06:00:00+00:00,0,0,0,0,0,0
2018-11-11 06:30:00+00:00,0,0,0,0,0,0
2018-11-11 07:00:00+00:00,0,0,0,0,0,0
2018-11-11 07:30:00+00:00,0,0,0,0,0,0
2018-11-11 08:00:00+00:00,0,0,0,0,0,0
2018-11-11 08:30:00+00:00,0,0,0,0,0,0
2018-11-11 09:00:00+00:00,0,0,0,0,0,0
2018-11-11 09:30:00+00:00,0,0,0,0,0,0
2018-11-11 10:00:00+00:00,0,0,0,0,0,0
2018-11-11 10:30:00+00:00,0,0,0,0,0,0
2018-11-11 11:00:00+00:00,0,0,0,0,0,0
2018-11-11 11:30:00+00:00,0,0,0,0,0,0
2018-11-11 12:00:00+00:00,0,0,0,0,0,0
2018-11-11 12:30:00+00:00,0,0,0,0,0,0
2018-11-11 13:00:00+00:00,0,0,0,0,0,0
2018-11-11 13:30:00+00:00,0,0,0,0,0,0
2018-11-11 14:00:00+00:00,0,0,0,0,0,0
2018-11-11 14:30:00+00:00,0,0,0,0,0,0
2018-11-11 15:00:00+00:00,0,0,0,0,0,0
2018-11-11 15:30:00+00:00,0,0,0,0,0,0
2018-11-11 16:00:00+00:00,0,0,0,0,0,0
2018-11-11 16:30:00+00:00,0,0,0,0,0,0
2018-11-11 17:00:00+00:00,0,0,0,0,0,0
2018-11-11 17:30:00+00:00,0,0,0,0,0,0
2018-11-11 18:00:00+00:00,0,0,0,0,0,0
2018-11-11 18:30:00+00:00,0,0,0,0,0,0
2018-11-11 19:00:00+00:00,0,0,0,0,0,0
2018-11-11 19:30:00+00:00,0,0,0,0,0,0
2018-11-11 20:00:00+00:00,0,0,0,0,0,0
2018-11-11 20:30:00+00:00,0,0,0,0,0,0
2018-11-11 21:00:00+00:00,0,0,0,0,0,0
2018-11-11 21:30:00+00:00,0,0,0,0,0,0
2018-11-11 22:00:00+00:00,0,0,0,0,0,0
2018-11-11 22:30:00+00:00,0,0,0,0,0,0
2018-11-11 23:00:00+00:00,0,0,0,0,0,0
2018-11-11 23:30:00+00:00,0,0,0,0,0,0
2018-11-12 00:00:00+00:00,0,0,0,0,0,0
2018-11-12 00:30:00+00:00,0,0,0,0,0,0
2018-11-12 01:00:00+00:00,0,0,0,0,0,0
2018-11-12 01:30:00+00:00,0,0,0,0,0,0
2018-11-12 02:00:00+00:00,0,0,0,0,0,0
2018-11-12 02:30:00+00:00,0,0,0,0,0,0
2018-11-12 03:00:00+00:00,0,0,0,0,0,0
2018-11-12 03:30:00+00:00,0,0,0,0,0,0
2018-11-12 04:00:00+00:00,0,0,0,0,0,0
2018-11-12 04:30:00+00:00,0,0,0,0,0,0
2018-11-12 05:00:00+00:00,0,0,0,0,0,0
2018-11-12 05:30:00+00:00,0,0,0,0,0,0
2018-11-12 06:00:00+00:00,0,0,0,0,0,0
2018-11-12 06:30:00+00:00,0,0,21,0,0,21
2018-11-12 07:00:00+00:00,0,0,5,0,0,5
2018-11-12 07:30:00+00:00,0,2,0,0,0,2
2018-11-12 08:00:00+00:00,0,4,1,1,0,6
2018-11-12 08:30:00+00:00,0,15,4,1,0,20
2018-11-12 09:00:00+00:00,0,23,5,48,0,76
2018-11-12 09:30:00+00:00,0,4,5,4,0,13
2018-11-12 10:00:00+00:00,0,1,7,5,0,13
2018-11-12 10:30:00+00:00,0,3,21,5,0,29
2018-11-12 11:00:00+00:00,0,4,0,5,0,9
2018-11-12 11:30:00+00:00,0,10,1,5,0,16
2018-11-12 12:00:00+00:00,0,12,6,1,0,19
2018-11-12 12:30:00+00:00,0,0,13,11,0,24
2018-11-12 13:00:00+00:00,0,1,10,26,0,37
2018-11-12 13:30:00+00:00,0,1,3,1,0,5
2018-11-12 14:00:00+00:00,0,1,6,6,0,13
2018-11-12 14:30:00+00:00,0,0,0,0,0,0
2018-11-12 15:00:00+00:00,0,1,1,7,0,9
2018-11-12 15:30:00+00:00,0,0,0,7,0,7
2018-11-12 16:00:00+00:00,1,7,0,4,0,12
2018-11-12 16:30:00+00:00,0,1,5,0,0,6
2018-11-12 17:00:00+00:00,0,0,0,8,0,8
2018-11-12 17:30:00+00:00,0,0,0,0,0,0
2018-11-12 18:00:00+00:00,0,0,0,0,0,0
2018-11-12 18:30:00+00:00,0,0,0,0,0,0
2018-11-12 19:00:00+00:00,0,0,0,0,0,0
2018-11-12 19:30:00+00:00,0,0,0,0,0,0
2018-11-12 20:00:00+00:00,0,0,0,0,0,0
2018-11-12 20:30:00+00:00,0,0,0,0,0,0
2018-11-12 21:00:00+00:00,0,0,0,0,0,0
2018-11-12 21:30:00+00:00,0,0,0,0,0,0
2018-11-12 22:00:00+00:00,0,0,0,0,0,0
2018-11-12 22:30:00+00:00,0,0,0,0,36,36
2018-11-12 23:00:00+00:00,0,0,0,0,0,0
2018-11-12 23:30:00+00:00,0,0,0,0,0,0
2018-11-13 00:00:00+00:00,0,0,0,0,0,0
2018-11-13 00:30:00+00:00,0,0,0,0,0,0
2018-11-13 01:00:00+00:00,0,0,0,0,0,0
2018-11-13 01:30:00+00:00,0,0,0,0,0,0
2018-11-13 02:00:00+00:00,0,0,0,0,0,0
2018-11-13 02:30:00+00:00,0,0,0,0,0,0
2018-11-13 03:00:00+00:00,0,0,0,0,0,0
2018-11-13 03:30:00+00:00,0,0,0,0,0,0
2018-11-13 04:00:00+00:00,0,0,0,0,0,0
2018-11-13 04:30:00+00:00,0,0,0,0,0,0
2018-11-13 05:00:00+00:00,0,0,0,0,0,0
2018-11-13 05:30:00+00:00,0,0,0,0,0,0
2018-11-13 06:00:00+00:00,0,1,0,0,0,1
2018-11-13 06:30:00+00:00,0,1,1,0,0,2
2018-11-13 07:00:00+00:00,0,2,2,0,0,4
2018-11-13 07:30:00+00:00,0,5,0,0,0,5
2018-11-13 08:00:00+00:00,0,4,2,0,0,6
2018-11-13 08:30:00+00:00,0,3,1,0,0,4
2018-11-13 09:00:00+00:00,0,1,1,0,0,2
2018-11-13 09:30:00+00:00,0,2,0,5,0,7
2018-11-13 10:00:00+00:00,1,0,6,20,0,27
2018-11-13 10:30:00+00:00,0,5,5,33,0,43
2018-11-13 11:00:00+00:00,0,1,1,20,0,22
2018-11-13 11:30:00+00:00,0,58,2,0,0,60
2018-11-13 12:00:00+00:00,0,35,18,0,0,53
2018-11-13 12:30:00+00:00,0,7,9,34,0,50
2018-11-13 13:00:00+00:00,0,0,1,2,0,3
2018-11-13 13:30:00+00:00,0,4,1,5,0,10
2018-11-13 14:00:00+00:00,0,6,0,4,0,10
2018-11-13 14:30:00+00:00,0,2,10,1,0,13
2018-11-13 15:00:00+00:00,0,0,0,1,0,1
2018-11-13 15:30:00+00:00,0,0,0,1,0,1
2018-11-13 16:00:00+00:00,0,0,10,0,0,10
2018-11-13 16:30:00+00:00,0,65,3,3,0,71
2018-11-13 17:00:00+00:00,0,0,0,0,0,0
2018-11-13 17:30:00+00:00,0,0,0,0,0,0
2018-11-13 18:00:00+00:00,0,0,0,0,0,0
2018-11-13 18:30:00+00:00,0,0,0,0,0,0
2018-11-13 19:00:00+00:00,0,0,0,0,0,0
2018-11-13 19:30:00+00:00,0,1,0,0,0,1
2018-11-13 20:00:00+00:00,0,1,0,0,0,1
2018-11-13 20:30:00+00:00,0,0,0,0,0,0
2018-11-13 21:00:00+00:00,0,1,0,0,0,1
2018-11-13 21:30:00+00:00,0,1,0,0,0,1
2018-11-13 22:00:00+00:00,0,0,0,0,0,0
2018-11-13 22:30:00+00:00,0,0,0,0,43,43
2018-11-13 23:00:00+00:00,0,0,0,0,0,0
2018-11-13 23:30:00+00:00,0,0,0,0,0,0
2018-11-14 00:00:00+00:00,0,0,0,0,0,0
2018-11-14 00:30:00+00:00,0,0,0,0,0,0
2018-11-14 01:00:00+00:00,0,0,0,0,0,0
2018-11-14 01:30:00+00:00,0,0,0,0,0,0
2018-11-14 02:00:00+00:00,0,0,0,0,0,0
2018-11-14 02:30:00+00:00,0,0,0,0,0,0
2018-11-14 03:00:00+00:00,0,0,0,0,0,0
2018-11-14 03:30:00+00:00,0,0,0,0,0,0
2018-11-14 04:00:00+00:00,0,0,0,0,0,0
2018-11-14 04:30:00+00:00,0,0,0,0,0,0
2018-11-14 05:00:00+00:00,0,0,0,0,0,0
2018-11-14 05:30:00+00:00,0,0,0,0,0,0
2018-11-14 06:00:00+00:00,0,0,0,0,0,0
2018-11-14 06:30:00+00:00,0,0,9,0,0,9
2018-11-14 07:00:00+00:00,0,0,0,0,0,0
2018-11-14 07:30:00+00:00,0,0,1,0,0,1
2018-11-14 08:00:00+00:00,0,3,0,6,0,9
2018-11-14 08:30:00+00:00,65,4,1,11,0,81
2018-11-14 09:00:00+00:00,0,0,0,3,0,3
2018-11-14 09:30:00+00:00,0,5,3,0,0,8
2018-11-14 10:00:00+00:00,0,6,4,7,0,17
2018-11-14 10:30:00+00:00,0,7,1,0,0,8
2018-11-14 11:00:00+00:00,0,5,0,1,0,6
2018-11-14 11:30:00+00:00,0,0,0,2,0,2
2018-11-14 12:00:00+00:00,0,5,7,13,0,25
2018-11-14 12:30:00+00:00,0,1,0,11,0,12
2018-11-14 13:00:00+00:00,0,10,1,11,0,22
2018-11-14 13:30:00+00:00,0,18,69,5,0,92
2018-11-14 14:00:00+00:00,0,0,0,3,0,3
2018-11-14 14:30:00+00:00,0,0,0,64,0,64
2018-11-14 15:00:00+00:00,0,0,2,1,0,3
2018-11-14 15:30:00+00:00,0,0,0,5,0,5
2018-11-14 16:00:00+00:00,0,0,0,5,0,5
2018-11-14 16:30:00+00:00,0,0,2,0,0,2
2018-11-14 17:00:00+00:00,0,0,0,0,0,0
2018-11-14 17:30:00+00:00,0,0,0,0,0,0
2018-11-14 18:00:00+00:00,0,0,2,0,0,2
2018-11-14 18:30:00+00:00,0,0,4,0,0,4
2018-11-14 19:00:00+00:00,0,0,0,0,0,0
2018-11-14 19:30:00+00:00,0,0,0,0,0,0
2018-11-14 20:00:00+00:00,0,0,0,0,0,0
2018-11-14 20:30:00+00:00,0,0,0,0,0,0
2018-11-14 21:00:00+00:00,0,0,0,0,0,0
2018-11-14 21:30:00+00:00,0,0,0,0,0,0
2018-11-14 22:00:00+00:00,0,0,0,0,0,0
2018-11-14 22:30:00+00:00,0,0,0,0,198,198
2018-11-14 23:00:00+00:00,0,0,0,0,0,0
2018-11-14 23:30:00+00:00,0,0,25,0,0,25
2018-11-15 00:00:00+00:00,0,0,0,0,0,0
2018-11-15 00:30:00+00:00,0,0,0,0,0,0
2018-11-15 01:00:00+00:00,0,0,0,0,0,0
2018-11-15 01:30:00+00:00,0,0,0,0,0,0
2018-11-15 02:00:00+00:00,0,0,0,0,0,0
2018-11-15 02:30:00+00:00,0,0,0,0,0,0
2018-11-15 03:00:00+00:00,0,0,0,0,0,0
2018-11-15 03:30:00+00:00,0,0,0,0,0,0
2018-11-15 04:00:00+00:00,0,0,0,0,0,0
2018-11-15 04:30:00+00:00,0,0,0,0,0,0
2018-11-15 05:00:00+00:00,0,0,0,0,0,0
2018-11-15 05:30:00+00:00,0,0,0,0,0,0
2018-11-15 06:00:00+00:00,0,0,3,0,0,3
2018-11-15 06:30:00+00:00,0,0,0,0,0,0
2018-11-15 07:00:00+00:00,0,3,0,0,0,3
2018-11-15 07:30:00+00:00,0,26,0,0,0,26
2018-11-15 08:00:00+00:00,0,6,1,7,0,14
2018-11-15 08:30:00+00:00,0,7,4,3,0,14
2018-11-15 09:00:00+00:00,0,8,2,3,0,13
2018-11-15 09:30:00+00:00,0,2,4,2,0,8
2018-11-15 10:00:00+00:00,0,10,1,12,0,23
2018-11-15 10:30:00+00:00,0,2,11,12,0,25
2018-11-15 11:00:00+00:00,0,4,2,6,0,12
2018-11-15 11:30:00+00:00,0,5,0,4,0,9
2018-11-15 12:00:00+00:00,0,1,1,2,0,4
2018-11-15 12:30:00+00:00,0,1,2,1,0,4
2018-11-15 13:00:00+00:00,0,2,2,5,0,9
2018-11-15 13:30:00+00:00,0,30,0,13,0,43
2018-11-15 14:00:00+00:00,0,0,1,16,0,17
2018-11-15 14:30:00+00:00,207,1,1,2,0,211
2018-11-15 15:00:00+00:00,0,0,1,2,0,3
2018-11-15 15:30:00+00:00,0,0,0,1,0,1
2018-11-15 16:00:00+00:00,0,1,0,0,0,1
2018-11-15 16:30:00+00:00,0,0,5,1,0,6
2018-11-15 17:00:00+00:00,0,0,0,9,0,9
2018-11-15 17:30:00+00:00,0,0,0,0,0,0
2018-11-15 18:00:00+00:00,0,0,0,0,0,0
2018-11-15 18:30:00+00:00,0,0,0,0,0,0
2018-11-15 19:00:00+00:00,0,0,1,0,0,1
2018-11-15 19:30:00+00:00,0,0,3,0,0,3
2018-11-15 20:00:00+00:00,0,0,0,0,0,0
2018-11-15 20:30:00+00:00,0,0,0,0,0,0
2018-11-15 21:00:00+00:00,0,0,5,0,0,5
2018-11-15 21:30:00+00:00,0,0,0,0,0,0
2018-11-15 22:00:00+00:00,0,0,0,0,0,0
2018-11-15 22:30:00+00:00,0,0,0,0,61,61
2018-11-15 23:00:00+00:00,0,0,0,0,0,0
2018-11-15 23:30:00+00:00,0,0,0,0,0,0
2018-11-16 00:00:00+00:00,0,0,0,0,0,0
2018-11-16 00:30:00+00:00,0,0,0,0,0,0
2018-11-16 01:00:00+00:00,0,0,0,0,0,0
2018-11-16 01:30:00+00:00,0,0,0,0,0,0
2018-11-16 02:00:00+00:00,0,0,0,0,0,0
2018-11-16 02:30:00+00:00,0,0,0,0,0,0
2018-11-16 03:00:00+00:00,0,0,0,0,0,0
2018-11-16 03:30:00+00:00,0,0,0,0,0,0
2018-11-16 04:00:00+00:00,0,0,0,0,0,0
2018-11-16 04:30:00+00:00,0,0,0,0,0,0
2018-11-16 05:00:00+00:00,0,0,0,0,0,0
2018-11-16 05:30:00+00:00,0,0,3,0,0,3
2018-11-16 06:00:00+00:00,0,0,0,7,0,7
2018-11-16 06:30:00+00:00,0,0,1,0,0,1
2018-11-16 07:00:00+00:00,0,9,1,0,0,10
2018-11-16 07:30:00+00:00,0,0,7,0,0,7
2018-11-16 08:00:00+00:00,0,2,5,0,0,7
2018-11-16 08:30:00+00:00,0,6,7,0,0,13
2018-11-16 09:00:00+00:00,0,1,3,0,0,4
2018-11-16 09:30:00+00:00,6,1,2,1,0,10
2018-11-16 10:00:00+00:00,0,2,5,0,0,7
2018-11-16 10:30:00+00:00,0,1,4,8,0,13
2018-11-16 11:00:00+00:00,0,1,1,14,0,16
2018-11-16 11:30:00+00:00,0,0,3,37,0,40
2018-11-16 12:00:00+00:00,0,0,0,26,0,26
2018-11-16 12:30:00+00:00,0,1,6,12,0,19
2018-11-16 13:00:00+00:00,0,3,5,2,0,10
2018-11-16 13:30:00+00:00,0,1,4,0,0,5
2018-11-16 14:00:00+00:00,0,5,0,1,0,6
2018-11-16 14:30:00+00:00,0,0,2,31,0,33
2018-11-16 15:00:00+00:00,0,1,7,34,0,42
2018-11-16 15:30:00+00:00,0,0,2,8,0,10
2018-11-16 16:00:00+00:00,0,0,0,12,0,12
2018-11-16 16:30:00+00:00,0,0,1,0,0,1
2018-11-16 17:00:00+00:00,0,0,1,0,0,1
2018-11-16 17:30:00+00:00,0,0,0,0,0,0
2018-11-16 18:00:00+00:00,0,0,0,0,0,0
2018-11-16 18:30:00+00:00,0,0,4,0,0,4
2018-11-16 19:00:00+00:00,0,0,0,0,0,0
2018-11-16 19:30:00+00:00,0,0,0,0,0,0
2018-11-16 20:00:00+00:00,0,0,7,0,0,7
2018-11-16 20:30:00+00:00,0,0,0,0,0,0
2018-11-16 21:00:00+00:00,0,0,0,0,0,0
2018-11-16 21:30:00+00:00,0,0,0,0,0,0
2018-11-16 22:00:00+00:00,0,0,0,0,0,0
2018-11-16 22:30:00+00:00,0,0,0,0,59,59
2018-11-16 23:00:00+00:00,0,0,0,0,0,0
2018-11-16 23:30:00+00:00,0,0,0,0,0,0
2018-11-17 00:00:00+00:00,0,0,0,0,0,0
2018-11-17 00:30:00+00:00,0,0,0,0,0,0
2018-11-17 01:00:00+00:00,0,0,0,0,0,0
2018-11-17 01:30:00+00:00,0,0,0,0,0,0
2018-11-17 02:00:00+00:00,0,0,0,0,0,0
2018-11-17 02:30:00+00:00,0,0,0,0,0,0
2018-11-17 03:00:00+00:00,0,0,0,0,0,0
2018-11-17 03:30:00+00:00,0,0,0,0,0,0
2018-11-17 04:00:00+00:00,0,0,0,0,0,0
2018-11-17 04:30:00+00:00,0,0,0,0,0,0
2018-11-17 05:00:00+00:00,0,0,0,0,0,0
2018-11-17 05:30:00+00:00,0,0,0,0,0,0
2018-11-17 06:00:00+00:00,0,0,0,0,0,0
2018-11-17 06:30:00+00:00,0,0,0,0,0,0
2018-11-17 07:00:00+00:00,0,0,0,0,0,0
2018-11-17 07:30:00+00:00,0,0,0,0,0,0
2018-11-17 08:00:00+00:00,0,0,0,0,0,0
2018-11-17 08:30:00+00:00,0,0,0,0,0,0
2018-11-17 09:00:00+00:00,0,0,0,0,0,0
2018-11-17 09:30:00+00:00,0,0,0,0,0,0
2018-11-17 10:00:00+00:00,0,0,0,0,0,0
2018-11-17 10:30:00+00:00,0,0,0,0,0,0
2018-11-17 11:00:00+00:00,0,0,0,0,0,0
2018-11-17 11:30:00+00:00,0,0,0,0,0,0
2018-11-17 12:00:00+00:00,0,0,0,0,0,0
2018-11-17 12:30:00+00:00,0,0,0,0,0,0
2018-11-17 13:00:00+00:00,0,0,0,0,0,0
2018-11-17 13:30:00+00:00,0,0,0,0,0,0
2018-11-17 14:00:00+00:00,0,0,0,0,0,0
2018-11-17 14:30:00+00:00,0,0,0,0,0,0
2018-11-17 15:00:00+00:00,0,0,0,0,0,0
2018-11-17 15:30:00+00:00,0,0,0,0,0,0
2018-11-17 16:00:00+00:00,0,0,0,0,0,0
2018-11-17 16:30:00+00:00,0,0,0,0,0,0
2018-11-17 17:00:00+00:00,0,0,0,0,0,0
2018-11-17 17:30:00+00:00,0,0,0,0,0,0
2018-11-17 18:00:00+00:00,0,0,0,0,0,0
2018-11-17 18:30:00+00:00,0,0,0,0,0,0
2018-11-17 19:00:00+00:00,0,0,0,0,0,0
2018-11-17 19:30:00+00:00,0,0,0,0,0,0
2018-11-17 20:00:00+00:00,0,0,0,0,0,0
2018-11-17 20:30:00+00:00,0,0,0,0,0,0
2018-11-17 21:00:00+00:00,0,0,0,0,0,0
2018-11-17 21:30:00+00:00,0,0,0,0,0,0
2018-11-17 22:00:00+00:00,0,0,0,0,0,0
2018-11-17 22:30:00+00:00,0,0,0,0,0,0
2018-11-17 23:00:00+00:00,0,0,0,0,0,0
2018-11-17 23:30:00+00:00,0,0,0,0,0,0
2018-11-18 00:00:00+00:00,0,0,0,0,0,0
2018-11-18 00:30:00+00:00,0,0,0,0,0,0
2018-11-18 01:00:00+00:00,0,0,0,0,0,0
2018-11-18 01:30:00+00:00,0,0,0,0,0,0
2018-11-18 02:00:00+00:00,0,0,0,0,0,0
2018-11-18 02:30:00+00:00,0,0,0,0,0,0
2018-11-18 03:00:00+00:00,0,0,0,0,0,0
2018-11-18 03:30:00+00:00,0,0,0,0,0,0
2018-11-18 04:00:00+00:00,0,0,0,0,0,0
2018-11-18 04:30:00+00:00,0,0,0,0,0,0
2018-11-18 05:00:00+00:00,0,0,0,0,0,0
2018-11-18 05:30:00+00:00,0,0,0,0,0,0
2018-11-18 06:00:00+00:00,0,0,0,0,0,0
2018-11-18 06:30:00+00:00,0,0,0,0,0,0
2018-11-18 07:00:00+00:00,0,0,0,0,0,0
2018-11-18 07:30:00+00:00,0,0,0,0,0,0
2018-11-18 08:00:00+00:00,0,0,0,0,0,0
2018-11-18 08:30:00+00:00,0,0,0,0,0,0
2018-11-18 09:00:00+00:00,0,0,0,0,0,0
2018-11-18 09:30:00+00:00,0,0,0,0,0,0
2018-11-18 10:00:00+00:00,0,0,0,0,0,0
2018-11-18 10:30:00+00:00,0,0,0,0,0,0
2018-11-18 11:00:00+00:00,0,0,0,0,0,0
2018-11-18 11:30:00+00:00,0,0,0,0,0,0
2018-11-18 12:00:00+00:00,0,0,0,0,0,0
2018-11-18 12:30:00+00:00,0,0,0,0,0,0
2018-11-18 13:00:00+00:00,0,0,0,0,0,0
2018-11-18 13:30:00+00:00,0,0,0,0,0,0
2018-11-18 14:00:00+00:00,0,0,0,0,0,0
2018-11-18 14:30:00+00:00,0,0,0,0,0,0
2018-11-18 15:00:00+00:00,0,0,0,0,0,0
2018-11-18 15:30:00+00:00,0,0,0,0,0,0
2018-11-18 16:00:00+00:00,0,0,0,0,0,0
2018-11-18 16:30:00+00:00,0,0,0,0,0,0
2018-11-18 17:00:00+00:00,0,0,0,0,0,0
2018-11-18 17:30:00+00:00,0,0,0,0,0,0
2018-11-18 18:00:00+00:00,0,1,0,0,0,1
2018-11-18 18:30:00+00:00,0,0,0,0,0,0
2018-11-18 19:00:00+00:00,0,0,0,0,0,0
2018-11-18 19:30:00+00:00,0,0,0,0,0,0
2018-11-18 20:00:00+00:00,0,0,0,0,0,0
2018-11-18 20:30:00+00:00,0,0,0,0,0,0
2018-11-18 21:00:00+00:00,0,0,0,0,0,0
2018-11-18 21:30:00+00:00,0,0,0,0,0,0
2018-11-18 22:00:00+00:00,0,0,0,0,0,0
2018-11-18 22:30:00+00:00,0,0,0,0,0,0
2018-11-18 23:00:00+00:00,0,0,0,0,0,0
2018-11-18 23:30:00+00:00,0,0,0,0,0,0
2018-11-19 00:00:00+00:00,0,0,0,0,0,0
2018-11-19 00:30:00+00:00,0,0,0,0,0,0
2018-11-19 01:00:00+00:00,0,0,0,0,0,0
2018-11-19 01:30:00+00:00,0,0,0,0,0,0
2018-11-19 02:00:00+00:00,0,0,0,0,0,0
2018-11-19 02:30:00+00:00,0,0,0,0,0,0
2018-11-19 03:00:00+00:00,0,0,0,0,0,0
2018-11-19 03:30:00+00:00,0,0,0,0,0,0
2018-11-19 04:00:00+00:00,0,0,0,0,0,0
2018-11-19 04:30:00+00:00,0,0,0,0,0,0
2018-11-19 05:00:00+00:00,0,0,0,0,0,0
2018-11-19 05:30:00+00:00,0,0,2,0,0,2
2018-11-19 06:00:00+00:00,0,0,0,0,0,0
2018-11-19 06:30:00+00:00,0,0,21,0,0,21
2018-11-19 07:00:00+00:00,0,0,0,0,0,0
2018-11-19 07:30:00+00:00,0,7,4,0,0,11
2018-11-19 08:00:00+00:00,0,5,1,3,0,9
2018-11-19 08:30:00+00:00,0,16,12,1,0,29
2018-11-19 09:00:00+00:00,0,0,5,9,0,14
2018-11-19 09:30:00+00:00,0,0,3,1,0,4
2018-11-19 10:00:00+00:00,0,2,5,4,0,11
2018-11-19 10:30:00+00:00,0,8,0,1,0,9
2018-11-19 11:00:00+00:00,0,3,2,7,0,12
2018-11-19 11:30:00+00:00,0,7,2,1,0,10
2018-11-19 12:00:00+00:00,0,10,0,4,0,14
2018-11-19 12:30:00+00:00,0,1,2,5,0,8
2018-11-19 13:00:00+00:00,0,2,6,8,0,16
2018-11-19 13:30:00+00:00,0,9,1,19,0,29
2018-11-19 14:00:00+00:00,0,1,9,16,0,26
2018-11-19 14:30:00+00:00,0,14,0,14,0,28
2018-11-19 15:00:00+00:00,0,3,0,8,0,11
2018-11-19 15:30:00+00:00,0,0,4,0,0,4
2018-11-19 16:00:00+00:00,0,18,10,0,0,28
2018-11-19 16:30:00+00:00,0,0,0,0,0,0
2018-11-19 17:00:00+00:00,0,5,1,0,0,6
2018-11-19 17:30:00+00:00,0,0,0,0,0,0
2018-11-19 18:00:00+00:00,0,0,0,0,0,0
2018-11-19 18:30:00+00:00,0,0,0,0,0,0
2018-11-19 19:00:00+00:00,0,0,0,0,0,0
2018-11-19 19:30:00+00:00,0,0,0,0,0,0
2018-11-19 20:00:00+00:00,0,1,0,0,0,1
2018-11-19 20:30:00+00:00,0,0,0,0,0,0
2018-11-19 21:00:00+00:00,0,0,0,0,0,0
2018-11-19 21:30:00+00:00,0,0,0,0,0,0
2018-11-19 22:00:00+00:00,0,0,0,0,0,0
2018-11-19 22:30:00+00:00,0,0,0,0,57,57
2018-11-19 23:00:00+00:00,0,0,0,0,0,0
2018-11-19 23:30:00+00:00,0,0,0,0,0,0
2018-11-20 00:00:00+00:00,0,0,0,0,0,0
2018-11-20 00:30:00+00:00,0,0,0,0,0,0
2018-11-20 01:00:00+00:00,0,0,17,0,0,17
2018-11-20 01:30:00+00:00,0,0,0,0,0,0
2018-11-20 02:00:00+00:00,0,0,0,0,0,0
2018-11-20 02:30:00+00:00,0,0,0,0,0,0
2018-11-20 03:00:00+00:00,0,0,0,0,0,0
2018-11-20 03:30:00+00:00,0,0,0,0,0,0
2018-11-20 04:00:00+00:00,0,0,0,0,0,0
2018-11-20 04:30:00+00:00,0,0,0,0,0,0
2018-11-20 05:00:00+00:00,0,0,0,0,0,0
2018-11-20 05:30:00+00:00,0,0,0,0,0,0
2018-11-20 06:00:00+00:00,0,0,0,0,0,0
2018-11-20 06:30:00+00:00,0,0,0,0,0,0
2018-11-20 07:00:00+00:00,0,1,4,0,0,5
2018-11-20 07:30:00+00:00,0,0,13,0,0,13
2018-11-20 08:00:00+00:00,0,0,25,6,0,31
2018-11-20 08:30:00+00:00,0,2,0,7,0,9
2018-11-20 09:00:00+00:00,0,20,1,6,0,27
2018-11-20 09:30:00+00:00,0,6,5,18,0,29
2018-11-20 10:00:00+00:00,0,6,21,9,0,36
2018-11-20 10:30:00+00:00,0,0,3,4,0,7
2018-11-20 11:00:00+00:00,0,1,0,11,0,12
2018-11-20 11:30:00+00:00,0,1,3,8,0,12
2018-11-20 12:00:00+00:00,0,3,7,1,0,11
2018-11-20 12:30:00+00:00,0,7,5,6,0,18
2018-11-20 13:00:00+00:00,0,1,27,3,0,31
2018-11-20 13:30:00+00:00,0,2,2,7,0,11
2018-11-20 14:00:00+00:00,0,1,1,6,0,8
2018-11-20 14:30:00+00:00,0,1,0,6,0,7
2018-11-20 15:00:00+00:00,0,1,0,4,0,5
2018-11-20 15:30:00+00:00,0,0,0,7,0,7
2018-11-20 16:00:00+00:00,0,24,0,0,0,24
2018-11-20 16:30:00+00:00,0,0,9,0,0,9
2018-11-20 17:00:00+00:00,0,5,18,0,0,23
2018-11-20 17:30:00+00:00,0,0,8,0,0,8
2018-11-20 18:00:00+00:00,0,0,0,0,0,0
2018-11-20 18:30:00+00:00,0,0,0,0,0,0
2018-11-20 19:00:00+00:00,0,0,0,0,0,0
2018-11-20 19:30:00+00:00,0,0,0,0,0,0
2018-11-20 20:00:00+00:00,0,0,0,0,0,0
2018-11-20 20:30:00+00:00,0,0,0,0,0,0
2018-11-20 21:00:00+00:00,0,0,0,0,0,0
2018-11-20 21:30:00+00:00,0,0,0,0,0,0
2018-11-20 22:00:00+00:00,0,0,0,0,0,0
2018-11-20 22:30:00+00:00,0,0,0,0,49,49
2018-11-20 23:00:00+00:00,0,0,0,0,0,0
2018-11-20 23:30:00+00:00,0,0,0,0,0,0
2018-11-21 00:00:00+00:00,0,0,0,0,0,0
2018-11-21 00:30:00+00:00,0,0,0,0,0,0
2018-11-21 01:00:00+00:00,0,0,0,0,0,0
2018-11-21 01:30:00+00:00,0,0,0,0,0,0
2018-11-21 02:00:00+00:00,0,0,0,0,0,0
2018-11-21 02:30:00+00:00,0,0,0,0,0,0
2018-11-21 03:00:00+00:00,0,0,0,0,0,0
2018-11-21 03:30:00+00:00,0,0,0,0,0,0
2018-11-21 04:00:00+00:00,0,0,0,0,0,0
2018-11-21 04:30:00+00:00,0,0,0,0,0,0
2018-11-21 05:00:00+00:00,0,0,0,0,0,0
2018-11-21 05:30:00+00:00,0,0,0,0,0,0
2018-11-21 06:00:00+00:00,0,0,1,0,0,1
2018-11-21 06:30:00+00:00,0,0,9,0,0,9
2018-11-21 07:00:00+00:00,0,1,1,0,0,2
2018-11-21 07:30:00+00:00,0,1,3,0,0,4
2018-11-21 08:00:00+00:00,0,5,0,0,0,5
2018-11-21 08:30:00+00:00,0,0,0,0,0,0
2018-11-21 09:00:00+00:00,0,0,5,0,0,5
2018-11-21 09:30:00+00:00,0,0,1,1,0,2
2018-11-21 10:00:00+00:00,0,9,10,1,0,20
2018-11-21 10:30:00+00:00,0,0,2,2,0,4
2018-11-21 11:00:00+00:00,0,0,0,0,0,0
2018-11-21 11:30:00+00:00,0,1,1,2,0,4
2018-11-21 12:00:00+00:00,0,0,6,4,0,10
2018-11-21 12:30:00+00:00,0,8,6,5,0,19
2018-11-21 13:00:00+00:00,0,1,24,0,0,25
2018-11-21 13:30:00+00:00,0,4,11,2,0,17
2018-11-21 14:00:00+00:00,0,11,0,6,0,17
2018-11-21 14:30:00+00:00,0,6,0,1,0,7
2018-11-21 15:00:00+00:00,0,7,44,5,0,56
2018-11-21 15:30:00+00:00,0,0,0,7,0,7
2018-11-21 16:00:00+00:00,0,0,0,5,0,5
2018-11-21 16:30:00+00:00,0,0,0,3,0,3
2018-11-21 17:00:00+00:00,0,0,0,3,0,3
2018-11-21 17:30:00+00:00,0,0,0,0,0,0
2018-11-21 18:00:00+00:00,0,0,0,0,0,0
2018-11-21 18:30:00+00:00,0,0,0,0,0,0
2018-11-21 19:00:00+00:00,0,0,1,0,0,1
2018-11-21 19:30:00+00:00,0,0,0,0,0,0
2018-11-21 20:00:00+00:00,0,0,0,0,0,0
2018-11-21 20:30:00+00:00,0,0,0,0,0,0
2018-11-21 21:00:00+00:00,0,0,0,0,0,0
2018-11-21 21:30:00+00:00,0,0,0,0,0,0
2018-11-21 22:00:00+00:00,0,0,0,0,0,0
2018-11-21 22:30:00+00:00,0,0,0,0,110,110
2018-11-21 23:00:00+00:00,0,0,0,0,0,0
2018-11-21 23:30:00+00:00,0,0,0,0,0,0
2018-11-22 00:00:00+00:00,0,0,0,0,0,0
2018-11-22 00:30:00+00:00,0,0,0,0,0,0
2018-11-22 01:00:00+00:00,0,0,0,0,0,0
2018-11-22 01:30:00+00:00,0,0,0,0,0,0
2018-11-22 02:00:00+00:00,0,0,0,0,0,0
2018-11-22 02:30:00+00:00,0,0,0,0,0,0
2018-11-22 03:00:00+00:00,0,0,0,0,0,0
2018-11-22 03:30:00+00:00,0,0,0,0,0,0
2018-11-22 04:00:00+00:00,0,0,0,0,0,0
2018-11-22 04:30:00+00:00,0,0,0,0,0,0
2018-11-22 05:00:00+00:00,0,0,0,9,0,9
2018-11-22 05:30:00+00:00,0,0,0,2,0,2
2018-11-22 06:00:00+00:00,0,0,0,6,0,6
2018-11-22 06:30:00+00:00,0,0,1,0,0,1
2018-11-22 07:00:00+00:00,0,0,16,0,0,16
2018-11-22 07:30:00+00:00,0,4,1,0,0,5
2018-11-22 08:00:00+00:00,0,1,15,0,0,16
2018-11-22 08:30:00+00:00,0,4,1,14,0,19
2018-11-22 09:00:00+00:00,0,1,2,0,0,3
2018-11-22 09:30:00+00:00,0,8,3,9,0,20
2018-11-22 10:00:00+00:00,0,3,1,10,0,14
2018-11-22 10:30:00+00:00,0,1,0,3,0,4
2018-11-22 11:00:00+00:00,0,15,3,0,0,18
2018-11-22 11:30:00+00:00,0,0,5,2,0,7
2018-11-22 12:00:00+00:00,0,0,10,1,0,11
2018-11-22 12:30:00+00:00,0,3,9,0,0,12
2018-11-22 13:00:00+00:00,0,4,0,0,0,4
2018-11-22 13:30:00+00:00,98,0,7,3,0,108
2018-11-22 14:00:00+00:00,0,25,2,8,0,35
2018-11-22 14:30:00+00:00,0,26,24,1,0,51
2018-11-22 15:00:00+00:00,0,1,9,7,0,17
2018-11-22 15:30:00+00:00,0,2,0,0,0,2
2018-11-22 16:00:00+00:00,0,0,0,0,0,0
2018-11-22 16:30:00+00:00,0,0,1,0,0,1
2018-11-22 17:00:00+00:00,0,0,0,4,0,4
2018-11-22 17:30:00+00:00,0,0,0,0,0,0
2018-11-22 18:00:00+00:00,0,0,0,0,0,0
2018-11-22 18:30:00+00:00,0,0,0,0,0,0
2018-11-22 19:00:00+00:00,0,0,0,0,0,0
2018-11-22 19:30:00+00:00,0,0,0,0,0,0
2018-11-22 20:00:00+00:00,0,0,0,0,0,0
2018-11-22 20:30:00+00:00,0,0,0,0,0,0
2018-11-22 21:00:00+00:00,0,0,0,0,0,0
2018-11-22 21:30:00+00:00,0,0,0,0,0,0
2018-11-22 22:00:00+00:00,0,0,0,0,0,0
2018-11-22 22:30:00+00:00,0,0,0,0,80,80
2018-11-22 23:00:00+00:00,0,0,0,0,0,0
2018-11-22 23:30:00+00:00,0,0,0,0,0,0
2018-11-23 00:00:00+00:00,0,0,0,0,0,0
2018-11-23 00:30:00+00:00,0,0,0,0,0,0
2018-11-23 01:00:00+00:00,0,0,0,0,0,0
2018-11-23 01:30:00+00:00,0,0,6,0,0,6
2018-11-23 02:00:00+00:00,0,0,0,0,0,0
2018-11-23 02:30:00+00:00,0,0,0,0,0,0
2018-11-23 03:00:00+00:00,0,0,0,3,0,3
2018-11-23 03:30:00+00:00,0,0,0,0,0,0
2018-11-23 04:00:00+00:00,0,0,0,0,0,0
2018-11-23 04:30:00+00:00,0,0,0,0,0,0
2018-11-23 05:00:00+00:00,0,0,0,0,0,0
2018-11-23 05:30:00+00:00,0,0,0,0,0,0
2018-11-23 06:00:00+00:00,0,0,0,0,0,0
2018-11-23 06:30:00+00:00,0,0,0,0,0,0
2018-11-23 07:00:00+00:00,0,0,7,0,0,7
2018-11-23 07:30:00+00:00,0,1,1,0,0,2
2018-11-23 08:00:00+00:00,0,1,0,0,0,1
2018-11-23 08:30:00+00:00,0,1,1,0,0,2
2018-11-23 09:00:00+00:00,0,1,2,5,0,8
2018-11-23 09:30:00+00:00,0,7,5,5,0,17
2018-11-23 10:00:00+00:00,0,1,4,7,0,12
2018-11-23 10:30:00+00:00,0,4,7,5,0,16
2018-11-23 11:00:00+00:00,0,0,1,4,0,5
2018-11-23 11:30:00+00:00,0,0,32,1,0,33
2018-11-23 12:00:00+00:00,0,0,4,0,0,4
2018-11-23 12:30:00+00:00,0,1,7,0,0,8
2018-11-23 13:00:00+00:00,2,5,8,4,0,19
2018-11-23 13:30:00+00:00,0,9,0,1,0,10
2018-11-23 14:00:00+00:00,0,0,4,0,0,4
2018-11-23 14:30:00+00:00,0,0,0,35,0,35
2018-11-23 15:00:00+00:00,0,1,0,13,0,14
2018-11-23 15:30:00+00:00,0,0,0,0,0,0
2018-11-23 16:00:00+00:00,0,0,0,0,0,0
2018-11-23 16:30:00+00:00,0,0,6,6,0,12
2018-11-23 17:00:00+00:00,0,0,0,0,0,0
2018-11-23 17:30:00+00:00,0,0,0,0,0,0
2018-11-23 18:00:00+00:00,0,0,0,0,0,0
2018-11-23 18:30:00+00:00,0,0,0,0,0,0
2018-11-23 19:00:00+00:00,0,0,0,0,0,0
2018-11-23 19:30:00+00:00,0,0,0,0,0,0
2018-11-23 20:00:00+00:00,0,1,0,0,0,1
2018-11-23 20:30:00+00:00,0,0,0,0,0,0
2018-11-23 21:00:00+00:00,0,0,0,0,0,0
2018-11-23 21:30:00+00:00,0,0,0,0,0,0
2018-11-23 22:00:00+00:00,0,0,0,0,0,0
2018-11-23 22:30:00+00:00,0,0,0,0,63,63
2018-11-23 23:00:00+00:00,0,0,0,0,0,0
2018-11-23 23:30:00+00:00,0,0,0,0,0,0
2018-11-24 00:00:00+00:00,0,0,0,0,0,0
2018-11-24 00:30:00+00:00,0,0,0,0,0,0
2018-11-24 01:00:00+00:00,0,0,0,0,0,0
2018-11-24 01:30:00+00:00,0,0,0,0,0,0
2018-11-24 02:00:00+00:00,0,0,0,0,0,0
2018-11-24 02:30:00+00:00,0,0,0,0,0,0
2018-11-24 03:00:00+00:00,0,0,0,0,0,0
2018-11-24 03:30:00+00:00,0,0,0,0,0,0
2018-11-24 04:00:00+00:00,0,0,0,0,0,0
2018-11-24 04:30:00+00:00,0,0,0,0,0,0
2018-11-24 05:00:00+00:00,0,0,0,0,0,0
2018-11-24 05:30:00+00:00,0,0,0,0,0,0
2018-11-24 06:00:00+00:00,0,0,0,0,0,0
2018-11-24 06:30:00+00:00,0,0,0,0,0,0
2018-11-24 07:00:00+00:00,0,0,0,0,0,0
2018-11-24 07:30:00+00:00,0,0,0,0,0,0
2018-11-24 08:00:00+00:00,0,0,0,0,0,0
2018-11-24 08:30:00+00:00,0,0,0,0,0,0
2018-11-24 09:00:00+00:00,0,0,0,0,0,0
2018-11-24 09:30:00+00:00,0,0,0,0,0,0
2018-11-24 10:00:00+00:00,0,0,0,0,0,0
2018-11-24 10:30:00+00:00,0,0,0,0,0,0
2018-11-24 11:00:00+00:00,0,0,0,0,0,0
2018-11-24 11:30:00+00:00,0,0,0,0,0,0
2018-11-24 12:00:00+00:00,0,0,0,0,0,0
2018-11-24 12:30:00+00:00,0,0,0,0,0,0
2018-11-24 13:00:00+00:00,0,0,0,0,0,0
2018-11-24 13:30:00+00:00,0,0,0,0,0,0
2018-11-24 14:00:00+00:00,0,0,0,0,0,0
2018-11-24 14:30:00+00:00,0,0,0,0,0,0
2018-11-24 15:00:00+00:00,0,0,0,0,0,0
2018-11-24 15:30:00+00:00,0,0,0,0,0,0
2018-11-24 16:00:00+00:00,0,0,0,0,0,0
2018-11-24 16:30:00+00:00,0,0,0,0,0,0
2018-11-24 17:00:00+00:00,0,0,0,0,0,0
2018-11-24 17:30:00+00:00,0,0,0,0,0,0
2018-11-24 18:00:00+00:00,0,0,0,0,0,0
2018-11-24 18:30:00+00:00,0,0,0,0,0,0
2018-11-24 19:00:00+00:00,0,0,0,0,0,0
2018-11-24 19:30:00+00:00,0,0,0,0,0,0
2018-11-24 20:00:00+00:00,0,0,0,0,0,0
2018-11-24 20:30:00+00:00,0,0,0,0,0,0
2018-11-24 21:00:00+00:00,0,0,0,0,0,0
2018-11-24 21:30:00+00:00,0,0,0,0,0,0
2018-11-24 22:00:00+00:00,0,0,0,0,0,0
2018-11-24 22:30:00+00:00,0,0,0,0,0,0
2018-11-24 23:00:00+00:00,0,0,0,0,0,0
2018-11-24 23:30:00+00:00,0,0,0,0,0,0
2018-11-25 00:00:00+00:00,0,0,0,0,0,0
2018-11-25 00:30:00+00:00,0,0,0,0,0,0
2018-11-25 01:00:00+00:00,0,0,0,0,0,0
2018-11-25 01:30:00+00:00,0,0,0,0,0,0
2018-11-25 02:00:00+00:00,0,0,0,0,0,0
2018-11-25 02:30:00+00:00,0,0,0,0,0,0
2018-11-25 03:00:00+00:00,0,0,0,0,0,0
2018-11-25 03:30:00+00:00,0,0,0,0,0,0
2018-11-25 04:00:00+00:00,0,0,0,0,0,0
2018-11-25 04:30:00+00:00,0,0,0,0,0,0
2018-11-25 05:00:00+00:00,0,0,0,0,0,0
2018-11-25 05:30:00+00:00,0,0,0,0,0,0
2018-11-25 06:00:00+00:00,0,0,0,0,0,0
2018-11-25 06:30:00+00:00,0,0,0,0,0,0
2018-11-25 07:00:00+00:00,0,0,0,0,0,0
2018-11-25 07:30:00+00:00,0,0,0,0,0,0
2018-11-25 08:00:00+00:00,0,0,0,0,0,0
2018-11-25 08:30:00+00:00,0,0,0,0,0,0
2018-11-25 09:00:00+00:00,0,0,0,0,0,0
2018-11-25 09:30:00+00:00,0,0,0,0,0,0
2018-11-25 10:00:00+00:00,0,0,0,0,0,0
2018-11-25 10:30:00+00:00,0,0,0,0,0,0
2018-11-25 11:00:00+00:00,0,0,0,0,0,0
2018-11-25 11:30:00+00:00,0,0,0,0,0,0
2018-11-25 12:00:00+00:00,0,0,0,0,0,0
2018-11-25 12:30:00+00:00,0,0,0,0,0,0
2018-11-25 13:00:00+00:00,0,0,0,0,0,0
2018-11-25 13:30:00+00:00,0,0,0,0,0,0
2018-11-25 14:00:00+00:00,0,0,0,0,0,0
2018-11-25 14:30:00+00:00,0,0,0,0,0,0
2018-11-25 15:00:00+00:00,0,0,0,0,0,0
2018-11-25 15:30:00+00:00,0,0,0,0,0,0
2018-11-25 16:00:00+00:00,0,0,0,0,0,0
2018-11-25 16:30:00+00:00,0,0,0,0,0,0
2018-11-25 17:00:00+00:00,0,0,0,0,0,0
2018-11-25 17:30:00+00:00,0,0,0,0,0,0
2018-11-25 18:00:00+00:00,0,0,0,0,0,0
2018-11-25 18:30:00+00:00,0,0,0,0,0,0
2018-11-25 19:00:00+00:00,0,0,0,0,0,0
2018-11-25 19:30:00+00:00,0,0,0,0,0,0
2018-11-25 20:00:00+00:00,0,0,0,0,0,0
2018-11-25 20:30:00+00:00,0,0,0,0,0,0
2018-11-25 21:00:00+00:00,0,0,0,0,0,0
2018-11-25 21:30:00+00:00,0,0,0,0,0,0
2018-11-25 22:00:00+00:00,0,0,0,0,0,0
2018-11-25 22:30:00+00:00,0,0,0,0,0,0
2018-11-25 23:00:00+00:00,0,0,0,0,0,0
2018-11-25 23:30:00+00:00,0,0,0,0,0,0
2018-11-26 00:00:00+00:00,0,0,0,0,0,0
2018-11-26 00:30:00+00:00,0,0,0,0,0,0
2018-11-26 01:00:00+00:00,0,0,0,0,0,0
2018-11-26 01:30:00+00:00,0,0,0,0,0,0
2018-11-26 02:00:00+00:00,0,0,0,0,0,0
2018-11-26 02:30:00+00:00,0,0,0,0,0,0
2018-11-26 03:00:00+00:00,0,0,0,0,0,0
2018-11-26 03:30:00+00:00,0,0,0,0,0,0
2018-11-26 04:00:00+00:00,0,0,0,0,0,0
2018-11-26 04:30:00+00:00,0,0,0,0,0,0
2018-11-26 05:00:00+00:00,0,0,0,0,0,0
2018-11-26 05:30:00+00:00,0,0,0,0,0,0
2018-11-26 06:00:00+00:00,0,0,0,1,0,1
2018-11-26 06:30:00+00:00,0,0,1,0,0,1
2018-11-26 07:00:00+00:00,0,0,0,2,0,2
2018-11-26 07:30:00+00:00,0,0,3,0,0,3
2018-11-26 08:00:00+00:00,0,1,3,1,0,5
2018-11-26 08:30:00+00:00,0,0,1,10,0,11
2018-11-26 09:00:00+00:00,0,24,8,5,0,37
2018-11-26 09:30:00+00:00,0,0,2,0,0,2
2018-11-26 10:00:00+00:00,0,4,0,2,0,6
2018-11-26 10:30:00+00:00,0,5,2,3,0,10
2018-11-26 11:00:00+00:00,0,0,1,0,0,1
2018-11-26 11:30:00+00:00,0,40,15,0,0,55
2018-11-26 12:00:00+00:00,0,63,1,1,0,65
2018-11-26 12:30:00+00:00,0,3,0,0,0,3
2018-11-26 13:00:00+00:00,0,23,11,40,0,74
2018-11-26 13:30:00+00:00,0,4,27,0,0,31
2018-11-26 14:00:00+00:00,0,4,3,3,0,10
2018-11-26 14:30:00+00:00,0,0,6,7,0,13
2018-11-26 15:00:00+00:00,0,0,1,13,0,14
2018-11-26 15:30:00+00:00,0,1,0,0,0,1
2018-11-26 16:00:00+00:00,0,2,0,0,0,2
2018-11-26 16:30:00+00:00,0,1,18,1,0,20
2018-11-26 17:00:00+00:00,0,0,20,1,0,21
2018-11-26 17:30:00+00:00,0,0,2,0,0,2
2018-11-26 18:00:00+00:00,0,2,0,0,0,2
2018-11-26 18:30:00+00:00,0,0,0,0,0,0
2018-11-26 19:00:00+00:00,0,0,0,0,0,0
2018-11-26 19:30:00+00:00,0,0,0,0,0,0
2018-11-26 20:00:00+00:00,0,0,4,0,0,4
2018-11-26 20:30:00+00:00,0,0,0,0,0,0
2018-11-26 21:00:00+00:00,0,0,0,0,0,0
2018-11-26 21:30:00+00:00,0,0,41,0,0,41
2018-11-26 22:00:00+00:00,0,0,0,0,0,0
2018-11-26 22:30:00+00:00,0,0,0,0,67,67
2018-11-26 23:00:00+00:00,0,0,0,0,0,0
2018-11-26 23:30:00+00:00,0,0,0,0,0,0
2018-11-27 00:00:00+00:00,0,0,0,0,0,0
2018-11-27 00:30:00+00:00,0,0,0,0,0,0
2018-11-27 01:00:00+00:00,0,0,0,0,0,0
2018-11-27 01:30:00+00:00,0,0,0,0,0,0
2018-11-27 02:00:00+00:00,0,0,0,0,0,0
2018-11-27 02:30:00+00:00,0,0,0,0,0,0
2018-11-27 03:00:00+00:00,0,0,0,0,0,0
2018-11-27 03:30:00+00:00,0,0,0,6,0,6
2018-11-27 04:00:00+00:00,0,0,0,0,0,0
2018-11-27 04:30:00+00:00,0,0,0,1,0,1
2018-11-27 05:00:00+00:00,0,0,0,10,0,10
2018-11-27 05:30:00+00:00,0,0,0,0,0,0
2018-11-27 06:00:00+00:00,0,0,0,0,0,0
2018-11-27 06:30:00+00:00,0,0,1,0,0,1
2018-11-27 07:00:00+00:00,0,0,1,0,0,1
2018-11-27 07:30:00+00:00,0,0,1,0,0,1
2018-11-27 08:00:00+00:00,0,3,0,0,0,3
2018-11-27 08:30:00+00:00,0,0,1,2,0,3
2018-11-27 09:00:00+00:00,0,0,2,0,0,2
2018-11-27 09:30:00+00:00,0,1,5,1,0,7
2018-11-27 10:00:00+00:00,0,0,3,1,0,4
2018-11-27 10:30:00+00:00,0,1,8,0,0,9
2018-11-27 11:00:00+00:00,0,6,0,0,0,6
2018-11-27 11:30:00+00:00,0,0,0,2,0,2
2018-11-27 12:00:00+00:00,0,0,0,0,0,0
2018-11-27 12:30:00+00:00,0,1,1,2,0,4
2018-11-27 13:00:00+00:00,0,0,0,5,0,5
2018-11-27 13:30:00+00:00,0,1,6,1,0,8
2018-11-27 14:00:00+00:00,0,2,5,3,0,10
2018-11-27 14:30:00+00:00,0,0,0,0,0,0
2018-11-27 15:00:00+00:00,0,0,5,0,0,5
2018-11-27 15:30:00+00:00,0,1,1,0,0,2
2018-11-27 16:00:00+00:00,0,3,0,1,0,4
2018-11-27 16:30:00+00:00,0,0,0,0,0,0
2018-11-27 17:00:00+00:00,0,0,0,0,0,0
2018-11-27 17:30:00+00:00,0,0,0,0,0,0
2018-11-27 18:00:00+00:00,0,0,0,0,0,0
2018-11-27 18:30:00+00:00,0,0,0,0,0,0
2018-11-27 19:00:00+00:00,0,0,0,0,0,0
2018-11-27 19:30:00+00:00,0,0,0,0,0,0
2018-11-27 20:00:00+00:00,0,0,0,0,0,0
2018-11-27 20:30:00+00:00,0,0,0,0,0,0
2018-11-27 21:00:00+00:00,0,0,0,0,0,0
2018-11-27 21:30:00+00:00,0,0,0,0,0,0
2018-11-27 22:00:00+00:00,0,0,0,0,0,0
2018-11-27 22:30:00+00:00,0,0,0,0,23,23
2018-11-27 23:00:00+00:00,0,0,0,0,0,0
2018-11-27 23:30:00+00:00,0,0,0,0,0,0
2018-11-28 00:00:00+00:00,0,0,0,0,0,0
2018-11-28 00:30:00+00:00,0,0,0,0,0,0
2018-11-28 01:00:00+00:00,0,0,0,0,0,0
2018-11-28 01:30:00+00:00,0,0,0,0,0,0
2018-11-28 02:00:00+00:00,0,0,0,0,0,0
2018-11-28 02:30:00+00:00,0,0,0,0,0,0
2018-11-28 03:00:00+00:00,0,0,0,0,0,0
2018-11-28 03:30:00+00:00,0,0,0,0,0,0
2018-11-28 04:00:00+00:00,0,0,0,0,0,0
2018-11-28 04:30:00+00:00,0,0,0,0,0,0
2018-11-28 05:00:00+00:00,0,0,0,0,0,0
2018-11-28 05:30:00+00:00,0,0,0,0,0,0
2018-11-28 06:00:00+00:00,0,0,0,1,0,1
2018-11-28 06:30:00+00:00,0,0,0,0,0,0
2018-11-28 07:00:00+00:00,0,3,2,0,0,5
2018-11-28 07:30:00+00:00,0,1,4,4,0,9
2018-11-28 08:00:00+00:00,0,4,3,0,0,7
2018-11-28 08:30:00+00:00,0,0,19,0,0,19
2018-11-28 09:00:00+00:00,0,6,5,11,0,22
2018-11-28 09:30:00+00:00,0,1,18,3,0,22
2018-11-28 10:00:00+00:00,0,4,3,14,0,21
2018-11-28 10:30:00+00:00,0,1,10,1,0,12
2018-11-28 11:00:00+00:00,0,1,3,0,0,4
2018-11-28 11:30:00+00:00,0,9,11,0,0,20
2018-11-28 12:00:00+00:00,0,7,9,1,0,17
2018-11-28 12:30:00+00:00,0,0,1,4,0,5
2018-11-28 13:00:00+00:00,0,0,1,5,0,6
2018-11-28 13:30:00+00:00,0,7,24,2,0,33
2018-11-28 14:00:00+00:00,0,0,0,2,0,2
2018-11-28 14:30:00+00:00,0,0,0,4,0,4
2018-11-28 15:00:00+00:00,0,5,0,4,0,9
2018-11-28 15:30:00+00:00,0,18,0,17,0,35
2018-11-28 16:00:00+00:00,0,0,3,3,0,6
2018-11-28 16:30:00+00:00,0,0,0,7,0,7
2018-11-28 17:00:00+00:00,0,0,0,0,0,0
2018-11-28 17:30:00+00:00,0,0,0,0,0,0
2018-11-28 18:00:00+00:00,0,0,0,0,0,0
2018-11-28 18:30:00+00:00,0,0,5,0,0,5
2018-11-28 19:00:00+00:00,0,0,0,0,0,0
2018-11-28 19:30:00+00:00,0,0,1,0,0,1
2018-11-28 20:00:00+00:00,0,0,16,0,0,16
2018-11-28 20:30:00+00:00,0,0,0,0,0,0
2018-11-28 21:00:00+00:00,0,0,0,0,0,0
2018-11-28 21:30:00+00:00,0,0,0,0,0,0
2018-11-28 22:00:00+00:00,0,0,0,0,0,0
2018-11-28 22:30:00+00:00,0,0,0,0,43,43
2018-11-28 23:00:00+00:00,0,0,0,0,0,0
2018-11-28 23:30:00+00:00,0,0,0,0,0,0
2018-11-29 00:00:00+00:00,0,0,0,0,0,0
2018-11-29 00:30:00+00:00,0,0,0,0,0,0
2018-11-29 01:00:00+00:00,0,0,0,0,0,0
2018-11-29 01:30:00+00:00,0,0,0,0,0,0
2018-11-29 02:00:00+00:00,0,0,0,0,0,0
2018-11-29 02:30:00+00:00,0,0,0,0,0,0
2018-11-29 03:00:00+00:00,0,0,0,0,0,0
2018-11-29 03:30:00+00:00,0,0,0,0,0,0
2018-11-29 04:00:00+00:00,0,0,0,11,0,11
2018-11-29 04:30:00+00:00,0,0,0,4,0,4
2018-11-29 05:00:00+00:00,0,0,0,12,0,12
2018-11-29 05:30:00+00:00,0,0,0,19,0,19
2018-11-29 06:00:00+00:00,0,0,3,0,0,3
2018-11-29 06:30:00+00:00,0,0,0,0,0,0
2018-11-29 07:00:00+00:00,0,1,0,5,0,6
2018-11-29 07:30:00+00:00,0,19,0,0,0,19
2018-11-29 08:00:00+00:00,0,1,1,0,0,2
2018-11-29 08:30:00+00:00,0,8,1,1,0,10
2018-11-29 09:00:00+00:00,0,1,8,0,0,9
2018-11-29 09:30:00+00:00,0,1,9,0,0,10
2018-11-29 10:00:00+00:00,0,0,0,0,0,0
2018-11-29 10:30:00+00:00,0,2,1,2,0,5
2018-11-29 11:00:00+00:00,0,2,6,2,0,10
2018-11-29 11:30:00+00:00,0,1,0,5,0,6
2018-11-29 12:00:00+00:00,0,1,1,0,0,2
2018-11-29 12:30:00+00:00,0,0,0,1,0,1
2018-11-29 13:00:00+00:00,0,0,3,0,0,3
2018-11-29 13:30:00+00:00,0,2,0,7,0,9
2018-11-29 14:00:00+00:00,0,2,0,10,0,12
2018-11-29 14:30:00+00:00,0,6,6,0,0,12
2018-11-29 15:00:00+00:00,2474,1,0,2,0,2477
2018-11-29 15:30:00+00:00,0,0,11,0,0,11
2018-11-29 16:00:00+00:00,1,2,0,0,0,3
2018-11-29 16:30:00+00:00,0,0,9,1,0,10
2018-11-29 17:00:00+00:00,0,0,0,2,0,2
2018-11-29 17:30:00+00:00,0,0,1,0,0,1
2018-11-29 18:00:00+00:00,0,0,0,0,0,0
2018-11-29 18:30:00+00:00,0,0,1,0,0,1
2018-11-29 19:00:00+00:00,0,0,0,0,0,0
2018-11-29 19:30:00+00:00,0,0,0,0,0,0
2018-11-29 20:00:00+00:00,0,0,0,0,0,0
2018-11-29 20:30:00+00:00,0,0,0,0,0,0
2018-11-29 21:00:00+00:00,0,0,0,0,0,0
2018-11-29 21:30:00+00:00,0,0,0,0,0,0
2018-11-29 22:00:00+00:00,0,0,0,0,0,0
2018-11-29 22:30:00+00:00,0,0,0,0,23,23
2018-11-29 23:00:00+00:00,0,0,0,0,0,0
2018-11-29 23:30:00+00:00,0,0,0,0,0,0
2018-11-30 00:00:00+00:00,0,0,0,0,0,0
2018-11-30 00:30:00+00:00,0,0,0,0,0,0
2018-11-30 01:00:00+00:00,0,0,0,0,0,0
2018-11-30 01:30:00+00:00,0,0,0,0,0,0
2018-11-30 02:00:00+00:00,0,0,0,0,0,0
2018-11-30 02:30:00+00:00,0,0,0,0,0,0
2018-11-30 03:00:00+00:00,0,0,0,0,0,0
2018-11-30 03:30:00+00:00,0,0,0,0,0,0
2018-11-30 04:00:00+00:00,0,0,0,0,0,0
2018-11-30 04:30:00+00:00,0,0,2,0,0,2
2018-11-30 05:00:00+00:00,0,0,2,0,0,2
2018-11-30 05:30:00+00:00,0,0,0,0,0,0
2018-11-30 06:00:00+00:00,0,1,0,0,0,1
2018-11-30 06:30:00+00:00,0,2,0,6,0,8
2018-11-30 07:00:00+00:00,0,0,8,0,0,8
2018-11-30 07:30:00+00:00,0,2,1,0,0,3
2018-11-30 08:00:00+00:00,0,1,13,0,0,14
2018-11-30 08:30:00+00:00,0,0,3,0,0,3
2018-11-30 09:00:00+00:00,0,3,0,1,0,4
2018-11-30 09:30:00+00:00,0,4,3,1,0,8
2018-11-30 10:00:00+00:00,0,0,2,2,0,4
2018-11-30 10:30:00+00:00,0,4,4,3,0,11
2018-11-30 11:00:00+00:00,0,3,0,0,0,3
2018-11-30 11:30:00+00:00,0,0,4,0,0,4
2018-11-30 12:00:00+00:00,0,3,0,12,0,15
2018-11-30 12:30:00+00:00,0,47,0,6,0,53
2018-11-30 13:00:00+00:00,0,4,0,13,0,17
2018-11-30 13:30:00+00:00,1,0,1,10,0,12
2018-11-30 14:00:00+00:00,0,3,1,5,0,9
2018-11-30 14:30:00+00:00,0,1,1,23,0,25
2018-11-30 15:00:00+00:00,0,3,4,6,0,13
2018-11-30 15:30:00+00:00,0,2,0,0,0,2
2018-11-30 16:00:00+00:00,0,1,0,6,0,7
2018-11-30 16:30:00+00:00,0,0,0,3,0,3
2018-11-30 17:00:00+00:00,0,0,0,0,0,0
2018-11-30 17:30:00+00:00,0,0,0,0,0,0
2018-11-30 18:00:00+00:00,0,0,2,0,0,2
2018-11-30 18:30:00+00:00,0,0,0,0,0,0
2018-11-30 19:00:00+00:00,0,0,0,0,0,0
2018-11-30 19:30:00+00:00,0,0,3,0,0,3
2018-11-30 20:00:00+00:00,0,0,13,0,0,13
2018-11-30 20:30:00+00:00,0,0,0,0,0,0
2018-11-30 21:00:00+00:00,0,0,0,0,0,0
2018-11-30 21:30:00+00:00,0,0,0,0,0,0
2018-11-30 22:00:00+00:00,0,0,0,0,0,0
2018-11-30 22:30:00+00:00,0,0,0,0,119,119
2018-11-30 23:00:00+00:00,0,0,0,0,0,0
2018-11-30 23:30:00+00:00,0,0,0,0,0,0
2018-12-01 00:00:00+00:00,0,0,0,0,0,0
2018-12-01 00:30:00+00:00,0,0,0,0,0,0
2018-12-01 01:00:00+00:00,0,0,0,0,0,0
2018-12-01 01:30:00+00:00,0,0,0,0,0,0
2018-12-01 02:00:00+00:00,0,0,0,0,0,0
2018-12-01 02:30:00+00:00,0,0,0,0,0,0
2018-12-01 03:00:00+00:00,0,0,0,0,0,0
2018-12-01 03:30:00+00:00,0,0,0,0,0,0
2018-12-01 04:00:00+00:00,0,0,0,0,0,0
2018-12-01 04:30:00+00:00,0,0,0,0,0,0
2018-12-01 05:00:00+00:00,0,0,0,0,0,0
2018-12-01 05:30:00+00:00,0,0,0,0,0,0
2018-12-01 06:00:00+00:00,0,0,0,0,0,0
2018-12-01 06:30:00+00:00,0,0,0,0,0,0
2018-12-01 07:00:00+00:00,0,0,0,59,0,59
2018-12-01 07:30:00+00:00,0,0,0,47,0,47
2018-12-01 08:00:00+00:00,0,0,0,12,0,12
2018-12-01 08:30:00+00:00,0,0,0,0,0,0
2018-12-01 09:00:00+00:00,0,0,0,0,0,0
2018-12-01 09:30:00+00:00,0,0,0,0,0,0
2018-12-01 10:00:00+00:00,0,0,0,2,0,2
2018-12-01 10:30:00+00:00,0,0,0,13,0,13
2018-12-01 11:00:00+00:00,0,0,0,0,0,0
2018-12-01 11:30:00+00:00,0,0,0,0,0,0
2018-12-01 12:00:00+00:00,0,0,0,0,0,0
2018-12-01 12:30:00+00:00,0,0,0,0,0,0
2018-12-01 13:00:00+00:00,0,0,0,0,0,0
2018-12-01 13:30:00+00:00,0,0,0,0,0,0
2018-12-01 14:00:00+00:00,0,0,0,0,0,0
2018-12-01 14:30:00+00:00,0,0,0,0,0,0
2018-12-01 15:00:00+00:00,0,0,0,0,0,0
2018-12-01 15:30:00+00:00,0,0,0,0,0,0
2018-12-01 16:00:00+00:00,0,0,0,0,0,0
2018-12-01 16:30:00+00:00,0,0,0,0,0,0
2018-12-01 17:00:00+00:00,0,0,0,0,0,0
2018-12-01 17:30:00+00:00,0,0,0,0,0,0
2018-12-01 18:00:00+00:00,0,0,0,0,0,0
2018-12-01 18:30:00+00:00,0,0,0,0,0,0
2018-12-01 19:00:00+00:00,0,0,0,0,0,0
2018-12-01 19:30:00+00:00,0,0,0,0,0,0
2018-12-01 20:00:00+00:00,0,0,0,0,0,0
2018-12-01 20:30:00+00:00,0,0,0,0,0,0
2018-12-01 21:00:00+00:00,0,0,0,0,0,0
2018-12-01 21:30:00+00:00,0,0,0,0,0,0
2018-12-01 22:00:00+00:00,0,0,0,0,0,0
2018-12-01 22:30:00+00:00,0,0,0,0,0,0
2018-12-01 23:00:00+00:00,0,0,0,0,0,0
2018-12-01 23:30:00+00:00,0,0,0,0,0,0
2018-12-02 00:00:00+00:00,0,0,0,0,0,0
2018-12-02 00:30:00+00:00,0,0,0,0,0,0
2018-12-02 01:00:00+00:00,0,0,0,0,0,0
2018-12-02 01:30:00+00:00,0,0,0,0,0,0
2018-12-02 02:00:00+00:00,0,0,0,0,0,0
2018-12-02 02:30:00+00:00,0,0,0,0,0,0
2018-12-02 03:00:00+00:00,0,0,0,0,0,0
2018-12-02 03:30:00+00:00,0,0,0,0,0,0
2018-12-02 04:00:00+00:00,0,0,0,0,0,0
2018-12-02 04:30:00+00:00,0,0,0,0,0,0
2018-12-02 05:00:00+00:00,0,0,0,0,0,0
2018-12-02 05:30:00+00:00,0,0,0,0,0,0
2018-12-02 06:00:00+00:00,0,0,0,0,0,0
2018-12-02 06:30:00+00:00,0,0,0,0,0,0
2018-12-02 07:00:00+00:00,0,0,0,0,0,0
2018-12-02 07:30:00+00:00,0,0,0,0,0,0
2018-12-02 08:00:00+00:00,0,0,0,0,0,0
2018-12-02 08:30:00+00:00,0,0,0,0,0,0
2018-12-02 09:00:00+00:00,0,0,0,0,0,0
2018-12-02 09:30:00+00:00,0,0,0,0,0,0
2018-12-02 10:00:00+00:00,0,0,0,0,0,0
2018-12-02 10:30:00+00:00,0,0,0,0,0,0
2018-12-02 11:00:00+00:00,0,0,0,0,0,0
2018-12-02 11:30:00+00:00,0,0,0,0,0,0
2018-12-02 12:00:00+00:00,0,0,0,0,0,0
2018-12-02 12:30:00+00:00,0,0,0,0,0,0
2018-12-02 13:00:00+00:00,0,0,0,0,0,0
2018-12-02 13:30:00+00:00,0,0,0,0,0,0
2018-12-02 14:00:00+00:00,0,0,0,0,0,0
2018-12-02 14:30:00+00:00,0,0,0,0,0,0
2018-12-02 15:00:00+00:00,0,0,0,0,0,0
2018-12-02 15:30:00+00:00,0,0,0,0,0,0
2018-12-02 16:00:00+00:00,0,0,0,0,0,0
2018-12-02 16:30:00+00:00,0,0,0,0,0,0
2018-12-02 17:00:00+00:00,0,0,0,0,0,0
2018-12-02 17:30:00+00:00,0,0,0,0,0,0
2018-12-02 18:00:00+00:00,0,0,0,0,0,0
2018-12-02 18:30:00+00:00,0,0,0,0,0,0
2018-12-02 19:00:00+00:00,0,0,0,0,0,0
2018-12-02 19:30:00+00:00,0,0,0,0,0,0
2018-12-02 20:00:00+00:00,0,0,0,0,0,0
2018-12-02 20:30:00+00:00,0,0,0,0,0,0
2018-12-02 21:00:00+00:00,0,0,0,0,0,0
2018-12-02 21:30:00+00:00,0,0,0,0,0,0
2018-12-02 22:00:00+00:00,0,0,0,0,0,0
2018-12-02 22:30:00+00:00,0,0,0,0,0,0
2018-12-02 23:00:00+00:00,0,0,5,0,0,5
2018-12-02 23:30:00+00:00,0,0,0,0,0,0
2018-12-03 00:00:00+00:00,0,0,0,0,0,0
2018-12-03 00:30:00+00:00,0,0,0,0,0,0
2018-12-03 01:00:00+00:00,0,0,0,0,0,0
2018-12-03 01:30:00+00:00,0,0,0,0,0,0
2018-12-03 02:00:00+00:00,0,0,0,0,0,0
2018-12-03 02:30:00+00:00,0,0,0,0,0,0
2018-12-03 03:00:00+00:00,0,0,0,0,0,0
2018-12-03 03:30:00+00:00,0,0,0,0,0,0
2018-12-03 04:00:00+00:00,0,0,0,0,0,0
2018-12-03 04:30:00+00:00,0,0,0,0,0,0
2018-12-03 05:00:00+00:00,0,0,0,0,0,0
2018-12-03 05:30:00+00:00,0,0,0,0,0,0
2018-12-03 06:00:00+00:00,0,0,0,1,0,1
2018-12-03 06:30:00+00:00,0,1,5,0,0,6
2018-12-03 07:00:00+00:00,0,1,5,0,0,6
2018-12-03 07:30:00+00:00,0,9,0,3,0,12
2018-12-03 08:00:00+00:00,0,0,10,0,0,10
2018-12-03 08:30:00+00:00,0,0,0,5,0,5
2018-12-03 09:00:00+00:00,0,1,2,3,0,6
2018-12-03 09:30:00+00:00,0,0,3,1,0,4
2018-12-03 10:00:00+00:00,0,1,14,0,0,15
2018-12-03 10:30:00+00:00,0,6,4,6,0,16
2018-12-03 11:00:00+00:00,0,3,3,13,0,19
2018-12-03 11:30:00+00:00,0,0,1,1,0,2
2018-12-03 12:00:00+00:00,0,0,0,1,0,1
2018-12-03 12:30:00+00:00,0,0,0,16,0,16
2018-12-03 13:00:00+00:00,0,0,2,6,0,8
2018-12-03 13:30:00+00:00,0,12,0,9,0,21
2018-12-03 14:00:00+00:00,0,0,0,8,0,8
2018-12-03 14:30:00+00:00,0,0,19,8,0,27
2018-12-03 15:00:00+00:00,0,0,0,2,0,2
2018-12-03 15:30:00+00:00,0,0,3,3,0,6
2018-12-03 16:00:00+00:00,0,1,0,46,0,47
2018-12-03 16:30:00+00:00,0,9,2,1,0,12
2018-12-03 17:00:00+00:00,0,0,0,0,0,0
2018-12-03 17:30:00+00:00,0,0,0,0,0,0
2018-12-03 18:00:00+00:00,0,0,0,0,0,0
2018-12-03 18:30:00+00:00,0,0,4,0,0,4
2018-12-03 19:00:00+00:00,0,0,0,0,0,0
2018-12-03 19:30:00+00:00,0,0,0,0,0,0
2018-12-03 20:00:00+00:00,0,0,0,0,0,0
2018-12-03 20:30:00+00:00,0,0,0,0,0,0
2018-12-03 21:00:00+00:00,0,0,0,0,0,0
2018-12-03 21:30:00+00:00,0,0,0,0,0,0
2018-12-03 22:00:00+00:00,0,0,0,0,0,0
2018-12-03 22:30:00+00:00,0,0,0,0,7,7
2018-12-03 23:00:00+00:00,0,0,1,0,0,1
2018-12-03 23:30:00+00:00,0,0,0,0,0,0
2018-12-04 00:00:00+00:00,0,0,0,0,0,0
2018-12-04 00:30:00+00:00,0,0,0,0,0,0
2018-12-04 01:00:00+00:00,0,0,0,0,0,0
2018-12-04 01:30:00+00:00,0,0,0,0,0,0
2018-12-04 02:00:00+00:00,0,0,0,0,0,0
2018-12-04 02:30:00+00:00,0,0,1,0,0,1
2018-12-04 03:00:00+00:00,0,0,0,0,0,0
2018-12-04 03:30:00+00:00,0,0,0,7,0,7
2018-12-04 04:00:00+00:00,0,0,0,0,0,0
2018-12-04 04:30:00+00:00,0,0,0,0,0,0
2018-12-04 05:00:00+00:00,0,0,0,0,0,0
2018-12-04 05:30:00+00:00,0,0,0,0,0,0
2018-12-04 06:00:00+00:00,0,0,0,0,0,0
2018-12-04 06:30:00+00:00,0,0,1,0,0,1
2018-12-04 07:00:00+00:00,0,0,8,0,0,8
2018-12-04 07:30:00+00:00,0,6,1,0,0,7
2018-12-04 08:00:00+00:00,0,2,1,0,0,3
2018-12-04 08:30:00+00:00,0,4,1,0,0,5
2018-12-04 09:00:00+00:00,0,2,6,0,0,8
2018-12-04 09:30:00+00:00,0,1,2,1,0,4
2018-12-04 10:00:00+00:00,0,2,1,1,0,4
2018-12-04 10:30:00+00:00,0,9,0,3,0,12
2018-12-04 11:00:00+00:00,0,0,0,0,0,0
2018-12-04 11:30:00+00:00,0,0,0,0,0,0
2018-12-04 12:00:00+00:00,0,2,1,0,0,3
2018-12-04 12:30:00+00:00,0,60,0,6,0,66
2018-12-04 13:00:00+00:00,0,0,1,29,0,30
2018-12-04 13:30:00+00:00,0,0,2,4,0,6
2018-12-04 14:00:00+00:00,0,4,1,18,0,23
2018-12-04 14:30:00+00:00,0,2,0,6,0,8
2018-12-04 15:00:00+00:00,0,1,0,10,0,11
2018-12-04 15:30:00+00:00,0,1,0,3,0,4
2018-12-04 16:00:00+00:00,0,1,1,4,0,6
2018-12-04 16:30:00+00:00,0,0,1,18,0,19
2018-12-04 17:00:00+00:00,0,0,0,2,0,2
2018-12-04 17:30:00+00:00,0,0,0,0,0,0
2018-12-04 18:00:00+00:00,0,0,0,0,0,0
2018-12-04 18:30:00+00:00,0,0,0,0,0,0
2018-12-04 19:00:00+00:00,0,0,0,0,0,0
2018-12-04 19:30:00+00:00,0,0,0,0,0,0
2018-12-04 20:00:00+00:00,0,0,0,0,0,0
2018-12-04 20:30:00+00:00,0,0,0,0,0,0
2018-12-04 21:00:00+00:00,0,0,0,0,0,0
2018-12-04 21:30:00+00:00,0,0,0,0,0,0
2018-12-04 22:00:00+00:00,0,0,0,0,0,0
2018-12-04 22:30:00+00:00,0,0,0,0,13,13
2018-12-04 23:00:00+00:00,0,0,0,0,0,0
2018-12-04 23:30:00+00:00,0,0,0,0,0,0
2018-12-05 00:00:00+00:00,0,0,0,0,0,0
2018-12-05 00:30:00+00:00,0,0,0,0,0,0
2018-12-05 01:00:00+00:00,0,0,0,0,0,0
2018-12-05 01:30:00+00:00,0,0,0,0,0,0
2018-12-05 02:00:00+00:00,0,0,0,0,0,0
2018-12-05 02:30:00+00:00,0,0,1,0,0,1
2018-12-05 03:00:00+00:00,0,0,0,0,0,0
2018-12-05 03:30:00+00:00,0,0,0,3,0,3
2018-12-05 04:00:00+00:00,0,0,0,1,0,1
2018-12-05 04:30:00+00:00,0,0,0,0,0,0
2018-12-05 05:00:00+00:00,0,0,0,0,0,0
2018-12-05 05:30:00+00:00,0,0,11,0,0,11
2018-12-05 06:00:00+00:00,0,0,0,0,0,0
2018-12-05 06:30:00+00:00,0,0,0,3,0,3
2018-12-05 07:00:00+00:00,0,0,26,0,0,26
2018-12-05 07:30:00+00:00,0,2,14,1,0,17
2018-12-05 08:00:00+00:00,0,4,15,27,0,46
2018-12-05 08:30:00+00:00,0,0,8,15,0,23
2018-12-05 09:00:00+00:00,0,37,10,0,0,47
2018-12-05 09:30:00+00:00,0,0,0,0,0,0
2018-12-05 10:00:00+00:00,0,0,1,7,0,8
2018-12-05 10:30:00+00:00,0,0,4,2,0,6
2018-12-05 11:00:00+00:00,0,0,0,3,0,3
2018-12-05 11:30:00+00:00,0,1,1,0,0,2
2018-12-05 12:00:00+00:00,0,0,1,0,0,1
2018-12-05 12:30:00+00:00,0,0,0,5,0,5
2018-12-05 13:00:00+00:00,0,7,0,15,0,22
2018-12-05 13:30:00+00:00,0,2,1,4,0,7
2018-12-05 14:00:00+00:00,0,3,0,3,0,6
2018-12-05 14:30:00+00:00,0,3,0,6,0,9
2018-12-05 15:00:00+00:00,0,1,1,3,0,5
2018-12-05 15:30:00+00:00,0,1,1,5,0,7
2018-12-05 16:00:00+00:00,0,0,0,0,0,0
2018-12-05 16:30:00+00:00,0,0,1,12,0,13
2018-12-05 17:00:00+00:00,0,0,0,0,0,0
2018-12-05 17:30:00+00:00,0,0,0,0,0,0
2018-12-05 18:00:00+00:00,0,0,20,0,0,20
2018-12-05 18:30:00+00:00,0,0,13,0,0,13
2018-12-05 19:00:00+00:00,0,0,1,0,0,1
2018-12-05 19:30:00+00:00,0,0,0,0,0,0
2018-12-05 20:00:00+00:00,0,0,0,0,0,0
2018-12-05 20:30:00+00:00,0,0,0,0,0,0
2018-12-05 21:00:00+00:00,0,0,0,0,0,0
2018-12-05 21:30:00+00:00,0,0,0,0,0,0
2018-12-05 22:00:00+00:00,0,0,0,0,0,0
2018-12-05 22:30:00+00:00,0,0,0,0,3,3
2018-12-05 23:00:00+00:00,0,0,0,0,0,0
2018-12-05 23:30:00+00:00,0,0,0,0,0,0
2018-12-06 00:00:00+00:00,0,0,0,0,0,0
2018-12-06 00:30:00+00:00,0,0,0,0,0,0
2018-12-06 01:00:00+00:00,0,0,0,0,0,0
2018-12-06 01:30:00+00:00,0,0,0,0,0,0
2018-12-06 02:00:00+00:00,0,0,0,0,0,0
2018-12-06 02:30:00+00:00,0,0,0,0,0,0
2018-12-06 03:00:00+00:00,0,0,0,0,0,0
2018-12-06 03:30:00+00:00,0,0,0,0,0,0
2018-12-06 04:00:00+00:00,0,0,0,0,0,0
2018-12-06 04:30:00+00:00,0,0,0,0,0,0
2018-12-06 05:00:00+00:00,0,0,0,0,0,0
2018-12-06 05:30:00+00:00,0,0,0,0,0,0
2018-12-06 06:00:00+00:00,0,0,0,0,0,0
2018-12-06 06:30:00+00:00,0,0,0,0,0,0
2018-12-06 07:00:00+00:00,0,2,1,8,0,11
2018-12-06 07:30:00+00:00,0,0,0,17,0,17
2018-12-06 08:00:00+00:00,0,10,12,0,0,22
2018-12-06 08:30:00+00:00,0,12,1,1,0,14
2018-12-06 09:00:00+00:00,0,5,0,2,0,7
2018-12-06 09:30:00+00:00,0,0,0,0,0,0
2018-12-06 10:00:00+00:00,0,2,1,2,0,5
2018-12-06 10:30:00+00:00,0,16,1,0,0,17
2018-12-06 11:00:00+00:00,0,0,0,1,0,1
2018-12-06 11:30:00+00:00,0,0,0,5,0,5
2018-12-06 12:00:00+00:00,0,0,5,3,0,8
2018-12-06 12:30:00+00:00,0,1,1,4,0,6
2018-12-06 13:00:00+00:00,0,2,3,14,0,19
2018-12-06 13:30:00+00:00,0,4,4,24,0,32
2018-12-06 14:00:00+00:00,0,1,7,4,0,12
2018-12-06 14:30:00+00:00,0,0,0,0,0,0
2018-12-06 15:00:00+00:00,0,0,0,6,0,6
2018-12-06 15:30:00+00:00,0,0,19,2,0,21
2018-12-06 16:00:00+00:00,0,0,0,2,0,2
2018-12-06 16:30:00+00:00,0,0,2,0,0,2
2018-12-06 17:00:00+00:00,0,0,0,1,0,1
2018-12-06 17:30:00+00:00,0,0,0,0,0,0
2018-12-06 18:00:00+00:00,0,0,0,0,0,0
2018-12-06 18:30:00+00:00,0,0,0,0,0,0
2018-12-06 19:00:00+00:00,0,0,0,0,0,0
2018-12-06 19:30:00+00:00,0,0,0,0,0,0
2018-12-06 20:00:00+00:00,0,0,7,0,0,7
2018-12-06 20:30:00+00:00,0,0,0,0,0,0
2018-12-06 21:00:00+00:00,0,0,0,0,0,0
2018-12-06 21:30:00+00:00,0,0,0,0,0,0
2018-12-06 22:00:00+00:00,0,0,0,0,0,0
2018-12-06 22:30:00+00:00,0,0,0,0,2,2
2018-12-06 23:00:00+00:00,0,0,0,0,0,0
2018-12-06 23:30:00+00:00,0,0,0,0,0,0
2018-12-07 00:00:00+00:00,0,0,0,0,0,0
2018-12-07 00:30:00+00:00,0,0,0,0,0,0
2018-12-07 01:00:00+00:00,0,0,0,0,0,0
2018-12-07 01:30:00+00:00,0,0,0,0,0,0
2018-12-07 02:00:00+00:00,0,0,0,0,0,0
2018-12-07 02:30:00+00:00,0,0,0,0,0,0
2018-12-07 03:00:00+00:00,0,0,0,0,0,0
2018-12-07 03:30:00+00:00,0,0,0,0,0,0
2018-12-07 04:00:00+00:00,0,0,0,0,0,0
2018-12-07 04:30:00+00:00,0,0,0,0,0,0
2018-12-07 05:00:00+00:00,0,0,0,2,0,2
2018-12-07 05:30:00+00:00,0,0,0,2,0,2
2018-12-07 06:00:00+00:00,0,0,0,3,0,3
2018-12-07 06:30:00+00:00,0,0,7,4,0,11
2018-12-07 07:00:00+00:00,0,0,24,17,0,41
2018-12-07 07:30:00+00:00,0,0,0,0,0,0
2018-12-07 08:00:00+00:00,1807,0,2,1,0,1810
2018-12-07 08:30:00+00:00,0,1,12,0,0,13
2018-12-07 09:00:00+00:00,0,2,2,0,0,4
2018-12-07 09:30:00+00:00,0,0,0,0,0,0
2018-12-07 10:00:00+00:00,0,2,1,1,0,4
2018-12-07 10:30:00+00:00,0,0,26,56,0,82
2018-12-07 11:00:00+00:00,0,0,1,1,0,2
2018-12-07 11:30:00+00:00,0,0,0,1,0,1
2018-12-07 12:00:00+00:00,0,3,2,5,0,10
2018-12-07 12:30:00+00:00,0,3,0,3,0,6
2018-12-07 13:00:00+00:00,0,3,0,0,0,3
2018-12-07 13:30:00+00:00,0,0,0,15,0,15
2018-12-07 14:00:00+00:00,0,33,6,0,0,39
2018-12-07 14:30:00+00:00,0,1,1,0,0,2
2018-12-07 15:00:00+00:00,8,19,16,2,0,45
2018-12-07 15:30:00+00:00,0,6,6,1,0,13
2018-12-07 16:00:00+00:00,0,1,0,0,0,1
2018-12-07 16:30:00+00:00,0,2,2,2,0,6
2018-12-07 17:00:00+00:00,0,0,0,0,0,0
2018-12-07 17:30:00+00:00,0,0,0,0,0,0
2018-12-07 18:00:00+00:00,0,0,0,0,0,0
2018-12-07 18:30:00+00:00,0,0,0,0,0,0
2018-12-07 19:00:00+00:00,0,0,0,0,0,0
2018-12-07 19:30:00+00:00,0,0,0,0,0,0
2018-12-07 20:00:00+00:00,0,0,0,0,0,0
2018-12-07 20:30:00+00:00,0,0,0,0,0,0
2018-12-07 21:00:00+00:00,0,0,0,0,0,0
2018-12-07 21:30:00+00:00,0,0,0,0,0,0
2018-12-07 22:00:00+00:00,0,0,0,0,0,0
2018-12-07 22:30:00+00:00,0,0,0,0,9,9
2018-12-07 23:00:00+00:00,0,0,0,0,0,0
2018-12-07 23:30:00+00:00,0,0,0,0,0,0
2018-12-08 00:00:00+00:00,0,0,0,0,0,0
2018-12-08 00:30:00+00:00,0,0,0,0,0,0
2018-12-08 01:00:00+00:00,0,0,0,0,0,0
2018-12-08 01:30:00+00:00,0,0,0,0,0,0
2018-12-08 02:00:00+00:00,0,0,0,0,0,0
2018-12-08 02:30:00+00:00,0,0,0,0,0,0
2018-12-08 03:00:00+00:00,0,0,0,0,0,0
2018-12-08 03:30:00+00:00,0,0,0,0,0,0
2018-12-08 04:00:00+00:00,0,0,0,0,0,0
2018-12-08 04:30:00+00:00,0,0,0,0,0,0
2018-12-08 05:00:00+00:00,0,0,0,0,0,0
2018-12-08 05:30:00+00:00,0,0,0,0,0,0
2018-12-08 06:00:00+00:00,0,0,0,0,0,0
2018-12-08 06:30:00+00:00,0,0,0,0,0,0
2018-12-08 07:00:00+00:00,0,0,0,0,0,0
2018-12-08 07:30:00+00:00,0,0,0,0,0,0
2018-12-08 08:00:00+00:00,0,0,0,0,0,0
2018-12-08 08:30:00+00:00,0,0,0,0,0,0
2018-12-08 09:00:00+00:00,0,0,0,0,0,0
2018-12-08 09:30:00+00:00,0,0,0,0,0,0
2018-12-08 10:00:00+00:00,0,0,0,0,0,0
2018-12-08 10:30:00+00:00,0,0,0,0,0,0
2018-12-08 11:00:00+00:00,0,0,0,0,0,0
2018-12-08 11:30:00+00:00,0,0,0,0,0,0
2018-12-08 12:00:00+00:00,0,0,0,0,0,0
2018-12-08 12:30:00+00:00,0,0,0,0,0,0
2018-12-08 13:00:00+00:00,0,0,0,0,0,0
2018-12-08 13:30:00+00:00,0,0,0,0,0,0
2018-12-08 14:00:00+00:00,0,0,0,0,0,0
2018-12-08 14:30:00+00:00,0,0,0,0,0,0
2018-12-08 15:00:00+00:00,0,0,0,0,0,0
2018-12-08 15:30:00+00:00,0,0,0,0,0,0
2018-12-08 16:00:00+00:00,0,0,0,0,0,0
2018-12-08 16:30:00+00:00,0,0,0,0,0,0
2018-12-08 17:00:00+00:00,0,0,0,0,0,0
2018-12-08 17:30:00+00:00,0,0,0,0,0,0
2018-12-08 18:00:00+00:00,0,0,0,0,0,0
2018-12-08 18:30:00+00:00,0,0,0,0,0,0
2018-12-08 19:00:00+00:00,0,0,0,0,0,0
2018-12-08 19:30:00+00:00,0,0,0,0,0,0
2018-12-08 20:00:00+00:00,0,0,0,0,0,0
2018-12-08 20:30:00+00:00,0,0,0,0,0,0
2018-12-08 21:00:00+00:00,0,0,0,0,0,0
2018-12-08 21:30:00+00:00,0,0,0,0,0,0
2018-12-08 22:00:00+00:00,0,0,0,0,0,0
2018-12-08 22:30:00+00:00,0,0,0,0,0,0
2018-12-08 23:00:00+00:00,0,0,0,0,0,0
2018-12-08 23:30:00+00:00,0,0,0,0,0,0
2018-12-09 00:00:00+00:00,0,0,0,0,0,0
2018-12-09 00:30:00+00:00,0,0,0,0,0,0
2018-12-09 01:00:00+00:00,0,0,0,0,0,0
2018-12-09 01:30:00+00:00,0,0,0,0,0,0
2018-12-09 02:00:00+00:00,0,0,0,0,0,0
2018-12-09 02:30:00+00:00,0,0,0,0,0,0
2018-12-09 03:00:00+00:00,0,0,0,0,0,0
2018-12-09 03:30:00+00:00,0,0,0,0,0,0
2018-12-09 04:00:00+00:00,0,0,0,0,0,0
2018-12-09 04:30:00+00:00,0,0,0,0,0,0
2018-12-09 05:00:00+00:00,0,0,0,0,0,0
2018-12-09 05:30:00+00:00,0,0,0,0,0,0
2018-12-09 06:00:00+00:00,0,0,0,0,0,0
2018-12-09 06:30:00+00:00,0,0,0,0,0,0
2018-12-09 07:00:00+00:00,0,0,0,0,0,0
2018-12-09 07:30:00+00:00,0,0,0,0,0,0
2018-12-09 08:00:00+00:00,0,0,0,0,0,0
2018-12-09 08:30:00+00:00,0,0,0,0,0,0
2018-12-09 09:00:00+00:00,0,0,0,0,0,0
2018-12-09 09:30:00+00:00,0,0,0,0,0,0
2018-12-09 10:00:00+00:00,0,0,0,0,0,0
2018-12-09 10:30:00+00:00,0,0,0,0,0,0
2018-12-09 11:00:00+00:00,0,0,0,0,0,0
2018-12-09 11:30:00+00:00,0,0,0,0,0,0
2018-12-09 12:00:00+00:00,0,0,0,0,0,0
2018-12-09 12:30:00+00:00,0,0,0,0,0,0
2018-12-09 13:00:00+00:00,0,0,0,0,0,0
2018-12-09 13:30:00+00:00,0,0,0,0,0,0
2018-12-09 14:00:00+00:00,0,0,0,0,0,0
2018-12-09 14:30:00+00:00,0,0,0,0,0,0
2018-12-09 15:00:00+00:00,0,0,0,0,0,0
2018-12-09 15:30:00+00:00,0,0,0,0,0,0
2018-12-09 16:00:00+00:00,0,0,0,0,0,0
2018-12-09 16:30:00+00:00,0,0,0,0,0,0
2018-12-09 17:00:00+00:00,0,0,0,0,0,0
2018-12-09 17:30:00+00:00,0,0,0,0,0,0
2018-12-09 18:00:00+00:00,0,0,0,0,0,0
2018-12-09 18:30:00+00:00,0,0,0,0,0,0
2018-12-09 19:00:00+00:00,0,0,0,0,0,0
2018-12-09 19:30:00+00:00,0,0,0,0,0,0
2018-12-09 20:00:00+00:00,0,0,0,0,0,0
2018-12-09 20:30:00+00:00,0,0,0,0,0,0
2018-12-09 21:00:00+00:00,0,0,0,0,0,0
2018-12-09 21:30:00+00:00,0,0,0,0,0,0
2018-12-09 22:00:00+00:00,0,0,0,0,0,0
2018-12-09 22:30:00+00:00,0,0,0,0,0,0
2018-12-09 23:00:00+00:00,0,0,0,0,0,0
2018-12-09 23:30:00+00:00,0,0,0,0,0,0
2018-12-10 00:00:00+00:00,0,0,0,0,0,0
2018-12-10 00:30:00+00:00,0,0,0,0,0,0
2018-12-10 01:00:00+00:00,0,0,0,0,0,0
2018-12-10 01:30:00+00:00,0,0,0,0,0,0
2018-12-10 02:00:00+00:00,0,0,0,0,0,0
2018-12-10 02:30:00+00:00,0,0,0,0,0,0
2018-12-10 03:00:00+00:00,0,0,0,0,0,0
2018-12-10 03:30:00+00:00,0,0,0,0,0,0
2018-12-10 04:00:00+00:00,0,0,0,0,0,0
2018-12-10 04:30:00+00:00,0,0,0,0,0,0
2018-12-10 05:00:00+00:00,0,0,0,0,0,0
2018-12-10 05:30:00+00:00,0,0,0,1,0,1
2018-12-10 06:00:00+00:00,0,0,5,0,0,5
2018-12-10 06:30:00+00:00,0,4,0,0,0,4
2018-12-10 07:00:00+00:00,0,0,0,0,0,0
2018-12-10 07:30:00+00:00,0,4,0,1,0,5
2018-12-10 08:00:00+00:00,0,0,0,0,0,0
2018-12-10 08:30:00+00:00,0,10,2,2,0,14
2018-12-10 09:00:00+00:00,0,2,4,1,0,7
2018-12-10 09:30:00+00:00,0,2,0,9,0,11
2018-12-10 10:00:00+00:00,0,0,4,3,0,7
2018-12-10 10:30:00+00:00,0,0,1,12,0,13
2018-12-10 11:00:00+00:00,0,19,0,37,0,56
2018-12-10 11:30:00+00:00,0,3,1,10,0,14
2018-12-10 12:00:00+00:00,0,11,1,0,0,12
2018-12-10 12:30:00+00:00,0,22,1,14,0,37
2018-12-10 13:00:00+00:00,0,8,1,1,0,10
2018-12-10 13:30:00+00:00,0,2,1,0,0,3
2018-12-10 14:00:00+00:00,0,0,11,1,0,12
2018-12-10 14:30:00+00:00,0,0,0,2,0,2
2018-12-10 15:00:00+00:00,0,1,0,0,0,1
2018-12-10 15:30:00+00:00,0,11,1,1,0,13
2018-12-10 16:00:00+00:00,0,5,0,0,0,5
2018-12-10 16:30:00+00:00,0,0,3,3,0,6
2018-12-10 17:00:00+00:00,0,0,0,0,0,0
2018-12-10 17:30:00+00:00,0,0,1,0,0,1
2018-12-10 18:00:00+00:00,0,0,4,0,0,4
2018-12-10 18:30:00+00:00,0,0,0,0,0,0
2018-12-10 19:00:00+00:00,0,0,1,0,0,1
2018-12-10 19:30:00+00:00,0,0,0,0,0,0
2018-12-10 20:00:00+00:00,0,0,0,0,0,0
2018-12-10 20:30:00+00:00,0,0,0,0,0,0
2018-12-10 21:00:00+00:00,0,0,0,0,0,0
2018-12-10 21:30:00+00:00,0,0,0,0,0,0
2018-12-10 22:00:00+00:00,0,0,0,0,0,0
2018-12-10 22:30:00+00:00,0,0,0,0,11,11
2018-12-10 23:00:00+00:00,0,0,0,0,0,0
2018-12-10 23:30:00+00:00,0,0,0,0,0,0
2018-12-11 00:00:00+00:00,0,0,0,0,0,0
2018-12-11 00:30:00+00:00,0,0,0,0,0,0
2018-12-11 01:00:00+00:00,0,0,0,0,0,0
2018-12-11 01:30:00+00:00,0,0,0,0,0,0
2018-12-11 02:00:00+00:00,0,0,0,0,0,0
2018-12-11 02:30:00+00:00,0,0,0,0,0,0
2018-12-11 03:00:00+00:00,0,0,0,0,0,0
2018-12-11 03:30:00+00:00,0,0,0,1,0,1
2018-12-11 04:00:00+00:00,0,0,0,1,0,1
2018-12-11 04:30:00+00:00,0,0,0,1,0,1
2018-12-11 05:00:00+00:00,0,0,0,0,0,0
2018-12-11 05:30:00+00:00,0,0,0,1,0,1
2018-12-11 06:00:00+00:00,0,0,1,2,0,3
2018-12-11 06:30:00+00:00,0,0,1,0,0,1
2018-12-11 07:00:00+00:00,0,0,0,0,0,0
2018-12-11 07:30:00+00:00,0,2,0,0,0,2
2018-12-11 08:00:00+00:00,0,4,4,39,0,47
2018-12-11 08:30:00+00:00,0,4,0,2,0,6
2018-12-11 09:00:00+00:00,0,13,1,3,0,17
2018-12-11 09:30:00+00:00,0,26,3,38,0,67
2018-12-11 10:00:00+00:00,0,0,0,1,0,1
2018-12-11 10:30:00+00:00,0,0,0,0,0,0
2018-12-11 11:00:00+00:00,98,0,7,0,0,105
2018-12-11 11:30:00+00:00,0,0,0,3,0,3
2018-12-11 12:00:00+00:00,0,2,1,1,0,4
2018-12-11 12:30:00+00:00,0,2,2,3,0,7
2018-12-11 13:00:00+00:00,0,0,11,0,0,11
2018-12-11 13:30:00+00:00,0,2,2,0,0,4
2018-12-11 14:00:00+00:00,0,0,0,0,0,0
2018-12-11 14:30:00+00:00,0,1,1,0,0,2
2018-12-11 15:00:00+00:00,0,0,1,1,0,2
2018-12-11 15:30:00+00:00,0,0,0,0,0,0
2018-12-11 16:00:00+00:00,0,1,1,0,0,2
2018-12-11 16:30:00+00:00,0,0,0,1,0,1
2018-12-11 17:00:00+00:00,0,0,0,0,0,0
2018-12-11 17:30:00+00:00,0,0,0,0,0,0
2018-12-11 18:00:00+00:00,0,0,1,0,0,1
2018-12-11 18:30:00+00:00,0,0,0,0,0,0
2018-12-11 19:00:00+00:00,0,0,3,0,0,3
2018-12-11 19:30:00+00:00,0,0,0,0,0,0
2018-12-11 20:00:00+00:00,0,0,0,0,0,0
2018-12-11 20:30:00+00:00,0,0,0,0,0,0
2018-12-11 21:00:00+00:00,0,0,0,0,0,0
2018-12-11 21:30:00+00:00,0,0,0,0,0,0
2018-12-11 22:00:00+00:00,0,0,0,0,0,0
2018-12-11 22:30:00+00:00,0,0,0,0,11,11
2018-12-11 23:00:00+00:00,0,0,0,0,0,0
2018-12-11 23:30:00+00:00,0,0,0,0,0,0
2018-12-12 00:00:00+00:00,0,0,0,0,0,0
2018-12-12 00:30:00+00:00,0,0,0,0,0,0
2018-12-12 01:00:00+00:00,0,0,0,0,0,0
2018-12-12 01:30:00+00:00,0,0,0,0,0,0
2018-12-12 02:00:00+00:00,0,0,0,0,0,0
2018-12-12 02:30:00+00:00,0,0,0,0,0,0
2018-12-12 03:00:00+00:00,0,0,0,0,0,0
2018-12-12 03:30:00+00:00,0,0,0,0,0,0
2018-12-12 04:00:00+00:00,0,0,0,3,0,3
2018-12-12 04:30:00+00:00,0,0,0,0,0,0
2018-12-12 05:00:00+00:00,0,0,0,0,0,0
2018-12-12 05:30:00+00:00,0,0,0,0,0,0
2018-12-12 06:00:00+00:00,0,0,0,1,0,1
2018-12-12 06:30:00+00:00,0,0,0,0,0,0
2018-12-12 07:00:00+00:00,0,0,0,0,0,0
2018-12-12 07:30:00+00:00,0,8,6,0,0,14
2018-12-12 08:00:00+00:00,0,0,2,2,0,4
2018-12-12 08:30:00+00:00,0,2,7,1,0,10
2018-12-12 09:00:00+00:00,0,0,1,25,0,26
2018-12-12 09:30:00+00:00,0,0,3,0,0,3
2018-12-12 10:00:00+00:00,0,8,0,0,0,8
2018-12-12 10:30:00+00:00,0,2,21,0,0,23
2018-12-12 11:00:00+00:00,0,4,0,8,0,12
2018-12-12 11:30:00+00:00,0,2,0,0,0,2
2018-12-12 12:00:00+00:00,0,1,3,10,0,14
2018-12-12 12:30:00+00:00,0,0,0,2,0,2
2018-12-12 13:00:00+00:00,0,4,0,44,0,48
2018-12-12 13:30:00+00:00,0,0,6,21,0,27
2018-12-12 14:00:00+00:00,0,1,0,21,0,22
2018-12-12 14:30:00+00:00,0,0,3,1,0,4
2018-12-12 15:00:00+00:00,0,0,0,3,0,3
2018-12-12 15:30:00+00:00,0,27,2,1,0,30
2018-12-12 16:00:00+00:00,0,1,0,1,0,2
2018-12-12 16:30:00+00:00,0,0,60,2,0,62
2018-12-12 17:00:00+00:00,0,0,0,0,0,0
2018-12-12 17:30:00+00:00,0,0,0,0,0,0
2018-12-12 18:00:00+00:00,0,0,0,0,0,0
2018-12-12 18:30:00+00:00,0,0,0,0,0,0
2018-12-12 19:00:00+00:00,0,0,0,0,0,0
2018-12-12 19:30:00+00:00,0,0,0,0,0,0
2018-12-12 20:00:00+00:00,0,0,0,0,0,0
2018-12-12 20:30:00+00:00,0,0,0,0,0,0
2018-12-12 21:00:00+00:00,0,0,0,0,0,0
2018-12-12 21:30:00+00:00,0,0,0,0,0,0
2018-12-12 22:00:00+00:00,0,0,0,0,0,0
2018-12-12 22:30:00+00:00,0,0,0,0,12,12
2018-12-12 23:00:00+00:00,0,0,0,0,0,0
2018-12-12 23:30:00+00:00,0,0,0,0,0,0
2018-12-13 00:00:00+00:00,0,0,0,0,0,0
2018-12-13 00:30:00+00:00,0,0,0,0,0,0
2018-12-13 01:00:00+00:00,0,0,0,0,0,0
2018-12-13 01:30:00+00:00,0,0,0,0,0,0
2018-12-13 02:00:00+00:00,0,0,0,0,0,0
2018-12-13 02:30:00+00:00,0,0,0,0,0,0
2018-12-13 03:00:00+00:00,0,0,0,0,0,0
2018-12-13 03:30:00+00:00,0,0,0,0,0,0
2018-12-13 04:00:00+00:00,0,0,0,21,0,21
2018-12-13 04:30:00+00:00,0,0,0,0,0,0
2018-12-13 05:00:00+00:00,0,0,0,0,0,0
2018-12-13 05:30:00+00:00,0,0,0,0,0,0
2018-12-13 06:00:00+00:00,0,0,0,0,0,0
2018-12-13 06:30:00+00:00,0,0,1,0,0,1
2018-12-13 07:00:00+00:00,0,3,2,0,0,5
2018-12-13 07:30:00+00:00,0,13,1,0,0,14
2018-12-13 08:00:00+00:00,0,6,1,1,0,8
2018-12-13 08:30:00+00:00,0,0,0,0,0,0
2018-12-13 09:00:00+00:00,0,4,0,1,0,5
2018-12-13 09:30:00+00:00,0,5,0,0,0,5
2018-12-13 10:00:00+00:00,0,3,1,8,0,12
2018-12-13 10:30:00+00:00,0,0,1,6,0,7
2018-12-13 11:00:00+00:00,0,0,1,3,0,4
2018-12-13 11:30:00+00:00,0,0,13,0,0,13
2018-12-13 12:00:00+00:00,0,0,0,5,0,5
2018-12-13 12:30:00+00:00,0,0,1,7,0,8
2018-12-13 13:00:00+00:00,44,0,1,43,0,88
2018-12-13 13:30:00+00:00,0,6,2,7,0,15
2018-12-13 14:00:00+00:00,0,6,0,0,0,6
2018-12-13 14:30:00+00:00,0,0,0,12,0,12
2018-12-13 15:00:00+00:00,0,12,0,3,0,15
2018-12-13 15:30:00+00:00,0,0,0,14,0,14
2018-12-13 16:00:00+00:00,0,0,0,0,0,0
2018-12-13 16:30:00+00:00,0,0,0,0,0,0
2018-12-13 17:00:00+00:00,0,0,1,0,0,1
2018-12-13 17:30:00+00:00,0,0,0,0,0,0
2018-12-13 18:00:00+00:00,0,1,0,0,0,1
2018-12-13 18:30:00+00:00,0,0,0,0,0,0
2018-12-13 19:00:00+00:00,0,0,0,0,0,0
2018-12-13 19:30:00+00:00,0,0,0,0,0,0
2018-12-13 20:00:00+00:00,0,0,0,0,0,0
2018-12-13 20:30:00+00:00,0,0,0,0,0,0
2018-12-13 21:00:00+00:00,0,0,0,0,0,0
2018-12-13 21:30:00+00:00,0,0,0,0,0,0
2018-12-13 22:00:00+00:00,0,0,0,0,0,0
2018-12-13 22:30:00+00:00,0,0,0,0,3,3
2018-12-13 23:00:00+00:00,0,0,0,0,0,0
2018-12-13 23:30:00+00:00,0,0,0,0,0,0
2018-12-14 00:00:00+00:00,0,0,0,0,0,0
2018-12-14 00:30:00+00:00,0,0,0,0,0,0
2018-12-14 01:00:00+00:00,0,0,0,0,0,0
2018-12-14 01:30:00+00:00,0,0,0,0,0,0
2018-12-14 02:00:00+00:00,0,0,0,0,0,0
2018-12-14 02:30:00+00:00,0,0,0,0,0,0
2018-12-14 03:00:00+00:00,0,0,0,0,0,0
2018-12-14 03:30:00+00:00,0,0,0,0,0,0
2018-12-14 04:00:00+00:00,0,0,0,0,0,0
2018-12-14 04:30:00+00:00,0,0,0,0,0,0
2018-12-14 05:00:00+00:00,0,0,0,0,0,0
2018-12-14 05:30:00+00:00,0,0,0,0,0,0
2018-12-14 06:00:00+00:00,0,0,0,0,0,0
2018-12-14 06:30:00+00:00,0,0,1,9,0,10
2018-12-14 07:00:00+00:00,0,0,0,1,0,1
2018-12-14 07:30:00+00:00,0,0,0,0,0,0
2018-12-14 08:00:00+00:00,0,1,0,0,0,1
2018-12-14 08:30:00+00:00,0,2,1,0,0,3
2018-12-14 09:00:00+00:00,0,8,0,0,0,8
2018-12-14 09:30:00+00:00,0,0,1,4,0,5
2018-12-14 10:00:00+00:00,0,0,2,11,0,13
2018-12-14 10:30:00+00:00,0,0,0,3,0,3
2018-12-14 11:00:00+00:00,0,9,2,1,0,12
2018-12-14 11:30:00+00:00,0,0,1,8,0,9
2018-12-14 12:00:00+00:00,0,1,3,2,0,6
2018-12-14 12:30:00+00:00,0,3,2,0,0,5
2018-12-14 13:00:00+00:00,0,0,0,11,0,11
2018-12-14 13:30:00+00:00,0,5,4,12,0,21
2018-12-14 14:00:00+00:00,0,0,0,1,0,1
2018-12-14 14:30:00+00:00,0,8,7,4,0,19
2018-12-14 15:00:00+00:00,0,2,0,4,0,6
2018-12-14 15:30:00+00:00,2,1,0,0,0,3
2018-12-14 16:00:00+00:00,0,1,0,0,0,1
2018-12-14 16:30:00+00:00,0,1,0,0,0,1
2018-12-14 17:00:00+00:00,0,0,0,0,0,0
2018-12-14 17:30:00+00:00,0,0,0,0,0,0
2018-12-14 18:00:00+00:00,0,0,0,0,0,0
2018-12-14 18:30:00+00:00,0,0,0,0,0,0
2018-12-14 19:00:00+00:00,0,0,1,0,0,1
2018-12-14 19:30:00+00:00,0,0,0,0,0,0
2018-12-14 20:00:00+00:00,0,0,0,0,0,0
2018-12-14 20:30:00+00:00,0,0,0,0,0,0
2018-12-14 21:00:00+00:00,0,0,1,0,0,1
2018-12-14 21:30:00+00:00,0,0,0,0,0,0
2018-12-14 22:00:00+00:00,0,0,0,0,0,0
2018-12-14 22:30:00+00:00,0,0,0,0,25,25
2018-12-14 23:00:00+00:00,0,0,0,0,0,0
2018-12-14 23:30:00+00:00,0,0,0,0,0,0
2018-12-15 00:00:00+00:00,0,0,0,0,0,0
2018-12-15 00:30:00+00:00,0,0,0,0,0,0
2018-12-15 01:00:00+00:00,0,0,1,0,0,1
2018-12-15 01:30:00+00:00,0,0,1,0,0,1
2018-12-15 02:00:00+00:00,0,0,0,0,0,0
2018-12-15 02:30:00+00:00,0,0,0,0,0,0
2018-12-15 03:00:00+00:00,0,0,0,0,0,0
2018-12-15 03:30:00+00:00,0,0,0,0,0,0
2018-12-15 04:00:00+00:00,0,0,0,0,0,0
2018-12-15 04:30:00+00:00,0,0,0,0,0,0
2018-12-15 05:00:00+00:00,0,0,0,0,0,0
2018-12-15 05:30:00+00:00,0,0,0,0,0,0
2018-12-15 06:00:00+00:00,0,0,0,0,0,0
2018-12-15 06:30:00+00:00,0,0,0,0,0,0
2018-12-15 07:00:00+00:00,0,0,0,0,0,0
2018-12-15 07:30:00+00:00,0,0,0,0,0,0
2018-12-15 08:00:00+00:00,0,0,0,0,0,0
2018-12-15 08:30:00+00:00,0,0,0,0,0,0
2018-12-15 09:00:00+00:00,0,0,0,0,0,0
2018-12-15 09:30:00+00:00,0,0,0,0,0,0
2018-12-15 10:00:00+00:00,0,0,0,0,0,0
2018-12-15 10:30:00+00:00,0,0,0,0,0,0
2018-12-15 11:00:00+00:00,0,0,0,0,0,0
2018-12-15 11:30:00+00:00,0,0,0,0,0,0
2018-12-15 12:00:00+00:00,0,0,0,0,0,0
2018-12-15 12:30:00+00:00,0,0,0,0,0,0
2018-12-15 13:00:00+00:00,0,0,0,0,0,0
2018-12-15 13:30:00+00:00,0,0,0,0,0,0
2018-12-15 14:00:00+00:00,0,0,0,0,0,0
2018-12-15 14:30:00+00:00,0,0,0,0,0,0
2018-12-15 15:00:00+00:00,0,0,0,0,0,0
2018-12-15 15:30:00+00:00,0,0,0,0,0,0
2018-12-15 16:00:00+00:00,0,0,0,0,0,0
2018-12-15 16:30:00+00:00,0,0,0,0,0,0
2018-12-15 17:00:00+00:00,0,0,0,0,0,0
2018-12-15 17:30:00+00:00,0,0,0,0,0,0
2018-12-15 18:00:00+00:00,0,0,0,0,0,0
2018-12-15 18:30:00+00:00,0,0,0,0,0,0
2018-12-15 19:00:00+00:00,0,0,0,0,0,0
2018-12-15 19:30:00+00:00,0,0,0,0,0,0
2018-12-15 20:00:00+00:00,0,0,0,0,0,0
2018-12-15 20:30:00+00:00,0,0,0,0,0,0
2018-12-15 21:00:00+00:00,0,0,0,0,0,0
2018-12-15 21:30:00+00:00,0,0,0,0,0,0
2018-12-15 22:00:00+00:00,0,0,0,0,0,0
2018-12-15 22:30:00+00:00,0,0,0,0,0,0
2018-12-15 23:00:00+00:00,0,0,0,0,0,0
2018-12-15 23:30:00+00:00,0,0,0,0,0,0
2018-12-16 00:00:00+00:00,0,0,0,0,0,0
2018-12-16 00:30:00+00:00,0,0,0,0,0,0
2018-12-16 01:00:00+00:00,0,0,0,0,0,0
2018-12-16 01:30:00+00:00,0,0,0,0,0,0
2018-12-16 02:00:00+00:00,0,0,0,0,0,0
2018-12-16 02:30:00+00:00,0,0,0,0,0,0
2018-12-16 03:00:00+00:00,0,0,0,0,0,0
2018-12-16 03:30:00+00:00,0,0,0,0,0,0
2018-12-16 04:00:00+00:00,0,0,0,0,0,0
2018-12-16 04:30:00+00:00,0,0,0,0,0,0
2018-12-16 05:00:00+00:00,0,0,0,0,0,0
2018-12-16 05:30:00+00:00,0,0,0,0,0,0
2018-12-16 06:00:00+00:00,0,0,0,0,0,0
2018-12-16 06:30:00+00:00,0,0,0,0,0,0
2018-12-16 07:00:00+00:00,0,0,0,0,0,0
2018-12-16 07:30:00+00:00,0,0,0,0,0,0
2018-12-16 08:00:00+00:00,0,0,0,0,0,0
2018-12-16 08:30:00+00:00,0,0,0,0,0,0
2018-12-16 09:00:00+00:00,0,0,0,0,0,0
2018-12-16 09:30:00+00:00,0,0,0,0,0,0
2018-12-16 10:00:00+00:00,0,0,0,0,0,0
2018-12-16 10:30:00+00:00,0,0,0,0,0,0
2018-12-16 11:00:00+00:00,0,0,0,0,0,0
2018-12-16 11:30:00+00:00,0,0,0,0,0,0
2018-12-16 12:00:00+00:00,0,0,0,0,0,0
2018-12-16 12:30:00+00:00,0,0,0,0,0,0
2018-12-16 13:00:00+00:00,0,0,0,0,0,0
2018-12-16 13:30:00+00:00,0,0,0,0,0,0
2018-12-16 14:00:00+00:00,0,0,0,0,0,0
2018-12-16 14:30:00+00:00,0,0,0,0,0,0
2018-12-16 15:00:00+00:00,0,0,0,0,0,0
2018-12-16 15:30:00+00:00,0,0,0,0,0,0
2018-12-16 16:00:00+00:00,0,0,0,0,0,0
2018-12-16 16:30:00+00:00,0,0,0,0,0,0
2018-12-16 17:00:00+00:00,0,0,0,0,0,0
2018-12-16 17:30:00+00:00,0,0,0,0,0,0
2018-12-16 18:00:00+00:00,0,0,0,0,0,0
2018-12-16 18:30:00+00:00,0,0,0,0,0,0
2018-12-16 19:00:00+00:00,0,0,0,0,0,0
2018-12-16 19:30:00+00:00,0,0,0,0,0,0
2018-12-16 20:00:00+00:00,0,0,0,0,0,0
2018-12-16 20:30:00+00:00,0,0,0,0,0,0
2018-12-16 21:00:00+00:00,0,4,0,0,0,4
2018-12-16 21:30:00+00:00,0,0,0,0,0,0
2018-12-16 22:00:00+00:00,0,0,0,0,0,0
2018-12-16 22:30:00+00:00,0,0,0,0,0,0
2018-12-16 23:00:00+00:00,0,0,0,0,0,0
2018-12-16 23:30:00+00:00,0,0,0,0,0,0
2018-12-17 00:00:00+00:00,0,0,0,0,0,0
2018-12-17 00:30:00+00:00,0,0,0,0,0,0
2018-12-17 01:00:00+00:00,0,0,0,0,0,0
2018-12-17 01:30:00+00:00,0,0,0,0,0,0
2018-12-17 02:00:00+00:00,0,0,0,0,0,0
2018-12-17 02:30:00+00:00,0,0,0,0,0,0
2018-12-17 03:00:00+00:00,0,0,0,0,0,0
2018-12-17 03:30:00+00:00,0,0,0,0,0,0
2018-12-17 04:00:00+00:00,0,0,0,0,0,0
2018-12-17 04:30:00+00:00,0,0,0,19,0,19
2018-12-17 05:00:00+00:00,0,0,0,0,0,0
2018-12-17 05:30:00+00:00,0,0,0,0,0,0
2018-12-17 06:00:00+00:00,0,0,0,6,0,6
2018-12-17 06:30:00+00:00,0,0,0,0,0,0
2018-12-17 07:00:00+00:00,0,0,0,0,0,0
2018-12-17 07:30:00+00:00,0,1,2,0,0,3
2018-12-17 08:00:00+00:00,0,1,1,1,0,3
2018-12-17 08:30:00+00:00,0,4,9,0,0,13
2018-12-17 09:00:00+00:00,0,5,12,0,0,17
2018-12-17 09:30:00+00:00,0,6,0,1,0,7
2018-12-17 10:00:00+00:00,0,8,0,6,0,14
2018-12-17 10:30:00+00:00,22,12,0,0,0,34
2018-12-17 11:00:00+00:00,0,1,6,0,0,7
2018-12-17 11:30:00+00:00,0,0,1,0,0,1
2018-12-17 12:00:00+00:00,0,0,0,3,0,3
2018-12-17 12:30:00+00:00,0,1,2,2,0,5
2018-12-17 13:00:00+00:00,0,10,1,1,0,12
2018-12-17 13:30:00+00:00,0,4,9,2,0,15
2018-12-17 14:00:00+00:00,0,0,1,1,0,2
2018-12-17 14:30:00+00:00,0,6,0,5,0,11
2018-12-17 15:00:00+00:00,0,3,0,0,0,3
2018-12-17 15:30:00+00:00,0,1,0,0,0,1
2018-12-17 16:00:00+00:00,0,1,4,5,0,10
2018-12-17 16:30:00+00:00,0,1,5,3,0,9
2018-12-17 17:00:00+00:00,0,0,0,3,0,3
2018-12-17 17:30:00+00:00,0,0,0,0,0,0
2018-12-17 18:00:00+00:00,0,0,0,0,0,0
2018-12-17 18:30:00+00:00,0,0,0,0,0,0
2018-12-17 19:00:00+00:00,0,0,0,0,0,0
2018-12-17 19:30:00+00:00,0,0,0,0,0,0
2018-12-17 20:00:00+00:00,0,0,0,0,0,0
2018-12-17 20:30:00+00:00,0,0,0,0,0,0
2018-12-17 21:00:00+00:00,0,0,0,0,0,0
2018-12-17 21:30:00+00:00,0,0,0,0,0,0
2018-12-17 22:00:00+00:00,0,0,0,0,0,0
2018-12-17 22:30:00+00:00,0,0,0,0,1,1
2018-12-17 23:00:00+00:00,0,0,0,0,0,0
2018-12-17 23:30:00+00:00,0,0,0,0,0,0
2018-12-18 00:00:00+00:00,0,0,0,0,0,0
2018-12-18 00:30:00+00:00,0,0,0,0,0,0
2018-12-18 01:00:00+00:00,0,0,0,0,0,0
2018-12-18 01:30:00+00:00,0,0,0,0,0,0
2018-12-18 02:00:00+00:00,0,0,0,0,0,0
2018-12-18 02:30:00+00:00,0,0,1,0,0,1
2018-12-18 03:00:00+00:00,0,0,0,6,0,6
2018-12-18 03:30:00+00:00,0,0,0,0,0,0
2018-12-18 04:00:00+00:00,0,0,0,0,0,0
2018-12-18 04:30:00+00:00,0,0,0,0,0,0
2018-12-18 05:00:00+00:00,0,0,0,0,0,0
2018-12-18 05:30:00+00:00,0,0,1,0,0,1
2018-12-18 06:00:00+00:00,0,0,0,0,0,0
2018-12-18 06:30:00+00:00,0,0,10,0,0,10
2018-12-18 07:00:00+00:00,0,0,6,0,0,6
2018-12-18 07:30:00+00:00,0,0,1,1,0,2
2018-12-18 08:00:00+00:00,0,0,5,0,0,5
2018-12-18 08:30:00+00:00,0,1,0,0,0,1
2018-12-18 09:00:00+00:00,0,0,3,1,0,4
2018-12-18 09:30:00+00:00,0,3,0,0,0,3
2018-12-18 10:00:00+00:00,0,2,7,0,0,9
2018-12-18 10:30:00+00:00,0,8,0,0,0,8
2018-12-18 11:00:00+00:00,1,0,0,0,0,1
2018-12-18 11:30:00+00:00,0,2,8,0,0,10
2018-12-18 12:00:00+00:00,0,0,1,0,0,1
2018-12-18 12:30:00+00:00,0,2,1,1,0,4
2018-12-18 13:00:00+00:00,0,0,1,0,0,1
2018-12-18 13:30:00+00:00,0,0,0,1,0,1
2018-12-18 14:00:00+00:00,0,28,0,4,0,32
2018-12-18 14:30:00+00:00,0,1,0,0,0,1
2018-12-18 15:00:00+00:00,0,0,0,3,0,3
2018-12-18 15:30:00+00:00,0,0,0,0,0,0
2018-12-18 16:00:00+00:00,0,0,3,0,0,3
2018-12-18 16:30:00+00:00,0,0,0,0,0,0
2018-12-18 17:00:00+00:00,0,0,0,0,0,0
2018-12-18 17:30:00+00:00,0,0,0,0,0,0
2018-12-18 18:00:00+00:00,0,0,0,0,0,0
2018-12-18 18:30:00+00:00,0,0,0,0,0,0
2018-12-18 19:00:00+00:00,0,0,1,0,0,1
2018-12-18 19:30:00+00:00,0,0,0,0,0,0
2018-12-18 20:00:00+00:00,0,0,0,0,0,0
2018-12-18 20:30:00+00:00,0,0,0,0,0,0
2018-12-18 21:00:00+00:00,0,0,0,0,0,0
2018-12-18 21:30:00+00:00,0,0,0,0,0,0
2018-12-18 22:00:00+00:00,0,1,0,0,0,1
2018-12-18 22:30:00+00:00,0,0,0,0,19,19
2018-12-18 23:00:00+00:00,0,0,0,0,0,0
2018-12-18 23:30:00+00:00,0,1,0,0,0,1
2018-12-19 00:00:00+00:00,0,0,0,0,0,0
2018-12-19 00:30:00+00:00,0,0,0,0,0,0
2018-12-19 01:00:00+00:00,0,0,0,0,0,0
2018-12-19 01:30:00+00:00,0,0,0,0,0,0
2018-12-19 02:00:00+00:00,0,0,0,0,0,0
2018-12-19 02:30:00+00:00,0,0,0,0,0,0
2018-12-19 03:00:00+00:00,0,0,0,0,0,0
2018-12-19 03:30:00+00:00,0,0,0,0,0,0
2018-12-19 04:00:00+00:00,0,0,0,1,0,1
2018-12-19 04:30:00+00:00,0,0,0,0,0,0
2018-12-19 05:00:00+00:00,0,0,0,0,0,0
2018-12-19 05:30:00+00:00,0,0,0,0,0,0
2018-12-19 06:00:00+00:00,0,0,1,0,0,1
2018-12-19 06:30:00+00:00,0,0,1,0,0,1
2018-12-19 07:00:00+00:00,0,0,0,0,0,0
2018-12-19 07:30:00+00:00,0,0,5,0,0,5
2018-12-19 08:00:00+00:00,0,0,0,0,0,0
2018-12-19 08:30:00+00:00,0,0,4,0,0,4
2018-12-19 09:00:00+00:00,0,0,0,3,0,3
2018-12-19 09:30:00+00:00,0,4,4,6,0,14
2018-12-19 10:00:00+00:00,0,5,1,0,0,6
2018-12-19 10:30:00+00:00,0,4,0,0,0,4
2018-12-19 11:00:00+00:00,0,1,7,0,0,8
2018-12-19 11:30:00+00:00,0,0,0,0,0,0
2018-12-19 12:00:00+00:00,0,1,1,0,0,2
2018-12-19 12:30:00+00:00,0,0,0,0,0,0
2018-12-19 13:00:00+00:00,0,11,0,0,0,11
2018-12-19 13:30:00+00:00,1,10,13,0,0,24
2018-12-19 14:00:00+00:00,0,2,0,1,0,3
2018-12-19 14:30:00+00:00,0,1,1,0,0,2
2018-12-19 15:00:00+00:00,0,1,2,0,0,3
2018-12-19 15:30:00+00:00,0,3,0,1,0,4
2018-12-19 16:00:00+00:00,0,0,0,0,0,0
2018-12-19 16:30:00+00:00,0,0,6,0,0,6
2018-12-19 17:00:00+00:00,0,20,0,0,0,20
2018-12-19 17:30:00+00:00,0,0,0,0,0,0
2018-12-19 18:00:00+00:00,0,0,0,0,0,0
2018-12-19 18:30:00+00:00,0,0,0,0,0,0
2018-12-19 19:00:00+00:00,0,0,0,0,0,0
2018-12-19 19:30:00+00:00,0,0,0,0,0,0
2018-12-19 20:00:00+00:00,0,0,0,0,0,0
2018-12-19 20:30:00+00:00,0,1,0,0,0,1
2018-12-19 21:00:00+00:00,0,0,0,0,0,0
2018-12-19 21:30:00+00:00,0,0,0,0,0,0
2018-12-19 22:00:00+00:00,0,0,0,0,0,0
2018-12-19 22:30:00+00:00,0,0,1,0,36,37
2018-12-19 23:00:00+00:00,0,0,0,0,0,0
2018-12-19 23:30:00+00:00,0,0,0,0,0,0
2018-12-20 00:00:00+00:00,0,0,0,0,0,0
2018-12-20 00:30:00+00:00,0,0,0,0,0,0
2018-12-20 01:00:00+00:00,0,0,0,0,0,0
2018-12-20 01:30:00+00:00,0,0,0,0,0,0
2018-12-20 02:00:00+00:00,0,0,0,0,0,0
2018-12-20 02:30:00+00:00,0,0,0,0,0,0
2018-12-20 03:00:00+00:00,0,0,0,0,0,0
2018-12-20 03:30:00+00:00,0,0,0,0,0,0
2018-12-20 04:00:00+00:00,0,0,0,0,0,0
2018-12-20 04:30:00+00:00,0,0,0,0,0,0
2018-12-20 05:00:00+00:00,0,0,0,0,0,0
2018-12-20 05:30:00+00:00,0,0,0,0,0,0
2018-12-20 06:00:00+00:00,0,0,0,0,0,0
2018-12-20 06:30:00+00:00,0,0,1,0,0,1
2018-12-20 07:00:00+00:00,0,0,0,0,0,0
2018-12-20 07:30:00+00:00,0,0,24,0,0,24
2018-12-20 08:00:00+00:00,0,1,4,5,0,10
2018-12-20 08:30:00+00:00,0,17,1,0,0,18
2018-12-20 09:00:00+00:00,0,0,2,8,0,10
2018-12-20 09:30:00+00:00,0,1,0,2,0,3
2018-12-20 10:00:00+00:00,0,6,0,0,0,6
2018-12-20 10:30:00+00:00,0,0,1,0,0,1
2018-12-20 11:00:00+00:00,0,1,1,4,0,6
2018-12-20 11:30:00+00:00,0,0,0,0,0,0
2018-12-20 12:00:00+00:00,1,11,0,0,0,12
2018-12-20 12:30:00+00:00,0,0,0,0,0,0
2018-12-20 13:00:00+00:00,0,6,0,0,0,6
2018-12-20 13:30:00+00:00,0,4,0,1,0,5
2018-12-20 14:00:00+00:00,0,0,0,0,0,0
2018-12-20 14:30:00+00:00,0,0,0,1,0,1
2018-12-20 15:00:00+00:00,0,3,3,5,0,11
2018-12-20 15:30:00+00:00,0,0,0,0,0,0
2018-12-20 16:00:00+00:00,0,0,1,0,0,1
2018-12-20 16:30:00+00:00,0,0,0,0,0,0
2018-12-20 17:00:00+00:00,0,0,0,0,0,0
2018-12-20 17:30:00+00:00,0,0,0,0,0,0
2018-12-20 18:00:00+00:00,0,0,0,0,0,0
2018-12-20 18:30:00+00:00,0,0,0,0,0,0
2018-12-20 19:00:00+00:00,0,0,1,0,0,1
2018-12-20 19:30:00+00:00,0,0,0,0,0,0
2018-12-20 20:00:00+00:00,0,0,0,0,0,0
2018-12-20 20:30:00+00:00,0,0,0,0,0,0
2018-12-20 21:00:00+00:00,0,0,0,0,0,0
2018-12-20 21:30:00+00:00,0,0,0,0,0,0
2018-12-20 22:00:00+00:00,0,0,0,0,0,0
2018-12-20 22:30:00+00:00,0,0,0,0,3,3
2018-12-20 23:00:00+00:00,0,0,0,0,0,0
2018-12-20 23:30:00+00:00,0,0,0,0,0,0
2018-12-21 00:00:00+00:00,0,0,0,0,0,0
2018-12-21 00:30:00+00:00,0,0,0,0,0,0
2018-12-21 01:00:00+00:00,0,0,0,0,0,0
2018-12-21 01:30:00+00:00,0,0,0,0,0,0
2018-12-21 02:00:00+00:00,0,0,0,0,0,0
2018-12-21 02:30:00+00:00,0,0,0,0,0,0
2018-12-21 03:00:00+00:00,0,0,0,0,0,0
2018-12-21 03:30:00+00:00,0,0,0,0,0,0
2018-12-21 04:00:00+00:00,0,0,0,0,0,0
2018-12-21 04:30:00+00:00,0,0,0,0,0,0
2018-12-21 05:00:00+00:00,0,0,0,1,0,1
2018-12-21 05:30:00+00:00,0,0,0,0,0,0
2018-12-21 06:00:00+00:00,0,0,0,0,0,0
2018-12-21 06:30:00+00:00,0,0,0,1,0,1
2018-12-21 07:00:00+00:00,0,82,0,9,0,91
2018-12-21 07:30:00+00:00,0,0,0,0,0,0
2018-12-21 08:00:00+00:00,0,1,0,0,0,1
2018-12-21 08:30:00+00:00,0,6,1,10,0,17
2018-12-21 09:00:00+00:00,0,1,0,6,0,7
2018-12-21 09:30:00+00:00,1,1,0,0,0,2
2018-12-21 10:00:00+00:00,0,0,0,6,0,6
2018-12-21 10:30:00+00:00,0,0,0,1,0,1
2018-12-21 11:00:00+00:00,0,19,0,1,0,20
2018-12-21 11:30:00+00:00,0,0,8,0,0,8
2018-12-21 12:00:00+00:00,0,1,0,0,0,1
2018-12-21 12:30:00+00:00,0,0,0,0,0,0
2018-12-21 13:00:00+00:00,0,2,0,0,0,2
2018-12-21 13:30:00+00:00,0,3,0,0,0,3
2018-12-21 14:00:00+00:00,0,5,1,0,0,6
2018-12-21 14:30:00+00:00,0,0,0,0,0,0
2018-12-21 15:00:00+00:00,0,0,0,1,0,1
2018-12-21 15:30:00+00:00,0,0,0,0,0,0
2018-12-21 16:00:00+00:00,0,0,0,0,0,0
2018-12-21 16:30:00+00:00,0,0,3,0,0,3
2018-12-21 17:00:00+00:00,0,0,0,0,0,0
2018-12-21 17:30:00+00:00,0,0,0,0,0,0
2018-12-21 18:00:00+00:00,0,0,0,0,0,0
2018-12-21 18:30:00+00:00,0,0,0,0,0,0
2018-12-21 19:00:00+00:00,0,0,0,0,0,0
2018-12-21 19:30:00+00:00,0,0,0,0,0,0
2018-12-21 20:00:00+00:00,0,0,0,0,0,0
2018-12-21 20:30:00+00:00,0,0,0,0,0,0
2018-12-21 21:00:00+00:00,0,0,0,0,0,0
2018-12-21 21:30:00+00:00,0,0,0,0,0,0
2018-12-21 22:00:00+00:00,0,0,0,0,0,0
2018-12-21 22:30:00+00:00,0,0,0,0,1,1
2018-12-21 23:00:00+00:00,0,0,0,0,0,0
2018-12-21 23:30:00+00:00,0,0,0,0,0,0
2018-12-22 00:00:00+00:00,0,0,0,0,0,0
2018-12-22 00:30:00+00:00,0,0,0,0,0,0
2018-12-22 01:00:00+00:00,0,0,0,0,0,0
2018-12-22 01:30:00+00:00,0,0,0,0,0,0
2018-12-22 02:00:00+00:00,0,0,0,0,0,0
2018-12-22 02:30:00+00:00,0,0,0,0,0,0
2018-12-22 03:00:00+00:00,0,0,0,0,0,0
2018-12-22 03:30:00+00:00,0,0,0,0,0,0
2018-12-22 04:00:00+00:00,0,0,0,0,0,0
2018-12-22 04:30:00+00:00,0,0,0,0,0,0
2018-12-22 05:00:00+00:00,0,0,0,0,0,0
2018-12-22 05:30:00+00:00,0,0,0,0,0,0
2018-12-22 06:00:00+00:00,0,0,0,0,0,0
2018-12-22 06:30:00+00:00,0,0,0,0,0,0
2018-12-22 07:00:00+00:00,0,0,0,0,0,0
2018-12-22 07:30:00+00:00,0,0,0,0,0,0
2018-12-22 08:00:00+00:00,0,0,0,0,0,0
2018-12-22 08:30:00+00:00,0,0,0,0,0,0
2018-12-22 09:00:00+00:00,0,0,0,0,0,0
2018-12-22 09:30:00+00:00,0,0,0,0,0,0
2018-12-22 10:00:00+00:00,0,0,0,0,0,0
2018-12-22 10:30:00+00:00,0,0,0,0,0,0
2018-12-22 11:00:00+00:00,0,0,0,0,0,0
2018-12-22 11:30:00+00:00,0,0,0,0,0,0
2018-12-22 12:00:00+00:00,0,0,0,0,0,0
2018-12-22 12:30:00+00:00,0,0,0,0,0,0
2018-12-22 13:00:00+00:00,0,0,0,0,0,0
2018-12-22 13:30:00+00:00,0,0,0,0,0,0
2018-12-22 14:00:00+00:00,0,0,0,0,0,0
2018-12-22 14:30:00+00:00,0,0,0,0,0,0
2018-12-22 15:00:00+00:00,0,0,0,0,0,0
2018-12-22 15:30:00+00:00,0,0,0,0,0,0
2018-12-22 16:00:00+00:00,0,0,0,0,0,0
2018-12-22 16:30:00+00:00,0,0,0,0,0,0
2018-12-22 17:00:00+00:00,0,0,0,0,0,0
2018-12-22 17:30:00+00:00,0,0,0,0,0,0
2018-12-22 18:00:00+00:00,0,0,0,0,0,0
2018-12-22 18:30:00+00:00,0,0,0,0,0,0
2018-12-22 19:00:00+00:00,0,0,0,0,0,0
2018-12-22 19:30:00+00:00,0,0,0,0,0,0
2018-12-22 20:00:00+00:00,0,0,0,0,0,0
2018-12-22 20:30:00+00:00,0,0,0,0,0,0
2018-12-22 21:00:00+00:00,0,0,0,0,0,0
2018-12-22 21:30:00+00:00,0,0,0,0,0,0
2018-12-22 22:00:00+00:00,0,0,0,0,0,0
2018-12-22 22:30:00+00:00,0,0,0,0,0,0
2018-12-22 23:00:00+00:00,0,0,0,0,0,0
2018-12-22 23:30:00+00:00,0,0,0,0,0,0
2018-12-23 00:00:00+00:00,0,0,0,0,0,0
2018-12-23 00:30:00+00:00,0,0,0,0,0,0
2018-12-23 01:00:00+00:00,0,0,0,0,0,0
2018-12-23 01:30:00+00:00,0,0,0,0,0,0
2018-12-23 02:00:00+00:00,0,0,0,0,0,0
2018-12-23 02:30:00+00:00,0,0,0,0,0,0
2018-12-23 03:00:00+00:00,0,0,0,0,0,0
2018-12-23 03:30:00+00:00,0,0,0,0,0,0
2018-12-23 04:00:00+00:00,0,0,0,0,0,0
2018-12-23 04:30:00+00:00,0,0,0,0,0,0
2018-12-23 05:00:00+00:00,0,0,0,0,0,0
2018-12-23 05:30:00+00:00,0,0,0,0,0,0
2018-12-23 06:00:00+00:00,0,0,0,0,0,0
2018-12-23 06:30:00+00:00,0,0,0,0,0,0
2018-12-23 07:00:00+00:00,0,0,0,0,0,0
2018-12-23 07:30:00+00:00,0,0,0,0,0,0
2018-12-23 08:00:00+00:00,0,0,0,0,0,0
2018-12-23 08:30:00+00:00,0,0,0,0,0,0
2018-12-23 09:00:00+00:00,0,0,0,0,0,0
2018-12-23 09:30:00+00:00,0,0,0,0,0,0
2018-12-23 10:00:00+00:00,0,0,0,0,0,0
2018-12-23 10:30:00+00:00,0,0,0,0,0,0
2018-12-23 11:00:00+00:00,0,0,0,0,0,0
2018-12-23 11:30:00+00:00,0,0,0,0,0,0
2018-12-23 12:00:00+00:00,0,0,0,0,0,0
2018-12-23 12:30:00+00:00,0,0,0,0,0,0
2018-12-23 13:00:00+00:00,0,0,0,0,0,0
2018-12-23 13:30:00+00:00,0,0,0,0,0,0
2018-12-23 14:00:00+00:00,0,0,0,0,0,0
2018-12-23 14:30:00+00:00,0,0,0,0,0,0
2018-12-23 15:00:00+00:00,0,0,0,0,0,0
2018-12-23 15:30:00+00:00,0,0,0,0,0,0
2018-12-23 16:00:00+00:00,0,0,0,0,0,0
2018-12-23 16:30:00+00:00,0,0,0,0,0,0
2018-12-23 17:00:00+00:00,0,0,0,0,0,0
2018-12-23 17:30:00+00:00,0,0,0,0,0,0
2018-12-23 18:00:00+00:00,0,0,0,0,0,0
2018-12-23 18:30:00+00:00,0,0,0,0,0,0
2018-12-23 19:00:00+00:00,0,0,0,0,0,0
2018-12-23 19:30:00+00:00,0,0,0,0,0,0
2018-12-23 20:00:00+00:00,0,0,0,0,0,0
2018-12-23 20:30:00+00:00,0,0,0,0,0,0
2018-12-23 21:00:00+00:00,0,0,0,0,0,0
2018-12-23 21:30:00+00:00,0,0,0,0,0,0
2018-12-23 22:00:00+00:00,0,0,0,0,0,0
2018-12-23 22:30:00+00:00,0,0,0,0,0,0
2018-12-23 23:00:00+00:00,0,0,0,0,0,0
2018-12-23 23:30:00+00:00,0,0,0,0,0,0
2018-12-24 00:00:00+00:00,0,0,0,0,0,0
2018-12-24 00:30:00+00:00,0,0,0,0,0,0
2018-12-24 01:00:00+00:00,0,0,0,0,0,0
2018-12-24 01:30:00+00:00,0,0,0,0,0,0
2018-12-24 02:00:00+00:00,0,0,0,0,0,0
2018-12-24 02:30:00+00:00,0,0,0,0,0,0
2018-12-24 03:00:00+00:00,0,0,0,0,0,0
2018-12-24 03:30:00+00:00,0,0,0,14,0,14
2018-12-24 04:00:00+00:00,0,0,0,0,0,0
2018-12-24 04:30:00+00:00,0,0,0,0,0,0
2018-12-24 05:00:00+00:00,0,0,0,5,0,5
2018-12-24 05:30:00+00:00,0,0,0,0,0,0
2018-12-24 06:00:00+00:00,0,0,0,0,0,0
2018-12-24 06:30:00+00:00,0,0,0,0,0,0
2018-12-24 07:00:00+00:00,0,0,0,0,0,0
2018-12-24 07:30:00+00:00,0,0,0,0,0,0
2018-12-24 08:00:00+00:00,0,0,0,0,0,0
2018-12-24 08:30:00+00:00,0,0,0,0,0,0
2018-12-24 09:00:00+00:00,0,0,0,1,0,1
2018-12-24 09:30:00+00:00,0,0,0,0,0,0
2018-12-24 10:00:00+00:00,0,0,1,0,0,1
2018-12-24 10:30:00+00:00,0,0,0,0,0,0
2018-12-24 11:00:00+00:00,0,0,0,0,0,0
2018-12-24 11:30:00+00:00,0,0,0,0,0,0
2018-12-24 12:00:00+00:00,0,0,0,0,0,0
2018-12-24 12:30:00+00:00,0,0,0,0,0,0
2018-12-24 13:00:00+00:00,0,0,0,15,0,15
2018-12-24 13:30:00+00:00,0,0,0,0,0,0
2018-12-24 14:00:00+00:00,0,0,0,0,0,0
2018-12-24 14:30:00+00:00,0,0,0,0,0,0
2018-12-24 15:00:00+00:00,0,0,0,0,0,0
2018-12-24 15:30:00+00:00,0,0,0,0,0,0
2018-12-24 16:00:00+00:00,0,0,0,0,0,0
2018-12-24 16:30:00+00:00,0,0,0,0,0,0
2018-12-24 17:00:00+00:00,0,0,0,0,0,0
2018-12-24 17:30:00+00:00,0,0,0,0,0,0
2018-12-24 18:00:00+00:00,0,0,0,0,0,0
2018-12-24 18:30:00+00:00,0,0,0,0,0,0
2018-12-24 19:00:00+00:00,0,0,0,0,0,0
2018-12-24 19:30:00+00:00,0,0,0,0,0,0
2018-12-24 20:00:00+00:00,0,0,0,0,0,0
2018-12-24 20:30:00+00:00,0,0,0,0,0,0
2018-12-24 21:00:00+00:00,0,0,0,0,0,0
2018-12-24 21:30:00+00:00,0,0,0,0,0,0
2018-12-24 22:00:00+00:00,0,0,0,0,0,0
2018-12-24 22:30:00+00:00,0,0,0,0,0,0
2018-12-24 23:00:00+00:00,0,0,0,0,0,0
2018-12-24 23:30:00+00:00,0,0,0,0,0,0
2018-12-25 00:00:00+00:00,0,0,0,0,0,0
2018-12-25 00:30:00+00:00,0,0,0,0,0,0
2018-12-25 01:00:00+00:00,0,0,0,0,0,0
2018-12-25 01:30:00+00:00,0,0,0,0,0,0
2018-12-25 02:00:00+00:00,0,0,0,0,0,0
2018-12-25 02:30:00+00:00,0,0,0,0,0,0
2018-12-25 03:00:00+00:00,0,0,0,0,0,0
2018-12-25 03:30:00+00:00,0,0,0,0,0,0
2018-12-25 04:00:00+00:00,0,0,0,0,0,0
2018-12-25 04:30:00+00:00,0,0,0,0,0,0
2018-12-25 05:00:00+00:00,0,0,0,0,0,0
2018-12-25 05:30:00+00:00,0,0,0,0,0,0
2018-12-25 06:00:00+00:00,0,0,0,0,0,0
2018-12-25 06:30:00+00:00,0,0,0,0,0,0
2018-12-25 07:00:00+00:00,0,0,0,0,0,0
2018-12-25 07:30:00+00:00,0,0,0,0,0,0
2018-12-25 08:00:00+00:00,0,0,0,0,0,0
2018-12-25 08:30:00+00:00,0,0,0,0,0,0
2018-12-25 09:00:00+00:00,0,0,0,0,0,0
2018-12-25 09:30:00+00:00,0,0,0,0,0,0
2018-12-25 10:00:00+00:00,0,0,0,0,0,0
2018-12-25 10:30:00+00:00,0,0,0,0,0,0
2018-12-25 11:00:00+00:00,0,0,0,0,0,0
2018-12-25 11:30:00+00:00,0,0,0,0,0,0
2018-12-25 12:00:00+00:00,0,0,0,0,0,0
2018-12-25 12:30:00+00:00,0,0,0,0,0,0
2018-12-25 13:00:00+00:00,0,0,0,0,0,0
2018-12-25 13:30:00+00:00,0,0,0,0,0,0
2018-12-25 14:00:00+00:00,0,0,0,0,0,0
2018-12-25 14:30:00+00:00,0,0,0,0,0,0
2018-12-25 15:00:00+00:00,0,0,0,0,0,0
2018-12-25 15:30:00+00:00,0,0,0,0,0,0
2018-12-25 16:00:00+00:00,0,0,0,0,0,0
2018-12-25 16:30:00+00:00,0,0,0,0,0,0
2018-12-25 17:00:00+00:00,0,0,0,0,0,0
2018-12-25 17:30:00+00:00,0,0,0,0,0,0
2018-12-25 18:00:00+00:00,0,0,0,0,0,0
2018-12-25 18:30:00+00:00,0,0,0,0,0,0
2018-12-25 19:00:00+00:00,0,0,0,0,0,0
2018-12-25 19:30:00+00:00,0,0,0,0,0,0
2018-12-25 20:00:00+00:00,0,0,0,0,0,0
2018-12-25 20:30:00+00:00,0,0,0,0,0,0
2018-12-25 21:00:00+00:00,0,0,0,0,0,0
2018-12-25 21:30:00+00:00,0,0,0,0,0,0
2018-12-25 22:00:00+00:00,0,0,0,0,0,0
2018-12-25 22:30:00+00:00,0,0,0,0,0,0
2018-12-25 23:00:00+00:00,0,0,0,0,0,0
2018-12-25 23:30:00+00:00,0,0,0,0,0,0
2018-12-26 00:00:00+00:00,0,0,0,0,0,0
2018-12-26 00:30:00+00:00,0,0,0,0,0,0
2018-12-26 01:00:00+00:00,0,0,0,0,0,0
2018-12-26 01:30:00+00:00,0,0,0,0,0,0
2018-12-26 02:00:00+00:00,0,0,0,0,0,0
2018-12-26 02:30:00+00:00,0,0,0,0,0,0
2018-12-26 03:00:00+00:00,0,0,0,0,0,0
2018-12-26 03:30:00+00:00,0,0,0,0,0,0
2018-12-26 04:00:00+00:00,0,0,0,0,0,0
2018-12-26 04:30:00+00:00,0,0,0,0,0,0
2018-12-26 05:00:00+00:00,0,0,0,0,0,0
2018-12-26 05:30:00+00:00,0,0,0,0,0,0
2018-12-26 06:00:00+00:00,0,0,0,0,0,0
2018-12-26 06:30:00+00:00,0,0,0,0,0,0
2018-12-26 07:00:00+00:00,0,0,0,0,0,0
2018-12-26 07:30:00+00:00,0,0,0,0,0,0
2018-12-26 08:00:00+00:00,0,0,0,0,0,0
2018-12-26 08:30:00+00:00,0,0,0,0,0,0
2018-12-26 09:00:00+00:00,0,0,0,0,0,0
2018-12-26 09:30:00+00:00,0,0,0,0,0,0
2018-12-26 10:00:00+00:00,0,0,0,0,0,0
2018-12-26 10:30:00+00:00,0,0,0,0,0,0
2018-12-26 11:00:00+00:00,0,0,0,0,0,0
2018-12-26 11:30:00+00:00,0,0,0,0,0,0
2018-12-26 12:00:00+00:00,0,0,0,0,0,0
2018-12-26 12:30:00+00:00,0,0,0,0,0,0
2018-12-26 13:00:00+00:00,0,0,0,0,0,0
2018-12-26 13:30:00+00:00,0,0,0,0,0,0
2018-12-26 14:00:00+00:00,0,0,0,0,0,0
2018-12-26 14:30:00+00:00,0,0,0,0,0,0
2018-12-26 15:00:00+00:00,0,0,0,0,0,0
2018-12-26 15:30:00+00:00,0,0,0,0,0,0
2018-12-26 16:00:00+00:00,0,0,0,0,0,0
2018-12-26 16:30:00+00:00,0,0,0,0,0,0
2018-12-26 17:00:00+00:00,0,0,0,0,0,0
2018-12-26 17:30:00+00:00,0,0,0,0,0,0
2018-12-26 18:00:00+00:00,0,0,0,0,0,0
2018-12-26 18:30:00+00:00,0,0,0,0,0,0
2018-12-26 19:00:00+00:00,0,0,0,0,0,0
2018-12-26 19:30:00+00:00,0,0,0,0,0,0
2018-12-26 20:00:00+00:00,0,0,0,0,0,0
2018-12-26 20:30:00+00:00,0,0,0,0,0,0
2018-12-26 21:00:00+00:00,0,0,0,0,0,0
2018-12-26 21:30:00+00:00,0,0,0,0,0,0
2018-12-26 22:00:00+00:00,0,0,0,0,0,0
2018-12-26 22:30:00+00:00,0,0,0,0,0,0
2018-12-26 23:00:00+00:00,0,0,0,0,0,0
2018-12-26 23:30:00+00:00,0,0,0,0,0,0
2018-12-27 00:00:00+00:00,0,0,0,0,0,0
2018-12-27 00:30:00+00:00,0,0,0,0,0,0
2018-12-27 01:00:00+00:00,0,0,0,0,0,0
2018-12-27 01:30:00+00:00,0,0,0,0,0,0
2018-12-27 02:00:00+00:00,0,0,0,0,0,0
2018-12-27 02:30:00+00:00,0,0,0,0,0,0
2018-12-27 03:00:00+00:00,0,0,0,0,0,0
2018-12-27 03:30:00+00:00,0,0,0,0,0,0
2018-12-27 04:00:00+00:00,0,0,0,0,0,0
2018-12-27 04:30:00+00:00,0,0,0,0,0,0
2018-12-27 05:00:00+00:00,0,0,0,0,0,0
2018-12-27 05:30:00+00:00,0,0,0,0,0,0
2018-12-27 06:00:00+00:00,0,0,0,0,0,0
2018-12-27 06:30:00+00:00,0,0,0,0,0,0
2018-12-27 07:00:00+00:00,0,0,0,0,0,0
2018-12-27 07:30:00+00:00,0,0,0,0,0,0
2018-12-27 08:00:00+00:00,0,0,0,0,0,0
2018-12-27 08:30:00+00:00,0,1,0,0,0,1
2018-12-27 09:00:00+00:00,0,0,0,0,0,0
2018-12-27 09:30:00+00:00,0,0,0,0,0,0
2018-12-27 10:00:00+00:00,0,0,0,0,0,0
2018-12-27 10:30:00+00:00,0,0,0,0,0,0
2018-12-27 11:00:00+00:00,0,0,0,0,0,0
2018-12-27 11:30:00+00:00,0,0,0,0,0,0
2018-12-27 12:00:00+00:00,0,0,0,0,0,0
2018-12-27 12:30:00+00:00,0,0,0,1,0,1
2018-12-27 13:00:00+00:00,0,0,0,1,0,1
2018-12-27 13:30:00+00:00,0,0,0,1,0,1
2018-12-27 14:00:00+00:00,0,0,0,0,0,0
2018-12-27 14:30:00+00:00,0,0,0,0,0,0
2018-12-27 15:00:00+00:00,0,0,0,0,0,0
2018-12-27 15:30:00+00:00,0,0,0,1,0,1
2018-12-27 16:00:00+00:00,0,0,0,0,0,0
2018-12-27 16:30:00+00:00,0,0,1,0,0,1
2018-12-27 17:00:00+00:00,0,0,0,0,0,0
2018-12-27 17:30:00+00:00,0,0,0,0,0,0
2018-12-27 18:00:00+00:00,0,0,0,0,0,0
2018-12-27 18:30:00+00:00,0,0,0,0,0,0
2018-12-27 19:00:00+00:00,0,0,0,0,0,0
2018-12-27 19:30:00+00:00,0,0,0,0,0,0
2018-12-27 20:00:00+00:00,0,0,0,0,0,0
2018-12-27 20:30:00+00:00,0,0,0,0,0,0
2018-12-27 21:00:00+00:00,0,0,0,0,0,0
2018-12-27 21:30:00+00:00,0,0,0,0,0,0
2018-12-27 22:00:00+00:00,0,0,0,0,0,0
2018-12-27 22:30:00+00:00,0,0,0,0,0,0
2018-12-27 23:00:00+00:00,0,0,0,0,0,0
2018-12-27 23:30:00+00:00,0,0,0,0,0,0
2018-12-28 00:00:00+00:00,0,0,0,0,0,0
2018-12-28 00:30:00+00:00,0,0,0,0,0,0
2018-12-28 01:00:00+00:00,0,0,0,0,0,0
2018-12-28 01:30:00+00:00,0,0,0,0,0,0
2018-12-28 02:00:00+00:00,0,0,0,0,0,0
2018-12-28 02:30:00+00:00,0,0,0,0,0,0
2018-12-28 03:00:00+00:00,0,0,0,0,0,0
2018-12-28 03:30:00+00:00,0,0,0,0,0,0
2018-12-28 04:00:00+00:00,0,0,0,1,0,1
2018-12-28 04:30:00+00:00,0,0,0,0,0,0
2018-12-28 05:00:00+00:00,0,0,0,0,0,0
2018-12-28 05:30:00+00:00,0,0,0,0,0,0
2018-12-28 06:00:00+00:00,0,0,0,0,0,0
2018-12-28 06:30:00+00:00,0,0,0,0,0,0
2018-12-28 07:00:00+00:00,0,0,0,0,0,0
2018-12-28 07:30:00+00:00,0,0,0,0,0,0
2018-12-28 08:00:00+00:00,0,0,0,0,0,0
2018-12-28 08:30:00+00:00,0,0,0,0,0,0
2018-12-28 09:00:00+00:00,0,0,0,0,0,0
2018-12-28 09:30:00+00:00,0,0,0,0,0,0
2018-12-28 10:00:00+00:00,0,0,0,0,0,0
2018-12-28 10:30:00+00:00,0,0,0,0,0,0
2018-12-28 11:00:00+00:00,0,0,0,0,0,0
2018-12-28 11:30:00+00:00,0,0,0,0,0,0
2018-12-28 12:00:00+00:00,0,0,0,0,0,0
2018-12-28 12:30:00+00:00,0,0,0,2,0,2
2018-12-28 13:00:00+00:00,0,0,0,0,0,0
2018-12-28 13:30:00+00:00,0,0,0,0,0,0
2018-12-28 14:00:00+00:00,0,0,0,0,0,0
2018-12-28 14:30:00+00:00,0,0,0,0,0,0
2018-12-28 15:00:00+00:00,0,0,0,0,0,0
2018-12-28 15:30:00+00:00,0,0,0,0,0,0
2018-12-28 16:00:00+00:00,0,0,0,0,0,0
2018-12-28 16:30:00+00:00,0,0,0,0,0,0
2018-12-28 17:00:00+00:00,0,0,0,0,0,0
2018-12-28 17:30:00+00:00,0,0,0,0,0,0
2018-12-28 18:00:00+00:00,0,0,0,0,0,0
2018-12-28 18:30:00+00:00,0,0,0,0,0,0
2018-12-28 19:00:00+00:00,0,0,0,0,0,0
2018-12-28 19:30:00+00:00,0,0,0,0,0,0
2018-12-28 20:00:00+00:00,0,0,0,0,0,0
2018-12-28 20:30:00+00:00,0,0,0,0,0,0
2018-12-28 21:00:00+00:00,0,0,0,0,0,0
2018-12-28 21:30:00+00:00,0,0,0,0,0,0
2018-12-28 22:00:00+00:00,0,0,0,0,0,0
2018-12-28 22:30:00+00:00,0,0,0,0,0,0
2018-12-28 23:00:00+00:00,0,0,0,0,0,0
2018-12-28 23:30:00+00:00,0,0,0,0,0,0
2018-12-29 00:00:00+00:00,0,0,0,0,0,0
2018-12-29 00:30:00+00:00,0,0,0,0,0,0
2018-12-29 01:00:00+00:00,0,0,0,0,0,0
2018-12-29 01:30:00+00:00,0,0,0,0,0,0
2018-12-29 02:00:00+00:00,0,0,0,0,0,0
2018-12-29 02:30:00+00:00,0,0,0,0,0,0
2018-12-29 03:00:00+00:00,0,0,0,0,0,0
2018-12-29 03:30:00+00:00,0,0,0,0,0,0
2018-12-29 04:00:00+00:00,0,0,0,0,0,0
2018-12-29 04:30:00+00:00,0,0,0,0,0,0
2018-12-29 05:00:00+00:00,0,0,0,0,0,0
2018-12-29 05:30:00+00:00,0,0,0,0,0,0
2018-12-29 06:00:00+00:00,0,0,0,0,0,0
2018-12-29 06:30:00+00:00,0,0,0,0,0,0
2018-12-29 07:00:00+00:00,0,0,0,0,0,0
2018-12-29 07:30:00+00:00,0,0,0,0,0,0
2018-12-29 08:00:00+00:00,0,0,0,0,0,0
2018-12-29 08:30:00+00:00,0,0,0,0,0,0
2018-12-29 09:00:00+00:00,0,0,0,0,0,0
2018-12-29 09:30:00+00:00,0,0,0,0,0,0
2018-12-29 10:00:00+00:00,0,0,0,0,0,0
2018-12-29 10:30:00+00:00,0,0,0,0,0,0
2018-12-29 11:00:00+00:00,0,0,0,0,0,0
2018-12-29 11:30:00+00:00,0,0,0,0,0,0
2018-12-29 12:00:00+00:00,0,0,0,0,0,0
2018-12-29 12:30:00+00:00,0,0,0,0,0,0
2018-12-29 13:00:00+00:00,0,0,0,0,0,0
2018-12-29 13:30:00+00:00,0,0,0,0,0,0
2018-12-29 14:00:00+00:00,0,0,0,0,0,0
2018-12-29 14:30:00+00:00,0,0,0,0,0,0
2018-12-29 15:00:00+00:00,0,0,0,0,0,0
2018-12-29 15:30:00+00:00,0,0,0,0,0,0
2018-12-29 16:00:00+00:00,0,0,0,0,0,0
2018-12-29 16:30:00+00:00,0,0,0,0,0,0
2018-12-29 17:00:00+00:00,0,0,0,0,0,0
2018-12-29 17:30:00+00:00,0,0,0,0,0,0
2018-12-29 18:00:00+00:00,0,0,0,0,0,0
2018-12-29 18:30:00+00:00,0,0,0,0,0,0
2018-12-29 19:00:00+00:00,0,0,0,0,0,0
2018-12-29 19:30:00+00:00,0,0,0,0,0,0
2018-12-29 20:00:00+00:00,0,0,0,0,0,0
2018-12-29 20:30:00+00:00,0,0,0,0,0,0
2018-12-29 21:00:00+00:00,0,0,0,0,0,0
2018-12-29 21:30:00+00:00,0,0,0,0,0,0
2018-12-29 22:00:00+00:00,0,0,0,0,0,0
2018-12-29 22:30:00+00:00,0,0,0,0,0,0
2018-12-29 23:00:00+00:00,0,0,0,0,0,0
2018-12-29 23:30:00+00:00,0,0,0,0,0,0
2018-12-30 00:00:00+00:00,0,0,0,0,0,0
2018-12-30 00:30:00+00:00,0,0,0,0,0,0
2018-12-30 01:00:00+00:00,0,0,0,0,0,0
2018-12-30 01:30:00+00:00,0,0,0,0,0,0
2018-12-30 02:00:00+00:00,0,0,0,0,0,0
2018-12-30 02:30:00+00:00,0,0,0,0,0,0
2018-12-30 03:00:00+00:00,0,0,0,0,0,0
2018-12-30 03:30:00+00:00,0,0,0,0,0,0
2018-12-30 04:00:00+00:00,0,0,0,0,0,0
2018-12-30 04:30:00+00:00,0,0,0,0,0,0
2018-12-30 05:00:00+00:00,0,0,0,0,0,0
2018-12-30 05:30:00+00:00,0,0,0,0,0,0
2018-12-30 06:00:00+00:00,0,0,0,0,0,0
2018-12-30 06:30:00+00:00,0,0,0,0,0,0
2018-12-30 07:00:00+00:00,0,0,0,0,0,0
2018-12-30 07:30:00+00:00,0,0,0,0,0,0
2018-12-30 08:00:00+00:00,0,0,0,0,0,0
2018-12-30 08:30:00+00:00,0,0,0,0,0,0
2018-12-30 09:00:00+00:00,0,0,0,0,0,0
2018-12-30 09:30:00+00:00,0,0,0,0,0,0
2018-12-30 10:00:00+00:00,0,0,0,0,0,0
2018-12-30 10:30:00+00:00,0,0,0,0,0,0
2018-12-30 11:00:00+00:00,0,0,0,0,0,0
2018-12-30 11:30:00+00:00,0,0,0,0,0,0
2018-12-30 12:00:00+00:00,0,0,0,0,0,0
2018-12-30 12:30:00+00:00,0,0,0,0,0,0
2018-12-30 13:00:00+00:00,0,0,0,0,0,0
2018-12-30 13:30:00+00:00,0,0,0,0,0,0
2018-12-30 14:00:00+00:00,0,0,0,0,0,0
2018-12-30 14:30:00+00:00,0,0,0,0,0,0
2018-12-30 15:00:00+00:00,0,0,0,0,0,0
2018-12-30 15:30:00+00:00,0,0,0,0,0,0
2018-12-30 16:00:00+00:00,0,0,0,0,0,0
2018-12-30 16:30:00+00:00,0,0,0,0,0,0
2018-12-30 17:00:00+00:00,0,0,0,0,0,0
2018-12-30 17:30:00+00:00,0,0,0,0,0,0
2018-12-30 18:00:00+00:00,0,0,0,0,0,0
2018-12-30 18:30:00+00:00,0,0,0,0,0,0
2018-12-30 19:00:00+00:00,0,0,0,0,0,0
2018-12-30 19:30:00+00:00,0,0,0,0,0,0
2018-12-30 20:00:00+00:00,0,0,0,0,0,0
2018-12-30 20:30:00+00:00,0,0,0,0,0,0
2018-12-30 21:00:00+00:00,0,0,0,0,0,0
2018-12-30 21:30:00+00:00,0,0,0,0,0,0
2018-12-30 22:00:00+00:00,0,0,0,0,0,0
2018-12-30 22:30:00+00:00,0,0,0,0,0,0
2018-12-30 23:00:00+00:00,0,0,0,0,0,0
2018-12-30 23:30:00+00:00,0,0,0,0,0,0
2018-12-31 00:00:00+00:00,0,0,0,0,0,0
2018-12-31 00:30:00+00:00,0,0,0,0,0,0
2018-12-31 01:00:00+00:00,0,0,0,0,0,0
2018-12-31 01:30:00+00:00,0,0,0,0,0,0
2018-12-31 02:00:00+00:00,0,0,0,0,0,0
2018-12-31 02:30:00+00:00,0,0,0,0,0,0
2018-12-31 03:00:00+00:00,0,0,0,0,0,0
2018-12-31 03:30:00+00:00,0,0,0,0,0,0
2018-12-31 04:00:00+00:00,0,0,0,1,0,1
2018-12-31 04:30:00+00:00,0,0,0,0,0,0
2018-12-31 05:00:00+00:00,0,0,0,0,0,0
2018-12-31 05:30:00+00:00,0,0,0,0,0,0
2018-12-31 06:00:00+00:00,0,0,0,0,0,0
2018-12-31 06:30:00+00:00,0,0,0,0,0,0
2018-12-31 07:00:00+00:00,0,0,0,0,0,0
2018-12-31 07:30:00+00:00,0,0,0,0,0,0
2018-12-31 08:00:00+00:00,0,0,0,0,0,0
2018-12-31 08:30:00+00:00,0,0,0,0,0,0
2018-12-31 09:00:00+00:00,0,0,0,11,0,11
2018-12-31 09:30:00+00:00,0,0,0,0,0,0
2018-12-31 10:00:00+00:00,0,0,0,13,0,13
2018-12-31 10:30:00+00:00,0,0,0,0,0,0
2018-12-31 11:00:00+00:00,0,0,0,0,0,0
2018-12-31 11:30:00+00:00,0,0,0,0,0,0
2018-12-31 12:00:00+00:00,0,0,0,0,0,0
2018-12-31 12:30:00+00:00,0,0,0,0,0,0
2018-12-31 13:00:00+00:00,0,0,0,0,0,0
2018-12-31 13:30:00+00:00,0,0,0,0,0,0
2018-12-31 14:00:00+00:00,0,0,0,0,0,0
2018-12-31 14:30:00+00:00,0,0,0,0,0,0
2018-12-31 15:00:00+00:00,0,0,0,0,0,0
2018-12-31 15:30:00+00:00,0,0,0,0,0,0
2018-12-31 16:00:00+00:00,0,0,0,0,0,0
2018-12-31 16:30:00+00:00,0,0,0,0,0,0
2018-12-31 17:00:00+00:00,0,0,0,0,0,0
2018-12-31 17:30:00+00:00,0,0,0,0,0,0
2018-12-31 18:00:00+00:00,0,0,0,0,0,0
2018-12-31 18:30:00+00:00,0,0,0,0,0,0
2018-12-31 19:00:00+00:00,0,0,0,0,0,0
2018-12-31 19:30:00+00:00,0,0,0,0,0,0
2018-12-31 20:00:00+00:00,0,0,0,0,0,0
2018-12-31 20:30:00+00:00,0,0,0,0,0,0
2018-12-31 21:00:00+00:00,0,0,0,0,0,0
2018-12-31 21:30:00+00:00,0,0,0,0,0,0
2018-12-31 22:00:00+00:00,0,0,0,0,0,0
2018-12-31 22:30:00+00:00,0,0,0,0,0,0
2018-12-31 23:00:00+00:00,0,0,0,0,0,0
2018-12-31 23:30:00+00:00,0,0,0,0,0,0
2019-01-01 00:00:00+00:00,0,0,0,0,0,0
2019-01-01 00:30:00+00:00,0,0,0,0,0,0
2019-01-01 01:00:00+00:00,0,0,0,0,0,0
2019-01-01 01:30:00+00:00,0,0,0,0,0,0
2019-01-01 02:00:00+00:00,0,0,0,0,0,0
2019-01-01 02:30:00+00:00,0,0,0,0,0,0
2019-01-01 03:00:00+00:00,0,0,0,0,0,0
2019-01-01 03:30:00+00:00,0,0,0,0,0,0
2019-01-01 04:00:00+00:00,0,0,0,0,0,0
2019-01-01 04:30:00+00:00,0,0,0,0,0,0
2019-01-01 05:00:00+00:00,0,0,0,0,0,0
2019-01-01 05:30:00+00:00,0,0,0,0,0,0
2019-01-01 06:00:00+00:00,0,0,0,0,0,0
2019-01-01 06:30:00+00:00,0,0,0,0,0,0
2019-01-01 07:00:00+00:00,0,0,0,0,0,0
2019-01-01 07:30:00+00:00,0,0,0,0,0,0
2019-01-01 08:00:00+00:00,0,0,0,0,0,0
2019-01-01 08:30:00+00:00,0,0,0,0,0,0
2019-01-01 09:00:00+00:00,0,0,0,0,0,0
2019-01-01 09:30:00+00:00,0,0,0,0,0,0
2019-01-01 10:00:00+00:00,0,0,0,0,0,0
2019-01-01 10:30:00+00:00,0,0,0,0,0,0
2019-01-01 11:00:00+00:00,0,0,0,0,0,0
2019-01-01 11:30:00+00:00,0,0,0,0,0,0
2019-01-01 12:00:00+00:00,0,0,0,0,0,0
2019-01-01 12:30:00+00:00,0,0,0,0,0,0
2019-01-01 13:00:00+00:00,0,0,0,0,0,0
2019-01-01 13:30:00+00:00,0,0,0,0,0,0
2019-01-01 14:00:00+00:00,0,0,0,0,0,0
2019-01-01 14:30:00+00:00,0,0,0,0,0,0
2019-01-01 15:00:00+00:00,0,0,0,0,0,0
2019-01-01 15:30:00+00:00,0,0,0,0,0,0
2019-01-01 16:00:00+00:00,0,0,0,0,0,0
2019-01-01 16:30:00+00:00,0,0,0,0,0,0
2019-01-01 17:00:00+00:00,0,0,0,0,0,0
2019-01-01 17:30:00+00:00,0,0,0,0,0,0
2019-01-01 18:00:00+00:00,0,0,0,0,0,0
2019-01-01 18:30:00+00:00,0,0,0,0,0,0
2019-01-01 19:00:00+00:00,0,0,0,0,0,0
2019-01-01 19:30:00+00:00,0,0,0,0,0,0
2019-01-01 20:00:00+00:00,0,0,0,0,0,0
2019-01-01 20:30:00+00:00,0,0,0,0,0,0
2019-01-01 21:00:00+00:00,0,0,0,0,0,0
2019-01-01 21:30:00+00:00,0,0,0,0,0,0
2019-01-01 22:00:00+00:00,0,0,0,0,0,0
2019-01-01 22:30:00+00:00,13,0,0,0,0,13
2019-01-01 23:00:00+00:00,0,0,0,0,0,0
2019-01-01 23:30:00+00:00,0,0,0,0,0,0
2019-01-02 00:00:00+00:00,0,0,0,0,0,0
2019-01-02 00:30:00+00:00,0,0,0,0,0,0
2019-01-02 01:00:00+00:00,0,0,0,0,0,0
2019-01-02 01:30:00+00:00,0,0,0,0,0,0
2019-01-02 02:00:00+00:00,0,0,0,0,0,0
2019-01-02 02:30:00+00:00,0,0,0,0,0,0
2019-01-02 03:00:00+00:00,0,0,0,0,0,0
2019-01-02 03:30:00+00:00,0,0,0,0,0,0
2019-01-02 04:00:00+00:00,0,0,0,0,0,0
2019-01-02 04:30:00+00:00,0,0,0,0,0,0
2019-01-02 05:00:00+00:00,0,0,0,0,0,0
2019-01-02 05:30:00+00:00,0,0,0,0,0,0
2019-01-02 06:00:00+00:00,0,0,0,0,0,0
2019-01-02 06:30:00+00:00,0,0,0,0,0,0
2019-01-02 07:00:00+00:00,0,0,0,0,0,0
2019-01-02 07:30:00+00:00,0,0,0,0,0,0
2019-01-02 08:00:00+00:00,0,0,0,0,0,0
2019-01-02 08:30:00+00:00,0,0,1,0,0,1
2019-01-02 09:00:00+00:00,0,0,5,0,0,5
2019-01-02 09:30:00+00:00,0,0,0,0,0,0
2019-01-02 10:00:00+00:00,0,0,0,0,0,0
2019-01-02 10:30:00+00:00,0,0,4,0,0,4
2019-01-02 11:00:00+00:00,0,0,0,0,0,0
2019-01-02 11:30:00+00:00,0,0,0,0,0,0
2019-01-02 12:00:00+00:00,0,0,0,0,0,0
2019-01-02 12:30:00+00:00,0,0,0,0,0,0
2019-01-02 13:00:00+00:00,0,0,0,0,0,0
2019-01-02 13:30:00+00:00,0,0,12,1,0,13
2019-01-02 14:00:00+00:00,0,0,0,0,0,0
2019-01-02 14:30:00+00:00,0,0,2,0,0,2
2019-01-02 15:00:00+00:00,0,0,5,0,0,5
2019-01-02 15:30:00+00:00,0,0,0,0,0,0
2019-01-02 16:00:00+00:00,0,0,0,0,0,0
2019-01-02 16:30:00+00:00,0,0,0,0,0,0
2019-01-02 17:00:00+00:00,0,0,0,0,0,0
2019-01-02 17:30:00+00:00,0,0,0,0,0,0
2019-01-02 18:00:00+00:00,0,0,0,0,0,0
2019-01-02 18:30:00+00:00,0,0,0,0,0,0
2019-01-02 19:00:00+00:00,0,0,0,0,0,0
2019-01-02 19:30:00+00:00,0,0,0,0,0,0
2019-01-02 20:00:00+00:00,0,0,0,0,0,0
2019-01-02 20:30:00+00:00,0,0,0,0,0,0
2019-01-02 21:00:00+00:00,0,0,0,0,0,0
2019-01-02 21:30:00+00:00,0,0,0,0,0,0
2019-01-02 22:00:00+00:00,0,0,0,0,0,0
2019-01-02 22:30:00+00:00,0,0,0,0,0,0
2019-01-02 23:00:00+00:00,0,0,0,0,0,0
2019-01-02 23:30:00+00:00,0,0,0,0,0,0
2019-01-03 00:00:00+00:00,0,0,0,0,0,0
2019-01-03 00:30:00+00:00,0,0,0,0,0,0
2019-01-03 01:00:00+00:00,0,0,0,0,0,0
2019-01-03 01:30:00+00:00,0,0,0,0,0,0
2019-01-03 02:00:00+00:00,0,0,0,0,0,0
2019-01-03 02:30:00+00:00,0,0,0,0,0,0
2019-01-03 03:00:00+00:00,0,0,0,0,0,0
2019-01-03 03:30:00+00:00,0,0,0,0,0,0
2019-01-03 04:00:00+00:00,0,0,0,0,0,0
2019-01-03 04:30:00+00:00,0,0,0,0,0,0
2019-01-03 05:00:00+00:00,0,0,0,0,0,0
2019-01-03 05:30:00+00:00,0,0,0,0,0,0
2019-01-03 06:00:00+00:00,0,0,0,0,0,0
2019-01-03 06:30:00+00:00,0,0,0,0,0,0
2019-01-03 07:00:00+00:00,0,0,0,0,0,0
2019-01-03 07:30:00+00:00,0,0,0,0,0,0
2019-01-03 08:00:00+00:00,0,1,0,0,0,1
2019-01-03 08:30:00+00:00,0,0,1,0,0,1
2019-01-03 09:00:00+00:00,0,0,18,0,0,18
2019-01-03 09:30:00+00:00,0,0,0,2,0,2
2019-01-03 10:00:00+00:00,0,0,2,0,0,2
2019-01-03 10:30:00+00:00,0,0,0,0,0,0
2019-01-03 11:00:00+00:00,0,0,2,0,0,2
2019-01-03 11:30:00+00:00,0,0,2,0,0,2
2019-01-03 12:00:00+00:00,0,0,10,0,0,10
2019-01-03 12:30:00+00:00,0,0,7,1,0,8
2019-01-03 13:00:00+00:00,0,0,0,0,0,0
2019-01-03 13:30:00+00:00,0,1,3,0,0,4
2019-01-03 14:00:00+00:00,0,0,0,0,0,0
2019-01-03 14:30:00+00:00,0,0,0,0,0,0
2019-01-03 15:00:00+00:00,81,0,3,1,0,85
2019-01-03 15:30:00+00:00,0,0,0,0,0,0
2019-01-03 16:00:00+00:00,0,0,0,0,0,0
2019-01-03 16:30:00+00:00,0,0,0,0,0,0
2019-01-03 17:00:00+00:00,0,0,0,0,0,0
2019-01-03 17:30:00+00:00,0,0,0,0,0,0
2019-01-03 18:00:00+00:00,0,0,0,0,0,0
2019-01-03 18:30:00+00:00,0,0,0,0,0,0
2019-01-03 19:00:00+00:00,0,0,0,0,0,0
2019-01-03 19:30:00+00:00,0,0,0,0,0,0
2019-01-03 20:00:00+00:00,0,0,0,0,0,0
2019-01-03 20:30:00+00:00,0,0,0,0,0,0
2019-01-03 21:00:00+00:00,0,0,0,0,0,0
2019-01-03 21:30:00+00:00,0,0,0,0,0,0
2019-01-03 22:00:00+00:00,0,0,0,0,0,0
2019-01-03 22:30:00+00:00,0,0,0,0,0,0
2019-01-03 23:00:00+00:00,0,0,0,0,0,0
2019-01-03 23:30:00+00:00,0,0,0,0,0,0
2019-01-04 00:00:00+00:00,0,0,0,0,0,0
2019-01-04 00:30:00+00:00,0,0,0,0,0,0
2019-01-04 01:00:00+00:00,0,0,0,0,0,0
2019-01-04 01:30:00+00:00,0,0,0,0,0,0
2019-01-04 02:00:00+00:00,0,0,0,0,0,0
2019-01-04 02:30:00+00:00,0,0,0,0,0,0
2019-01-04 03:00:00+00:00,0,0,0,0,0,0
2019-01-04 03:30:00+00:00,0,0,0,0,0,0
2019-01-04 04:00:00+00:00,0,0,0,0,0,0
2019-01-04 04:30:00+00:00,0,0,0,0,0,0
2019-01-04 05:00:00+00:00,0,0,0,0,0,0
2019-01-04 05:30:00+00:00,0,0,0,0,0,0
2019-01-04 06:00:00+00:00,0,0,0,0,0,0
2019-01-04 06:30:00+00:00,0,0,0,0,0,0
2019-01-04 07:00:00+00:00,0,0,1,0,0,1
2019-01-04 07:30:00+00:00,0,0,4,0,0,4
2019-01-04 08:00:00+00:00,0,1,2,0,0,3
2019-01-04 08:30:00+00:00,0,0,11,0,0,11
2019-01-04 09:00:00+00:00,0,0,0,0,0,0
2019-01-04 09:30:00+00:00,0,0,1,0,0,1
2019-01-04 10:00:00+00:00,0,0,0,0,0,0
2019-01-04 10:30:00+00:00,0,0,2,0,0,2
2019-01-04 11:00:00+00:00,0,0,2,0,0,2
2019-01-04 11:30:00+00:00,0,0,0,0,0,0
2019-01-04 12:00:00+00:00,0,0,0,0,0,0
2019-01-04 12:30:00+00:00,0,0,3,0,0,3
2019-01-04 13:00:00+00:00,0,0,0,0,0,0
2019-01-04 13:30:00+00:00,0,0,2,0,0,2
2019-01-04 14:00:00+00:00,10,0,0,1,0,11
2019-01-04 14:30:00+00:00,0,0,8,0,0,8
2019-01-04 15:00:00+00:00,0,1,2,0,0,3
2019-01-04 15:30:00+00:00,0,0,0,0,0,0
2019-01-04 16:00:00+00:00,0,0,1,0,0,1
2019-01-04 16:30:00+00:00,0,0,0,0,0,0
2019-01-04 17:00:00+00:00,0,0,14,0,0,14
2019-01-04 17:30:00+00:00,0,0,0,0,0,0
2019-01-04 18:00:00+00:00,0,0,0,0,0,0
2019-01-04 18:30:00+00:00,0,0,18,0,0,18
2019-01-04 19:00:00+00:00,0,0,4,0,0,4
2019-01-04 19:30:00+00:00,0,0,0,0,0,0
2019-01-04 20:00:00+00:00,0,0,0,0,0,0
2019-01-04 20:30:00+00:00,0,0,0,0,0,0
2019-01-04 21:00:00+00:00,0,0,7,0,0,7
2019-01-04 21:30:00+00:00,0,0,0,0,0,0
2019-01-04 22:00:00+00:00,0,0,0,0,0,0
2019-01-04 22:30:00+00:00,1943,0,0,0,0,1943
2019-01-04 23:00:00+00:00,0,0,0,0,0,0
2019-01-04 23:30:00+00:00,0,0,0,0,0,0
2019-01-05 00:00:00+00:00,0,0,0,0,0,0
2019-01-05 00:30:00+00:00,0,0,0,0,0,0
2019-01-05 01:00:00+00:00,0,0,0,0,0,0
2019-01-05 01:30:00+00:00,0,0,0,0,0,0
2019-01-05 02:00:00+00:00,0,0,0,0,0,0
2019-01-05 02:30:00+00:00,0,0,0,0,0,0
2019-01-05 03:00:00+00:00,0,0,0,0,0,0
2019-01-05 03:30:00+00:00,0,0,0,0,0,0
2019-01-05 04:00:00+00:00,0,0,0,0,0,0
2019-01-05 04:30:00+00:00,0,0,0,0,0,0
2019-01-05 05:00:00+00:00,0,0,0,0,0,0
2019-01-05 05:30:00+00:00,0,0,0,0,0,0
2019-01-05 06:00:00+00:00,0,0,0,0,0,0
2019-01-05 06:30:00+00:00,0,0,0,0,0,0
2019-01-05 07:00:00+00:00,0,0,0,0,0,0
2019-01-05 07:30:00+00:00,0,0,0,0,0,0
2019-01-05 08:00:00+00:00,0,0,0,0,0,0
2019-01-05 08:30:00+00:00,0,0,0,0,0,0
2019-01-05 09:00:00+00:00,0,0,0,0,0,0
2019-01-05 09:30:00+00:00,0,0,0,0,0,0
2019-01-05 10:00:00+00:00,0,0,0,0,0,0
2019-01-05 10:30:00+00:00,0,0,0,0,0,0
2019-01-05 11:00:00+00:00,0,0,0,0,0,0
2019-01-05 11:30:00+00:00,0,0,0,0,0,0
2019-01-05 12:00:00+00:00,0,0,0,0,0,0
2019-01-05 12:30:00+00:00,0,0,0,0,0,0
2019-01-05 13:00:00+00:00,0,0,0,0,0,0
2019-01-05 13:30:00+00:00,0,0,0,0,0,0
2019-01-05 14:00:00+00:00,0,0,0,0,0,0
2019-01-05 14:30:00+00:00,0,0,0,0,0,0
2019-01-05 15:00:00+00:00,0,0,0,0,0,0
2019-01-05 15:30:00+00:00,0,0,0,0,0,0
2019-01-05 16:00:00+00:00,0,0,0,0,0,0
2019-01-05 16:30:00+00:00,0,0,0,0,0,0
2019-01-05 17:00:00+00:00,0,0,0,0,0,0
2019-01-05 17:30:00+00:00,0,0,0,0,0,0
2019-01-05 18:00:00+00:00,0,0,0,0,0,0
2019-01-05 18:30:00+00:00,0,0,0,0,0,0
2019-01-05 19:00:00+00:00,0,0,0,0,0,0
2019-01-05 19:30:00+00:00,0,0,0,0,0,0
2019-01-05 20:00:00+00:00,0,0,0,0,0,0
2019-01-05 20:30:00+00:00,0,0,0,0,0,0
2019-01-05 21:00:00+00:00,0,0,0,0,0,0
2019-01-05 21:30:00+00:00,0,0,0,0,0,0
2019-01-05 22:00:00+00:00,0,0,0,0,0,0
2019-01-05 22:30:00+00:00,4,0,0,0,0,4
2019-01-05 23:00:00+00:00,0,0,0,0,0,0
2019-01-05 23:30:00+00:00,0,0,0,0,0,0
2019-01-06 00:00:00+00:00,0,0,0,0,0,0
2019-01-06 00:30:00+00:00,0,0,0,0,0,0
2019-01-06 01:00:00+00:00,0,0,0,0,0,0
2019-01-06 01:30:00+00:00,0,0,0,0,0,0
2019-01-06 02:00:00+00:00,0,0,0,0,0,0
2019-01-06 02:30:00+00:00,0,0,0,0,0,0
2019-01-06 03:00:00+00:00,0,0,0,0,0,0
2019-01-06 03:30:00+00:00,0,0,0,0,0,0
2019-01-06 04:00:00+00:00,0,0,0,0,0,0
2019-01-06 04:30:00+00:00,0,0,0,0,0,0
2019-01-06 05:00:00+00:00,0,0,0,0,0,0
2019-01-06 05:30:00+00:00,0,0,0,0,0,0
2019-01-06 06:00:00+00:00,0,0,0,0,0,0
2019-01-06 06:30:00+00:00,0,0,0,0,0,0
2019-01-06 07:00:00+00:00,0,0,0,0,0,0
2019-01-06 07:30:00+00:00,0,0,0,0,0,0
2019-01-06 08:00:00+00:00,0,0,0,0,0,0
2019-01-06 08:30:00+00:00,0,0,0,0,0,0
2019-01-06 09:00:00+00:00,0,0,0,0,0,0
2019-01-06 09:30:00+00:00,0,0,0,0,0,0
2019-01-06 10:00:00+00:00,0,0,0,0,0,0
2019-01-06 10:30:00+00:00,0,0,0,0,0,0
2019-01-06 11:00:00+00:00,0,0,0,0,0,0
2019-01-06 11:30:00+00:00,0,0,0,0,0,0
2019-01-06 12:00:00+00:00,0,0,0,0,0,0
2019-01-06 12:30:00+00:00,0,0,0,0,0,0
2019-01-06 13:00:00+00:00,0,0,0,0,0,0
2019-01-06 13:30:00+00:00,0,0,0,0,0,0
2019-01-06 14:00:00+00:00,0,0,0,0,0,0
2019-01-06 14:30:00+00:00,0,0,0,0,0,0
2019-01-06 15:00:00+00:00,0,0,0,0,0,0
2019-01-06 15:30:00+00:00,0,0,0,0,0,0
2019-01-06 16:00:00+00:00,0,0,0,0,0,0
2019-01-06 16:30:00+00:00,0,0,0,0,0,0
2019-01-06 17:00:00+00:00,0,0,0,0,0,0
2019-01-06 17:30:00+00:00,0,0,0,0,0,0
2019-01-06 18:00:00+00:00,0,0,0,0,0,0
2019-01-06 18:30:00+00:00,0,0,0,0,0,0
2019-01-06 19:00:00+00:00,0,0,0,0,0,0
2019-01-06 19:30:00+00:00,0,0,0,0,0,0
2019-01-06 20:00:00+00:00,0,0,0,0,0,0
2019-01-06 20:30:00+00:00,0,0,0,0,0,0
2019-01-06 21:00:00+00:00,0,0,0,0,0,0
2019-01-06 21:30:00+00:00,0,0,0,0,0,0
2019-01-06 22:00:00+00:00,0,0,0,0,0,0
2019-01-06 22:30:00+00:00,39,0,0,0,0,39
2019-01-06 23:00:00+00:00,0,0,0,0,0,0
2019-01-06 23:30:00+00:00,0,0,0,0,0,0
2019-01-07 00:00:00+00:00,0,0,0,0,0,0
2019-01-07 00:30:00+00:00,0,0,0,0,0,0
2019-01-07 01:00:00+00:00,0,0,0,0,0,0
2019-01-07 01:30:00+00:00,0,0,0,0,0,0
2019-01-07 02:00:00+00:00,0,0,0,0,0,0
2019-01-07 02:30:00+00:00,0,0,0,0,0,0
2019-01-07 03:00:00+00:00,0,0,0,0,0,0
2019-01-07 03:30:00+00:00,0,0,0,0,0,0
2019-01-07 04:00:00+00:00,0,0,0,0,0,0
2019-01-07 04:30:00+00:00,0,0,0,0,0,0
2019-01-07 05:00:00+00:00,0,0,0,0,0,0
2019-01-07 05:30:00+00:00,0,0,0,0,0,0
2019-01-07 06:00:00+00:00,0,0,4,0,0,4
2019-01-07 06:30:00+00:00,0,0,0,0,0,0
2019-01-07 07:00:00+00:00,0,0,77,0,0,77
2019-01-07 07:30:00+00:00,0,0,6,0,0,6
2019-01-07 08:00:00+00:00,0,0,1,0,0,1
2019-01-07 08:30:00+00:00,0,0,11,0,0,11
2019-01-07 09:00:00+00:00,0,3,6,0,0,9
2019-01-07 09:30:00+00:00,0,1,1,0,0,2
2019-01-07 10:00:00+00:00,0,0,2,2,0,4
2019-01-07 10:30:00+00:00,0,0,0,0,0,0
2019-01-07 11:00:00+00:00,0,0,0,0,0,0
2019-01-07 11:30:00+00:00,0,0,3,0,0,3
2019-01-07 12:00:00+00:00,0,0,0,0,0,0
2019-01-07 12:30:00+00:00,0,0,1,0,0,1
2019-01-07 13:00:00+00:00,0,1,0,0,0,1
2019-01-07 13:30:00+00:00,0,0,0,0,0,0
2019-01-07 14:00:00+00:00,0,0,1,0,0,1
2019-01-07 14:30:00+00:00,0,0,0,3,0,3
2019-01-07 15:00:00+00:00,0,0,0,0,0,0
2019-01-07 15:30:00+00:00,0,0,1,0,0,1
2019-01-07 16:00:00+00:00,0,0,0,0,0,0
2019-01-07 16:30:00+00:00,0,0,2,0,0,2
2019-01-07 17:00:00+00:00,0,0,5,0,0,5
2019-01-07 17:30:00+00:00,0,0,0,0,0,0
2019-01-07 18:00:00+00:00,0,0,0,0,0,0
2019-01-07 18:30:00+00:00,0,0,0,0,0,0
2019-01-07 19:00:00+00:00,0,0,0,0,0,0
2019-01-07 19:30:00+00:00,0,0,0,0,0,0
2019-01-07 20:00:00+00:00,0,0,0,0,0,0
2019-01-07 20:30:00+00:00,0,0,0,0,0,0
2019-01-07 21:00:00+00:00,0,0,0,0,0,0
2019-01-07 21:30:00+00:00,0,0,0,0,0,0
2019-01-07 22:00:00+00:00,0,0,0,0,0,0
2019-01-07 22:30:00+00:00,0,0,0,0,0,0
2019-01-07 23:00:00+00:00,0,0,0,0,0,0
2019-01-07 23:30:00+00:00,0,0,0,0,0,0
2019-01-08 00:00:00+00:00,0,0,0,0,0,0
2019-01-08 00:30:00+00:00,0,0,0,0,0,0
2019-01-08 01:00:00+00:00,0,0,0,0,0,0
2019-01-08 01:30:00+00:00,0,0,0,0,0,0
2019-01-08 02:00:00+00:00,0,0,0,0,0,0
2019-01-08 02:30:00+00:00,0,0,0,0,0,0
2019-01-08 03:00:00+00:00,0,0,0,0,0,0
2019-01-08 03:30:00+00:00,0,0,0,0,0,0
2019-01-08 04:00:00+00:00,0,0,0,0,0,0
2019-01-08 04:30:00+00:00,0,0,0,0,0,0
2019-01-08 05:00:00+00:00,0,0,0,0,0,0
2019-01-08 05:30:00+00:00,0,0,0,0,0,0
2019-01-08 06:00:00+00:00,0,0,0,0,0,0
2019-01-08 06:30:00+00:00,0,0,0,0,0,0
2019-01-08 07:00:00+00:00,0,0,1,0,0,1
2019-01-08 07:30:00+00:00,0,0,2,0,0,2
2019-01-08 08:00:00+00:00,0,0,2,0,0,2
2019-01-08 08:30:00+00:00,0,0,4,0,0,4
2019-01-08 09:00:00+00:00,0,0,21,0,0,21
2019-01-08 09:30:00+00:00,0,0,5,0,0,5
2019-01-08 10:00:00+00:00,0,0,0,0,0,0
2019-01-08 10:30:00+00:00,0,0,7,0,0,7
2019-01-08 11:00:00+00:00,0,1,1,1,0,3
2019-01-08 11:30:00+00:00,0,1,11,0,0,12
2019-01-08 12:00:00+00:00,0,0,2,0,0,2
2019-01-08 12:30:00+00:00,0,0,12,0,0,12
2019-01-08 13:00:00+00:00,0,0,0,0,0,0
2019-01-08 13:30:00+00:00,0,0,2,0,0,2
2019-01-08 14:00:00+00:00,0,0,0,0,0,0
2019-01-08 14:30:00+00:00,0,0,3,0,0,3
2019-01-08 15:00:00+00:00,0,0,5,0,0,5
2019-01-08 15:30:00+00:00,0,0,3,0,0,3
2019-01-08 16:00:00+00:00,0,0,0,0,0,0
2019-01-08 16:30:00+00:00,0,0,0,0,0,0
2019-01-08 17:00:00+00:00,0,0,0,0,0,0
2019-01-08 17:30:00+00:00,0,0,0,0,0,0
2019-01-08 18:00:00+00:00,0,0,0,0,0,0
2019-01-08 18:30:00+00:00,0,0,0,0,0,0
2019-01-08 19:00:00+00:00,0,0,0,0,0,0
2019-01-08 19:30:00+00:00,0,0,0,0,0,0
2019-01-08 20:00:00+00:00,0,0,0,0,0,0
2019-01-08 20:30:00+00:00,0,0,0,0,0,0
2019-01-08 21:00:00+00:00,0,0,0,0,0,0
2019-01-08 21:30:00+00:00,0,0,0,0,0,0
2019-01-08 22:00:00+00:00,0,0,0,0,0,0
2019-01-08 22:30:00+00:00,0,0,0,0,0,0
2019-01-08 23:00:00+00:00,0,0,0,0,0,0
2019-01-08 23:30:00+00:00,0,0,0,0,0,0
2019-01-09 00:00:00+00:00,0,0,0,0,0,0
2019-01-09 00:30:00+00:00,0,0,0,0,0,0
2019-01-09 01:00:00+00:00,0,0,0,0,0,0
2019-01-09 01:30:00+00:00,0,0,0,0,0,0
2019-01-09 02:00:00+00:00,0,0,0,0,0,0
2019-01-09 02:30:00+00:00,0,0,0,0,0,0
2019-01-09 03:00:00+00:00,0,0,0,0,0,0
2019-01-09 03:30:00+00:00,0,0,0,0,0,0
2019-01-09 04:00:00+00:00,0,0,0,0,0,0
2019-01-09 04:30:00+00:00,0,0,0,0,0,0
2019-01-09 05:00:00+00:00,0,0,0,0,0,0
2019-01-09 05:30:00+00:00,0,0,0,0,0,0
2019-01-09 06:00:00+00:00,0,0,0,0,0,0
2019-01-09 06:30:00+00:00,0,0,0,0,0,0
2019-01-09 07:00:00+00:00,0,1,4,0,0,5
2019-01-09 07:30:00+00:00,0,0,3,0,0,3
2019-01-09 08:00:00+00:00,0,0,16,0,0,16
2019-01-09 08:30:00+00:00,0,0,6,1,0,7
2019-01-09 09:00:00+00:00,0,0,2,1,0,3
2019-01-09 09:30:00+00:00,0,1,1,0,0,2
2019-01-09 10:00:00+00:00,0,0,2,3,0,5
2019-01-09 10:30:00+00:00,0,0,4,0,0,4
2019-01-09 11:00:00+00:00,0,0,7,0,0,7
2019-01-09 11:30:00+00:00,0,0,14,0,0,14
2019-01-09 12:00:00+00:00,0,0,16,0,0,16
2019-01-09 12:30:00+00:00,0,0,0,0,0,0
2019-01-09 13:00:00+00:00,0,0,1,0,0,1
2019-01-09 13:30:00+00:00,0,0,7,0,0,7
2019-01-09 14:00:00+00:00,0,0,3,0,0,3
2019-01-09 14:30:00+00:00,0,0,1,0,0,1
2019-01-09 15:00:00+00:00,0,0,4,0,0,4
2019-01-09 15:30:00+00:00,0,0,0,0,0,0
2019-01-09 16:00:00+00:00,0,0,0,0,0,0
2019-01-09 16:30:00+00:00,0,0,3,0,0,3
2019-01-09 17:00:00+00:00,0,0,0,0,0,0
2019-01-09 17:30:00+00:00,0,0,9,0,0,9
2019-01-09 18:00:00+00:00,0,0,0,0,0,0
2019-01-09 18:30:00+00:00,0,0,0,0,0,0
2019-01-09 19:00:00+00:00,0,0,0,0,0,0
2019-01-09 19:30:00+00:00,0,0,0,0,0,0
2019-01-09 20:00:00+00:00,0,0,0,0,0,0
2019-01-09 20:30:00+00:00,0,0,0,0,0,0
2019-01-09 21:00:00+00:00,0,0,0,0,0,0
2019-01-09 21:30:00+00:00,0,0,0,0,0,0
2019-01-09 22:00:00+00:00,0,0,0,0,0,0
2019-01-09 22:30:00+00:00,0,0,0,0,0,0
2019-01-09 23:00:00+00:00,0,0,0,0,0,0
2019-01-09 23:30:00+00:00,0,0,0,0,0,0
2019-01-10 00:00:00+00:00,0,0,0,0,0,0
2019-01-10 00:30:00+00:00,0,0,0,0,0,0
2019-01-10 01:00:00+00:00,0,0,0,0,0,0
2019-01-10 01:30:00+00:00,0,0,0,0,0,0
2019-01-10 02:00:00+00:00,0,0,0,0,0,0
2019-01-10 02:30:00+00:00,0,0,0,0,0,0
2019-01-10 03:00:00+00:00,0,0,0,0,0,0
2019-01-10 03:30:00+00:00,0,0,0,0,0,0
2019-01-10 04:00:00+00:00,0,0,0,0,0,0
2019-01-10 04:30:00+00:00,0,0,0,0,0,0
2019-01-10 05:00:00+00:00,0,0,0,0,0,0
2019-01-10 05:30:00+00:00,0,0,0,0,0,0
2019-01-10 06:00:00+00:00,0,0,0,0,0,0
2019-01-10 06:30:00+00:00,0,0,1,0,0,1
2019-01-10 07:00:00+00:00,0,0,4,0,0,4
2019-01-10 07:30:00+00:00,0,0,1,0,0,1
2019-01-10 08:00:00+00:00,0,0,4,0,0,4
2019-01-10 08:30:00+00:00,0,0,3,0,0,3
2019-01-10 09:00:00+00:00,0,0,3,3,0,6
2019-01-10 09:30:00+00:00,0,0,0,0,0,0
2019-01-10 10:00:00+00:00,0,0,1,0,0,1
2019-01-10 10:30:00+00:00,0,1,0,1,0,2
2019-01-10 11:00:00+00:00,0,0,2,4,0,6
2019-01-10 11:30:00+00:00,0,0,1,2,0,3
2019-01-10 12:00:00+00:00,0,0,5,0,0,5
2019-01-10 12:30:00+00:00,0,0,7,0,0,7
2019-01-10 13:00:00+00:00,0,0,6,0,0,6
2019-01-10 13:30:00+00:00,0,0,0,0,0,0
2019-01-10 14:00:00+00:00,2,0,0,0,0,2
2019-01-10 14:30:00+00:00,1202,0,0,0,0,1202
2019-01-10 15:00:00+00:00,0,0,0,0,0,0
2019-01-10 15:30:00+00:00,0,0,0,0,0,0
2019-01-10 16:00:00+00:00,0,0,3,0,0,3
2019-01-10 16:30:00+00:00,0,0,0,0,0,0
2019-01-10 17:00:00+00:00,0,0,0,0,0,0
2019-01-10 17:30:00+00:00,0,0,1,0,0,1
2019-01-10 18:00:00+00:00,0,0,0,0,0,0
2019-01-10 18:30:00+00:00,0,0,0,0,0,0
2019-01-10 19:00:00+00:00,0,0,0,0,0,0
2019-01-10 19:30:00+00:00,0,0,0,0,0,0
2019-01-10 20:00:00+00:00,0,0,0,0,0,0
2019-01-10 20:30:00+00:00,0,0,0,0,0,0
2019-01-10 21:00:00+00:00,0,0,0,0,0,0
2019-01-10 21:30:00+00:00,0,0,0,0,0,0
2019-01-10 22:00:00+00:00,0,0,0,0,0,0
2019-01-10 22:30:00+00:00,0,0,0,0,0,0
2019-01-10 23:00:00+00:00,0,0,0,0,0,0
2019-01-10 23:30:00+00:00,0,0,0,0,0,0
2019-01-11 00:00:00+00:00,0,0,0,0,0,0
2019-01-11 00:30:00+00:00,0,0,0,0,0,0
2019-01-11 01:00:00+00:00,0,0,0,0,0,0
2019-01-11 01:30:00+00:00,0,0,0,0,0,0
2019-01-11 02:00:00+00:00,0,0,0,0,0,0
2019-01-11 02:30:00+00:00,0,0,0,1,0,1
2019-01-11 03:00:00+00:00,0,0,0,0,0,0
2019-01-11 03:30:00+00:00,0,0,0,0,0,0
2019-01-11 04:00:00+00:00,0,0,0,0,0,0
2019-01-11 04:30:00+00:00,0,0,0,0,0,0
2019-01-11 05:00:00+00:00,0,0,0,0,0,0
2019-01-11 05:30:00+00:00,0,0,0,1,0,1
2019-01-11 06:00:00+00:00,0,0,0,8,0,8
2019-01-11 06:30:00+00:00,0,0,0,0,0,0
2019-01-11 07:00:00+00:00,0,0,1,0,0,1
2019-01-11 07:30:00+00:00,0,0,0,0,0,0
2019-01-11 08:00:00+00:00,0,0,2,0,0,2
2019-01-11 08:30:00+00:00,0,0,9,0,0,9
2019-01-11 09:00:00+00:00,0,0,8,0,0,8
2019-01-11 09:30:00+00:00,0,0,3,0,0,3
2019-01-11 10:00:00+00:00,0,2,4,0,0,6
2019-01-11 10:30:00+00:00,0,1,1,0,0,2
2019-01-11 11:00:00+00:00,0,0,5,0,0,5
2019-01-11 11:30:00+00:00,0,0,8,0,0,8
2019-01-11 12:00:00+00:00,0,0,4,0,0,4
2019-01-11 12:30:00+00:00,0,1,4,0,0,5
2019-01-11 13:00:00+00:00,0,0,0,0,0,0
2019-01-11 13:30:00+00:00,0,0,0,0,0,0
2019-01-11 14:00:00+00:00,7,0,0,0,0,7
2019-01-11 14:30:00+00:00,0,0,0,0,0,0
2019-01-11 15:00:00+00:00,0,0,0,0,0,0
2019-01-11 15:30:00+00:00,0,0,0,5,0,5
2019-01-11 16:00:00+00:00,0,0,0,0,0,0
2019-01-11 16:30:00+00:00,0,0,3,0,0,3
2019-01-11 17:00:00+00:00,0,0,0,0,0,0
2019-01-11 17:30:00+00:00,0,0,0,0,0,0
2019-01-11 18:00:00+00:00,0,0,0,0,0,0
2019-01-11 18:30:00+00:00,0,0,1,0,0,1
2019-01-11 19:00:00+00:00,0,0,0,0,0,0
2019-01-11 19:30:00+00:00,0,0,0,0,0,0
2019-01-11 20:00:00+00:00,0,0,0,0,0,0
2019-01-11 20:30:00+00:00,0,0,0,0,0,0
2019-01-11 21:00:00+00:00,0,0,0,0,0,0
2019-01-11 21:30:00+00:00,0,0,0,0,0,0
2019-01-11 22:00:00+00:00,0,0,0,0,0,0
2019-01-11 22:30:00+00:00,0,0,0,0,0,0
2019-01-11 23:00:00+00:00,0,0,0,0,0,0
2019-01-11 23:30:00+00:00,0,0,0,0,0,0
2019-01-12 00:00:00+00:00,0,0,0,0,0,0
2019-01-12 00:30:00+00:00,0,0,0,0,0,0
2019-01-12 01:00:00+00:00,0,0,0,0,0,0
2019-01-12 01:30:00+00:00,0,0,0,0,0,0
2019-01-12 02:00:00+00:00,0,0,0,0,0,0
2019-01-12 02:30:00+00:00,0,0,0,0,0,0
2019-01-12 03:00:00+00:00,0,0,0,0,0,0
2019-01-12 03:30:00+00:00,0,0,0,0,0,0
2019-01-12 04:00:00+00:00,0,0,0,0,0,0
2019-01-12 04:30:00+00:00,0,0,0,0,0,0
2019-01-12 05:00:00+00:00,0,0,0,0,0,0
2019-01-12 05:30:00+00:00,0,0,0,0,0,0
2019-01-12 06:00:00+00:00,0,0,0,0,0,0
2019-01-12 06:30:00+00:00,0,0,0,0,0,0
2019-01-12 07:00:00+00:00,0,0,0,0,0,0
2019-01-12 07:30:00+00:00,0,0,0,0,0,0
2019-01-12 08:00:00+00:00,0,0,0,0,0,0
2019-01-12 08:30:00+00:00,0,0,0,0,0,0
2019-01-12 09:00:00+00:00,0,0,0,0,0,0
2019-01-12 09:30:00+00:00,0,0,0,0,0,0
2019-01-12 10:00:00+00:00,0,0,0,0,0,0
2019-01-12 10:30:00+00:00,0,0,65,0,0,65
2019-01-12 11:00:00+00:00,0,0,0,0,0,0
2019-01-12 11:30:00+00:00,0,0,0,0,0,0
2019-01-12 12:00:00+00:00,0,0,0,0,0,0
2019-01-12 12:30:00+00:00,0,0,0,0,0,0
2019-01-12 13:00:00+00:00,0,0,0,0,0,0
2019-01-12 13:30:00+00:00,0,0,0,0,0,0
2019-01-12 14:00:00+00:00,0,0,0,0,0,0
2019-01-12 14:30:00+00:00,0,0,0,0,0,0
2019-01-12 15:00:00+00:00,0,0,0,0,0,0
2019-01-12 15:30:00+00:00,0,0,0,0,0,0
2019-01-12 16:00:00+00:00,0,0,0,0,0,0
2019-01-12 16:30:00+00:00,0,0,0,0,0,0
2019-01-12 17:00:00+00:00,0,0,0,0,0,0
2019-01-12 17:30:00+00:00,0,0,0,0,0,0
2019-01-12 18:00:00+00:00,0,0,0,0,0,0
2019-01-12 18:30:00+00:00,0,0,0,0,0,0
2019-01-12 19:00:00+00:00,0,0,0,0,0,0
2019-01-12 19:30:00+00:00,0,0,0,0,0,0
2019-01-12 20:00:00+00:00,0,0,0,0,0,0
2019-01-12 20:30:00+00:00,0,0,0,0,0,0
2019-01-12 21:00:00+00:00,0,0,0,0,0,0
2019-01-12 21:30:00+00:00,0,0,0,0,0,0
2019-01-12 22:00:00+00:00,0,0,0,0,0,0
2019-01-12 22:30:00+00:00,0,0,0,0,0,0
2019-01-12 23:00:00+00:00,0,0,0,0,0,0
2019-01-12 23:30:00+00:00,0,0,0,0,0,0
2019-01-13 00:00:00+00:00,0,0,0,0,0,0
2019-01-13 00:30:00+00:00,0,0,0,0,0,0
2019-01-13 01:00:00+00:00,0,0,0,0,0,0
2019-01-13 01:30:00+00:00,0,0,0,0,0,0
2019-01-13 02:00:00+00:00,0,0,0,0,0,0
2019-01-13 02:30:00+00:00,0,0,0,0,0,0
2019-01-13 03:00:00+00:00,0,0,0,0,0,0
2019-01-13 03:30:00+00:00,0,0,0,0,0,0
2019-01-13 04:00:00+00:00,0,0,0,0,0,0
2019-01-13 04:30:00+00:00,0,0,0,0,0,0
2019-01-13 05:00:00+00:00,0,0,0,0,0,0
2019-01-13 05:30:00+00:00,0,0,0,0,0,0
2019-01-13 06:00:00+00:00,0,0,0,0,0,0
2019-01-13 06:30:00+00:00,0,0,0,0,0,0
2019-01-13 07:00:00+00:00,0,0,0,0,0,0
2019-01-13 07:30:00+00:00,0,0,0,0,0,0
2019-01-13 08:00:00+00:00,0,0,0,0,0,0
2019-01-13 08:30:00+00:00,0,0,0,0,0,0
2019-01-13 09:00:00+00:00,0,0,0,0,0,0
2019-01-13 09:30:00+00:00,0,0,0,0,0,0
2019-01-13 10:00:00+00:00,0,0,0,0,0,0
2019-01-13 10:30:00+00:00,0,0,0,0,0,0
2019-01-13 11:00:00+00:00,0,0,0,0,0,0
2019-01-13 11:30:00+00:00,0,0,0,0,0,0
2019-01-13 12:00:00+00:00,0,0,0,0,0,0
2019-01-13 12:30:00+00:00,0,0,0,0,0,0
2019-01-13 13:00:00+00:00,0,0,0,0,0,0
2019-01-13 13:30:00+00:00,0,0,0,0,0,0
2019-01-13 14:00:00+00:00,0,0,0,0,0,0
2019-01-13 14:30:00+00:00,0,0,0,0,0,0
2019-01-13 15:00:00+00:00,0,0,0,0,0,0
2019-01-13 15:30:00+00:00,0,0,0,0,0,0
2019-01-13 16:00:00+00:00,0,0,0,0,0,0
2019-01-13 16:30:00+00:00,0,0,0,0,0,0
2019-01-13 17:00:00+00:00,0,0,0,0,0,0
2019-01-13 17:30:00+00:00,0,0,0,0,0,0
2019-01-13 18:00:00+00:00,0,0,0,0,0,0
2019-01-13 18:30:00+00:00,0,0,0,0,0,0
2019-01-13 19:00:00+00:00,0,0,0,0,0,0
2019-01-13 19:30:00+00:00,0,0,0,0,0,0
2019-01-13 20:00:00+00:00,0,0,0,0,0,0
2019-01-13 20:30:00+00:00,0,0,0,0,0,0
2019-01-13 21:00:00+00:00,0,0,0,0,0,0
2019-01-13 21:30:00+00:00,0,0,0,0,0,0
2019-01-13 22:00:00+00:00,0,0,0,0,0,0
2019-01-13 22:30:00+00:00,0,0,0,0,0,0
2019-01-13 23:00:00+00:00,0,0,0,0,0,0
2019-01-13 23:30:00+00:00,0,0,0,0,0,0
2019-01-14 00:00:00+00:00,0,0,0,0,0,0
2019-01-14 00:30:00+00:00,0,0,0,0,0,0
2019-01-14 01:00:00+00:00,0,0,0,0,0,0
2019-01-14 01:30:00+00:00,0,0,0,0,0,0
2019-01-14 02:00:00+00:00,0,0,0,0,0,0
2019-01-14 02:30:00+00:00,0,0,0,0,0,0
2019-01-14 03:00:00+00:00,0,0,0,0,0,0
2019-01-14 03:30:00+00:00,0,0,0,0,0,0
2019-01-14 04:00:00+00:00,0,0,0,0,0,0
2019-01-14 04:30:00+00:00,0,0,0,0,0,0
2019-01-14 05:00:00+00:00,0,0,0,0,0,0
2019-01-14 05:30:00+00:00,0,0,0,0,0,0
2019-01-14 06:00:00+00:00,0,0,0,0,0,0
2019-01-14 06:30:00+00:00,0,0,0,0,0,0
2019-01-14 07:00:00+00:00,0,0,0,0,0,0
2019-01-14 07:30:00+00:00,0,0,0,0,0,0
2019-01-14 08:00:00+00:00,0,0,7,0,0,7
2019-01-14 08:30:00+00:00,0,0,2,0,0,2
2019-01-14 09:00:00+00:00,0,0,36,0,0,36
2019-01-14 09:30:00+00:00,0,0,7,4,0,11
2019-01-14 10:00:00+00:00,0,0,23,0,0,23
2019-01-14 10:30:00+00:00,0,0,29,0,0,29
2019-01-14 11:00:00+00:00,0,0,7,0,0,7
2019-01-14 11:30:00+00:00,0,0,16,0,0,16
2019-01-14 12:00:00+00:00,0,0,4,0,0,4
2019-01-14 12:30:00+00:00,0,0,2,0,0,2
2019-01-14 13:00:00+00:00,0,0,3,0,0,3
2019-01-14 13:30:00+00:00,0,0,3,0,0,3
2019-01-14 14:00:00+00:00,0,0,0,0,0,0
2019-01-14 14:30:00+00:00,0,0,0,0,0,0
2019-01-14 15:00:00+00:00,0,0,1,0,0,1
2019-01-14 15:30:00+00:00,0,0,6,0,0,6
2019-01-14 16:00:00+00:00,0,0,0,0,0,0
2019-01-14 16:30:00+00:00,0,0,0,0,0,0
2019-01-14 17:00:00+00:00,0,0,0,0,0,0
2019-01-14 17:30:00+00:00,0,0,0,0,0,0
2019-01-14 18:00:00+00:00,0,0,1,0,0,1
2019-01-14 18:30:00+00:00,0,0,0,0,0,0
2019-01-14 19:00:00+00:00,0,0,0,0,0,0
2019-01-14 19:30:00+00:00,0,0,0,0,0,0
2019-01-14 20:00:00+00:00,0,0,0,0,0,0
2019-01-14 20:30:00+00:00,0,0,0,0,0,0
2019-01-14 21:00:00+00:00,0,0,8,0,0,8
2019-01-14 21:30:00+00:00,0,0,0,0,0,0
2019-01-14 22:00:00+00:00,0,0,0,0,0,0
2019-01-14 22:30:00+00:00,0,0,0,0,0,0
2019-01-14 23:00:00+00:00,0,0,0,0,0,0
2019-01-14 23:30:00+00:00,0,0,0,0,0,0
2019-01-15 00:00:00+00:00,0,0,0,0,0,0
2019-01-15 00:30:00+00:00,0,0,0,0,0,0
2019-01-15 01:00:00+00:00,0,0,0,0,0,0
2019-01-15 01:30:00+00:00,0,0,0,0,0,0
2019-01-15 02:00:00+00:00,0,0,0,0,0,0
2019-01-15 02:30:00+00:00,0,0,0,0,0,0
2019-01-15 03:00:00+00:00,0,0,0,0,0,0
2019-01-15 03:30:00+00:00,0,0,0,0,0,0
2019-01-15 04:00:00+00:00,0,0,0,0,0,0
2019-01-15 04:30:00+00:00,0,0,0,0,0,0
2019-01-15 05:00:00+00:00,0,0,0,0,0,0
2019-01-15 05:30:00+00:00,0,0,0,0,0,0
2019-01-15 06:00:00+00:00,0,0,0,0,0,0
2019-01-15 06:30:00+00:00,0,0,1,0,0,1
2019-01-15 07:00:00+00:00,0,0,2,0,0,2
2019-01-15 07:30:00+00:00,0,0,5,0,0,5
2019-01-15 08:00:00+00:00,0,0,5,0,0,5
2019-01-15 08:30:00+00:00,0,1,3,0,0,4
2019-01-15 09:00:00+00:00,0,0,4,0,0,4
2019-01-15 09:30:00+00:00,0,0,2,0,0,2
2019-01-15 10:00:00+00:00,0,0,5,0,0,5
2019-01-15 10:30:00+00:00,0,0,4,0,0,4
2019-01-15 11:00:00+00:00,84,0,1,0,0,85
2019-01-15 11:30:00+00:00,0,0,3,0,0,3
2019-01-15 12:00:00+00:00,0,0,1,0,0,1
2019-01-15 12:30:00+00:00,0,0,7,0,0,7
2019-01-15 13:00:00+00:00,0,2,3,0,0,5
2019-01-15 13:30:00+00:00,0,0,0,1,0,1
2019-01-15 14:00:00+00:00,0,0,0,0,0,0
2019-01-15 14:30:00+00:00,0,0,1,1,0,2
2019-01-15 15:00:00+00:00,0,0,0,0,0,0
2019-01-15 15:30:00+00:00,0,0,0,0,0,0
2019-01-15 16:00:00+00:00,0,0,0,0,0,0
2019-01-15 16:30:00+00:00,0,0,2,0,0,2
2019-01-15 17:00:00+00:00,0,0,0,0,0,0
2019-01-15 17:30:00+00:00,0,0,0,0,0,0
2019-01-15 18:00:00+00:00,0,0,0,0,0,0
2019-01-15 18:30:00+00:00,0,0,1,0,0,1
2019-01-15 19:00:00+00:00,0,0,0,0,0,0
2019-01-15 19:30:00+00:00,0,0,0,0,0,0
2019-01-15 20:00:00+00:00,0,0,1,0,0,1
2019-01-15 20:30:00+00:00,0,0,0,0,0,0
2019-01-15 21:00:00+00:00,0,0,0,0,0,0
2019-01-15 21:30:00+00:00,0,0,0,0,0,0
2019-01-15 22:00:00+00:00,0,0,0,0,0,0
2019-01-15 22:30:00+00:00,0,0,0,0,0,0
2019-01-15 23:00:00+00:00,0,0,0,0,0,0
2019-01-15 23:30:00+00:00,0,0,0,0,0,0
2019-01-16 00:00:00+00:00,0,0,0,0,0,0
2019-01-16 00:30:00+00:00,0,0,0,0,0,0
2019-01-16 01:00:00+00:00,0,0,0,0,0,0
2019-01-16 01:30:00+00:00,0,0,0,0,0,0
2019-01-16 02:00:00+00:00,0,0,0,0,0,0
2019-01-16 02:30:00+00:00,0,0,0,0,0,0
2019-01-16 03:00:00+00:00,0,0,0,0,0,0
2019-01-16 03:30:00+00:00,0,0,0,0,0,0
2019-01-16 04:00:00+00:00,0,0,0,0,0,0
2019-01-16 04:30:00+00:00,0,0,0,0,0,0
2019-01-16 05:00:00+00:00,0,0,0,0,0,0
2019-01-16 05:30:00+00:00,0,0,0,0,0,0
2019-01-16 06:00:00+00:00,0,0,0,0,0,0
2019-01-16 06:30:00+00:00,0,0,0,0,0,0
2019-01-16 07:00:00+00:00,0,0,0,0,0,0
2019-01-16 07:30:00+00:00,0,0,2,0,0,2
2019-01-16 08:00:00+00:00,0,0,0,0,0,0
2019-01-16 08:30:00+00:00,0,0,3,0,0,3
2019-01-16 09:00:00+00:00,0,0,4,0,0,4
2019-01-16 09:30:00+00:00,0,0,7,0,0,7
2019-01-16 10:00:00+00:00,0,0,10,1,0,11
2019-01-16 10:30:00+00:00,0,0,2,0,0,2
2019-01-16 11:00:00+00:00,0,0,1,1,0,2
2019-01-16 11:30:00+00:00,0,0,2,1,0,3
2019-01-16 12:00:00+00:00,0,1,2,0,0,3
2019-01-16 12:30:00+00:00,0,0,2,0,0,2
2019-01-16 13:00:00+00:00,0,0,6,0,0,6
2019-01-16 13:30:00+00:00,0,0,1,0,0,1
2019-01-16 14:00:00+00:00,0,0,2,0,0,2
2019-01-16 14:30:00+00:00,0,0,0,0,0,0
2019-01-16 15:00:00+00:00,0,0,0,0,0,0
2019-01-16 15:30:00+00:00,0,0,0,1,0,1
2019-01-16 16:00:00+00:00,0,0,4,0,0,4
2019-01-16 16:30:00+00:00,0,0,2,0,0,2
2019-01-16 17:00:00+00:00,0,0,1,0,0,1
2019-01-16 17:30:00+00:00,0,0,0,0,0,0
2019-01-16 18:00:00+00:00,0,0,0,0,0,0
2019-01-16 18:30:00+00:00,0,0,0,0,0,0
2019-01-16 19:00:00+00:00,0,0,0,0,0,0
2019-01-16 19:30:00+00:00,0,0,0,0,0,0
2019-01-16 20:00:00+00:00,0,0,0,0,0,0
2019-01-16 20:30:00+00:00,0,0,5,0,0,5
2019-01-16 21:00:00+00:00,0,0,8,0,0,8
2019-01-16 21:30:00+00:00,0,0,0,0,0,0
2019-01-16 22:00:00+00:00,0,0,0,0,0,0
2019-01-16 22:30:00+00:00,0,0,0,0,0,0
2019-01-16 23:00:00+00:00,0,0,0,0,0,0
2019-01-16 23:30:00+00:00,0,0,0,0,0,0
2019-01-17 00:00:00+00:00,0,0,0,0,0,0
2019-01-17 00:30:00+00:00,0,0,0,0,0,0
2019-01-17 01:00:00+00:00,0,0,0,0,0,0
2019-01-17 01:30:00+00:00,0,0,0,0,0,0
2019-01-17 02:00:00+00:00,0,0,0,0,0,0
2019-01-17 02:30:00+00:00,0,0,0,0,0,0
2019-01-17 03:00:00+00:00,0,0,0,0,0,0
2019-01-17 03:30:00+00:00,0,0,0,0,0,0
2019-01-17 04:00:00+00:00,0,0,0,0,0,0
2019-01-17 04:30:00+00:00,0,0,0,0,0,0
2019-01-17 05:00:00+00:00,0,0,0,0,0,0
2019-01-17 05:30:00+00:00,0,0,2,0,0,2
2019-01-17 06:00:00+00:00,0,0,1,0,0,1
2019-01-17 06:30:00+00:00,0,0,0,0,0,0
2019-01-17 07:00:00+00:00,0,0,4,0,0,4
2019-01-17 07:30:00+00:00,0,0,2,0,0,2
2019-01-17 08:00:00+00:00,0,0,0,0,0,0
2019-01-17 08:30:00+00:00,0,0,2,0,0,2
2019-01-17 09:00:00+00:00,0,0,2,0,0,2
2019-01-17 09:30:00+00:00,0,0,2,0,0,2
2019-01-17 10:00:00+00:00,0,0,2,0,0,2
2019-01-17 10:30:00+00:00,0,0,0,2,0,2
2019-01-17 11:00:00+00:00,0,1,3,1,0,5
2019-01-17 11:30:00+00:00,0,0,8,0,0,8
2019-01-17 12:00:00+00:00,0,0,2,0,0,2
2019-01-17 12:30:00+00:00,0,0,5,0,0,5
2019-01-17 13:00:00+00:00,0,0,6,0,0,6
2019-01-17 13:30:00+00:00,112,0,2,0,0,114
2019-01-17 14:00:00+00:00,0,0,10,0,0,10
2019-01-17 14:30:00+00:00,0,0,0,0,0,0
2019-01-17 15:00:00+00:00,0,0,5,0,0,5
2019-01-17 15:30:00+00:00,0,0,0,0,0,0
2019-01-17 16:00:00+00:00,0,0,5,0,0,5
2019-01-17 16:30:00+00:00,0,0,2,0,0,2
2019-01-17 17:00:00+00:00,0,0,0,0,0,0
2019-01-17 17:30:00+00:00,0,0,0,0,0,0
2019-01-17 18:00:00+00:00,0,0,0,0,0,0
2019-01-17 18:30:00+00:00,0,0,0,0,0,0
2019-01-17 19:00:00+00:00,0,0,0,0,0,0
2019-01-17 19:30:00+00:00,0,0,0,0,0,0
2019-01-17 20:00:00+00:00,0,0,0,0,0,0
2019-01-17 20:30:00+00:00,0,0,0,0,0,0
2019-01-17 21:00:00+00:00,0,0,1,0,0,1
2019-01-17 21:30:00+00:00,0,0,0,0,0,0
2019-01-17 22:00:00+00:00,0,0,0,0,0,0
2019-01-17 22:30:00+00:00,0,0,0,0,0,0
2019-01-17 23:00:00+00:00,0,0,0,0,0,0
2019-01-17 23:30:00+00:00,0,0,0,0,0,0
2019-01-18 00:00:00+00:00,0,0,0,0,0,0
2019-01-18 00:30:00+00:00,0,0,0,0,0,0
2019-01-18 01:00:00+00:00,0,0,0,0,0,0
2019-01-18 01:30:00+00:00,0,0,0,0,0,0
2019-01-18 02:00:00+00:00,0,0,0,0,0,0
2019-01-18 02:30:00+00:00,0,0,0,0,0,0
2019-01-18 03:00:00+00:00,0,0,0,0,0,0
2019-01-18 03:30:00+00:00,0,0,0,0,0,0
2019-01-18 04:00:00+00:00,0,0,0,0,0,0
2019-01-18 04:30:00+00:00,0,0,0,0,0,0
2019-01-18 05:00:00+00:00,0,0,0,0,0,0
2019-01-18 05:30:00+00:00,0,0,0,0,0,0
2019-01-18 06:00:00+00:00,0,0,0,0,0,0
2019-01-18 06:30:00+00:00,0,0,0,0,0,0
2019-01-18 07:00:00+00:00,0,0,0,0,0,0
2019-01-18 07:30:00+00:00,0,0,0,0,0,0
2019-01-18 08:00:00+00:00,0,0,0,0,0,0
2019-01-18 08:30:00+00:00,0,0,0,0,0,0
2019-01-18 09:00:00+00:00,0,0,0,0,0,0
2019-01-18 09:30:00+00:00,0,0,0,0,0,0
2019-01-18 10:00:00+00:00,0,0,1,0,0,1
2019-01-18 10:30:00+00:00,0,0,0,0,0,0
